date,target_nasdaq_change_volatility_next
2014-09-17,0.0
2014-09-18,
2014-09-19,
2014-09-20,
2014-09-21,
2014-09-22,
2014-09-23,
2014-09-24,
2014-09-25,
2014-09-26,
2014-09-27,
2014-09-28,
2014-09-29,
2014-09-30,
2014-10-01,
2014-10-02,
2014-10-03,
2014-10-04,
2014-10-05,
2014-10-06,
2014-10-07,
2014-10-08,
2014-10-09,
2014-10-10,
2014-10-11,
2014-10-12,
2014-10-13,
2014-10-14,
2014-10-15,
2014-10-16,
2014-10-17,
2014-10-18,
2014-10-19,
2014-10-20,
2014-10-21,
2014-10-22,
2014-10-23,
2014-10-24,
2014-10-25,
2014-10-26,
2014-10-27,
2014-10-28,
2014-10-29,
2014-10-30,-0.3739900586509637
2014-10-31,2.04938827724781
2014-11-01,0.0
2014-11-02,0.0
2014-11-03,-1.547272940444333
2014-11-04,-0.0918580845324701
2014-11-05,-1.0089696280731864
2014-11-06,-4.751415738335685
2014-11-07,-0.9566603335182
2014-11-08,0.0
2014-11-09,0.0
2014-11-10,0.053768718742142
2014-11-11,-0.186159986933676
2014-11-12,-3.958011244317872
2014-11-13,0.0082484861918086
2014-11-14,-1.0041809680417568
2014-11-15,0.0
2014-11-16,0.0
2014-11-17,-0.1487061581944226
2014-11-18,-4.192510117688353
2014-11-19,-3.5735382203219923
2014-11-20,-8.394753619776129
2014-11-21,-14.841810517263877
2014-11-22,0.0
2014-11-23,0.0
2014-11-24,-8.829839259829397
2014-11-25,0.3311578435135409
2014-11-26,-1.4275885242720832
2014-11-27,0.0
2014-11-28,-0.0971969480655143
2014-11-29,0.0
2014-11-30,0.0
2014-12-01,8.608924030197528
2014-12-02,-2.726874566085302
2014-12-03,-13.884837111581405
2014-12-04,-4.444244864389535
2014-12-05,-8.09424164187651
2014-12-06,0.0
2014-12-07,0.0
2014-12-08,4.50416903733748
2014-12-09,0.4813564610351539
2014-12-10,4.874077240279373
2014-12-11,-0.0629811980284
2014-12-12,6.2765655722915925
2014-12-13,0.0
2014-12-14,0.0
2014-12-15,-2.9946976748522536
2014-12-16,5.620417396326771
2014-12-17,15.032151395075232
2014-12-18,12.152645100776429
2014-12-19,-0.0324961771803078
2014-12-20,0.0
2014-12-21,0.0
2014-12-22,0.0127016923415546
2014-12-23,0.1801193446995697
2014-12-24,-0.0101848967575146
2014-12-25,0.0
2014-12-26,0.7023798836835793
2014-12-27,0.0
2014-12-28,0.0
2014-12-29,0.0168527330092871
2014-12-30,1.0016869988459076
2014-12-31,1.4084219719507685
2015-01-01,0.0
2015-01-02,-0.7371065552273515
2015-01-03,0.0
2015-01-04,0.0
2015-01-05,4.455701259269285
2015-01-06,2.248259654269136
2015-01-07,2.9383984300293653
2015-01-08,4.403956869157488
2015-01-09,0.6625620344433258
2015-01-10,0.0
2015-01-11,0.0
2015-01-12,0.2410819059235791
2015-01-13,-0.049299947891146
2015-01-14,-2.3033765254604432
2015-01-15,2.331953972684464
2015-01-16,3.043881514829616
2015-01-17,0.0
2015-01-18,0.0
2015-01-19,0.0
2015-01-20,0.412503100685524
2015-01-21,0.0316988845353138
2015-01-22,3.696103067101264
2015-01-23,-0.3646940882446658
2015-01-24,0.0
2015-01-25,0.0
2015-01-26,-4.280634456389909
2015-01-27,5.058400937578722
2015-01-28,-0.6487038425718517
2015-01-29,-0.3227893388118907
2015-01-30,-0.7263817648581306
2015-01-31,0.0
2015-02-01,0.0
2015-02-02,-5.01983557197101
2015-02-03,-5.932729026511985
2015-02-04,-0.1775731451542195
2015-02-05,1.669998124874983
2015-02-06,0.1263805917821825
2015-02-07,0.0
2015-02-08,0.0
2015-02-09,0.1615470506238558
2015-02-10,2.0376241538252904
2015-02-11,0.1369696218695315
2015-02-12,1.4356995154679808
2015-02-13,-0.7416288114500125
2015-02-14,0.0
2015-02-15,0.0
2015-02-16,0.0
2015-02-17,-0.1528461735685216
2015-02-18,-4.910942800948104
2015-02-19,-4.002133579157851
2015-02-20,-1.7133894946705697
2015-02-21,0.0
2015-02-22,0.0
2015-02-23,-5.497911239455244
2015-02-24,-1.6133313002499097
2015-02-25,-2.386590046205717
2015-02-26,-0.1018351569344488
2015-02-27,0.0432384582999212
2015-02-28,0.0
2015-03-01,0.0
2015-03-02,-6.678104652407901
2015-03-03,-1.4776052330938594
2015-03-04,0.53986324359383
2015-03-05,0.0192186138729955
2015-03-06,-2.4995583335456595
2015-03-07,0.0
2015-03-08,0.0
2015-03-09,0.0939967861002699
2015-03-10,8.883674554079146
2015-03-11,-10.308014987522895
2015-03-12,-1.947613759442424
2015-03-13,-1.028007650619733
2015-03-14,0.0
2015-03-15,0.0
2015-03-16,-1.4117015556212589
2015-03-17,-1.6606838146213998
2015-03-18,-0.9887579925092926
2015-03-19,-0.6214905394160253
2015-03-20,-1.664071034323189
2015-03-21,0.0
2015-03-22,0.0
2015-03-23,-0.5289852090692437
2015-03-24,-0.2611601689939125
2015-03-25,17.39994846053534
2015-03-26,0.1404750436176716
2015-03-27,-2.794498531357459
2015-03-28,0.0
2015-03-29,0.0
2015-03-30,2.107924555878382
2015-03-31,2.545235404921198
2015-04-01,0.3927650177020458
2015-04-02,-0.345307394123151
2015-04-03,0.0
2015-04-04,0.0
2015-04-05,0.0
2015-04-06,-0.0458695643187678
2015-04-07,-0.0110348993709985
2015-04-08,1.814905308519044
2015-04-09,0.5932429722075083
2015-04-10,0.0271280462688983
2015-04-11,0.0
2015-04-12,0.0
2015-04-13,-0.5672417352124093
2015-04-14,-1.9560596138545217
2015-04-15,0.3649752130332251
2015-04-16,-0.1878869468938671
2015-04-17,5.750384131172126
2015-04-18,0.0
2015-04-19,0.0
2015-04-20,0.7644067295564883
2015-04-21,0.1187152259998436
2015-04-22,-7.317331590953824
2015-04-23,-0.0768225285107226
2015-04-24,-0.6531743612239183
2015-04-25,0.0
2015-04-26,0.0
2015-04-27,0.6792378496721874
2015-04-28,-3.0724536008558623
2015-04-29,1.392922185051915
2015-04-30,5.38519303663112
2015-05-01,4.075900774846364
2015-05-02,0.0
2015-05-03,0.0
2015-05-04,-0.9597317237208912
2015-05-05,5.276520095632131
2015-05-06,0.1008103583746589
2015-05-07,-12.50467208504248
2015-05-08,2.999203199043743
2015-05-09,0.0
2015-05-10,0.0
2015-05-11,-0.4251609801866784
2015-05-12,-2.8526027937074705
2015-05-13,-2.754367259749946
2015-05-14,4.150476371651601
2015-05-15,0.0697126644622958
2015-05-16,0.0
2015-05-17,0.0
2015-05-18,-0.0668692702803452
2015-05-19,0.0310287417177645
2015-05-20,-1.4687291983777715
2015-05-21,-0.2046859900590503
2015-05-22,-0.3437003459695553
2015-05-23,0.0
2015-05-24,0.0
2015-05-25,0.0
2015-05-26,3.707535590955624
2015-05-27,4.899268203586726
2015-05-28,-0.7478592302415321
2015-05-29,0.8482801057409395
2015-05-30,0.0
2015-05-31,0.0
2015-06-01,-6.315314841746645
2015-06-02,-3.851806418150283
2015-06-03,0.1227094219901969
2015-06-04,1.5795855822129612
2015-06-05,-0.3812761451318369
2015-06-06,0.0
2015-06-07,0.0
2015-06-08,0.854050793400396
2015-06-09,-0.9559619555055688
2015-06-10,4.456861933916612
2015-06-11,-1.138540657554632
2015-06-12,-6.947367248713787
2015-06-13,0.0
2015-06-14,0.0
2015-06-15,-4.27604113519754
2015-06-16,0.6613440937783599
2015-06-17,-9.215149955467329
2015-06-18,4.95832536004257
2015-06-19,0.1290133890737399
2015-06-20,0.0
2015-06-21,0.0
2015-06-22,-2.8286077674435472
2015-06-23,-0.3645153782135368
2015-06-24,1.9513582866037995
2015-06-25,0.3227799634883954
2015-06-26,-5.080093501030669
2015-06-27,0.0
2015-06-28,0.0
2015-06-29,22.12090491011269
2015-06-30,-0.0887824964824868
2015-07-01,0.8931631480693314
2015-07-02,-0.0108095621325965
2015-07-03,0.0
2015-07-04,0.0
2015-07-05,0.0
2015-07-06,-0.2741166014056495
2015-07-07,0.0810331296249966
2015-07-08,4.892657632410069
2015-07-09,-6.0386761147896095
2015-07-10,7.218704618619509
2015-07-11,0.0
2015-07-12,0.0
2015-07-13,4.8441536360679605
2015-07-14,0.8170572566205125
2015-07-15,-0.005836119767022
2015-07-16,2.9267100299317894
2015-07-17,-0.0858114794181186
2015-07-18,0.0
2015-07-19,0.0
2015-07-20,-0.0057078556842449
2015-07-21,-2.0966269668672544
2015-07-22,1.2967944316228277
2015-07-23,-2.292981599428268
2015-07-24,2.947931909570656
2015-07-25,0.0
2015-07-26,0.0
2015-07-27,1.1558570475466825
2015-07-28,1.5162393398395757
2015-07-29,-0.1161209616587832
2015-07-30,0.1321043028911672
2015-07-31,-3.561847203200763
2015-08-01,0.0
2015-08-02,0.0
2015-08-03,-0.0721773683774795
2015-08-04,-1.118749312196743
2015-08-05,1.02183762272805
2015-08-06,4.4707506896555005
2015-08-07,0.0408688465456608
2015-08-08,0.0
2015-08-09,0.0
2015-08-10,1.9542019560206516
2015-08-11,-8.728152089983165
2015-08-12,-0.6142162602367773
2015-08-13,-0.4473692149744024
2015-08-14,0.1510904990304373
2015-08-15,0.0
2015-08-16,0.0
2015-08-17,1.1798135706137414
2015-08-18,1.0821315943628118
2015-08-19,-6.035964196392108
2015-08-20,19.15989289173485
2015-08-21,15.502315148468604
2015-08-22,0.0
2015-08-23,0.0
2015-08-24,12.533007875793569
2015-08-25,-1.182137673088357
2015-08-26,19.918473451673503
2015-08-27,3.629669124976465
2015-08-28,-0.7048384283374731
2015-08-29,0.0
2015-08-30,0.0
2015-08-31,0.3218470093199643
2015-09-01,4.818325434433723
2015-09-02,4.724841221237974
2015-09-03,-0.0234427445516383
2015-09-04,-0.0729089081779044
2015-09-05,0.0
2015-09-06,0.0
2015-09-07,0.0
2015-09-08,4.56049540698622
2015-09-09,-0.2275385867592794
2015-09-10,0.360695841263059
2015-09-11,0.1455391801239436
2015-09-12,0.0
2015-09-13,0.0
2015-09-14,-0.0121486160036154
2015-09-15,0.9371474711861394
2015-09-16,0.2921672694631727
2015-09-17,-0.324056471959111
2015-09-18,-0.3766811768724953
2015-09-19,0.0
2015-09-20,0.0
2015-09-21,0.0123154351409082
2015-09-22,-0.0279329019124197
2015-09-23,-0.599340411163285
2015-09-24,-0.0491275984177752
2015-09-25,0.3382236752840883
2015-09-26,0.0
2015-09-27,0.0
2015-09-28,3.909670138276544
2015-09-29,-0.7310539736572141
2015-09-30,3.302397481079411
2015-10-01,-0.0340935096656114
2015-10-02,-1.6180141356699318
2015-10-03,0.0
2015-10-04,0.0
2015-10-05,-5.02429271389463
2015-10-06,-8.665918321879884
2015-10-07,0.082550101925416
2015-10-08,-10.927224969242044
2015-10-09,-4.590655769739904
2015-10-10,0.0
2015-10-11,0.0
2015-10-12,-0.0655049884545566
2015-10-13,-0.3648527920137034
2015-10-14,-8.603972430828277
2015-10-15,-2.7396914552632823
2015-10-16,-0.1545158922314993
2015-10-17,0.0
2015-10-18,0.0
2015-10-19,-1.5394135454465552
2015-10-20,-7.828645549038127
2015-10-21,-0.9322930714872668
2015-10-22,2.620361228512036
2015-10-23,5.707876497355535
2015-10-24,0.0
2015-10-25,0.0
2015-10-26,-0.2823439621101653
2015-10-27,-1.1506097934865789
2015-10-28,1.4144155320004126
2015-10-29,0.3627149201738122
2015-10-30,-2.400078059460353
2015-10-31,0.0
2015-11-01,0.0
2015-11-02,1.9650302048644264
2015-11-03,-3.694116824787274
2015-11-04,-0.0276198501863667
2015-11-05,-0.1531056466168467
2015-11-06,-2.247990564757607
2015-11-07,0.0
2015-11-08,0.0
2015-11-09,-14.67971678635276
2015-11-10,-1.060616204112852
2015-11-11,-6.259124765615642
2015-11-12,4.848244525823375
2015-11-13,1.5486055311717095
2015-11-14,0.0
2015-11-15,0.0
2015-11-16,-1.8854124904370215
2015-11-17,-1.3946388397296228
2015-11-18,4.085113646881289
2015-11-19,-0.007542282720685
2015-11-20,0.2587456101796892
2015-11-21,0.0
2015-11-22,0.0
2015-11-23,0.0982097553151817
2015-11-24,-2.091208522899668
2015-11-25,-0.4939807944342567
2015-11-26,0.0
2015-11-27,-5.283429199883827
2015-11-28,0.0
2015-11-29,0.0
2015-11-30,0.5441650150408428
2015-12-01,1.1824881408956989
2015-12-02,0.4495669221112219
2015-12-03,4.939740966987816
2015-12-04,2.7235031985706426
2015-12-05,0.0
2015-12-06,0.0
2015-12-07,-7.265315965805852
2015-12-08,0.0271837621637072
2015-12-09,4.684974660997798
2015-12-10,-2.9687128096905324
2015-12-11,9.04993797592988
2015-12-12,0.0
2015-12-13,0.0
2015-12-14,0.1838941080696265
2015-12-15,-2.4678674494129527
2015-12-16,4.078427000761042
2015-12-17,2.7478590723413854
2015-12-18,3.395931089444293
2015-12-19,0.0
2015-12-20,0.0
2015-12-21,1.2588168803505215
2015-12-22,-0.4472718735831327
2015-12-23,1.2130074847191974
2015-12-24,-0.1222904332715657
2015-12-25,0.0
2015-12-26,0.0
2015-12-27,0.0
2015-12-28,-2.166030861820833
2015-12-29,-1.6333209499922008
2015-12-30,-0.4377513718279879
2015-12-31,2.1907561896099104
2016-01-01,0.0
2016-01-02,0.0
2016-01-03,0.0
2016-01-04,1.327635002996752
2016-01-05,0.0095814645649339
2016-01-06,0.5779002912076558
2016-01-07,10.913571696461831
2016-01-08,0.4349904059105958
2016-01-09,0.0
2016-01-10,0.0
2016-01-11,-0.3449300588543647
2016-01-12,1.7420613395612738
2016-01-13,10.37596159177443
2016-01-14,3.362087532990299
2016-01-15,4.705305403423665
2016-01-16,0.0
2016-01-17,0.0
2016-01-18,0.0
2016-01-19,-1.254773225287931
2016-01-20,-5.037047815175977
2016-01-21,0.0879350089129316
2016-01-22,7.761315151129811
2016-01-23,0.0
2016-01-24,0.0
2016-01-25,0.1949523298970801
2016-01-26,1.0761686004629345
2016-01-27,-0.1032672924369926
2016-01-28,0.6742658241604138
2016-01-29,4.0960827223616825
2016-01-30,0.0
2016-01-31,0.0
2016-02-01,-2.0955805209920464
2016-02-02,1.896444601857872
2016-02-03,-1.1363925519405127
2016-02-04,-0.950843172352589
2016-02-05,5.172993495384737
2016-02-06,0.0
2016-02-07,0.0
2016-02-08,-0.1001365942941978
2016-02-09,-0.2099344739905917
2016-02-10,0.4189589061101895
2016-02-11,-2.3162440408276974
2016-02-12,3.1825735990014703
2016-02-13,0.0
2016-02-14,0.0
2016-02-15,0.0
2016-02-16,4.253397157507233
2016-02-17,1.859237689178017
2016-02-18,0.3222846560279713
2016-02-19,-0.2091193625849086
2016-02-20,0.0
2016-02-21,0.0
2016-02-22,-3.351850713626492
2016-02-23,0.6765105825118356
2016-02-24,0.5328093970903502
2016-02-25,-0.1926031939355255
2016-02-26,-7.303283918118108
2016-02-27,0.0
2016-02-28,0.0
2016-02-29,-2.2707844717878345
2016-03-01,-0.1555506455058308
2016-03-02,-0.108171596997475
2016-03-03,-0.0539849648101831
2016-03-04,-0.0193932317956169
2016-03-05,0.0
2016-03-06,0.0
2016-03-07,-4.551238364899824
2016-03-08,-0.7915802039306419
2016-03-09,-0.631751984556661
2016-03-10,-4.354994145978786
2016-03-11,2.054073899899156
2016-03-12,0.0
2016-03-13,0.0
2016-03-14,-4.304537175653533
2016-03-15,0.2737153282378557
2016-03-16,-5.10883257182746
2016-03-17,-0.2248384845759177
2016-03-18,0.0490000530819045
2016-03-19,0.0
2016-03-20,0.0
2016-03-21,-14.225632630491592
2016-03-22,-7.046776074471484
2016-03-23,2.6828039921622526
2016-03-24,0.1106983205696021
2016-03-25,0.0
2016-03-26,0.0
2016-03-27,0.0
2016-03-28,-0.4919253787379896
2016-03-29,0.0727165547153907
2016-03-30,-5.8008806403243245
2016-03-31,-6.5270047792361225
2016-04-01,-2.6136013190203977
2016-04-02,0.0
2016-04-03,0.0
2016-04-04,1.1797335013242538
2016-04-05,-0.0331185039306292
2016-04-06,-2.5212222892485925
2016-04-07,5.62830642718728
2016-04-08,-0.8194083149744236
2016-04-09,0.0
2016-04-10,0.0
2016-04-11,0.5739575816582798
2016-04-12,-0.9168982256325008
2016-04-13,-11.08616384193988
2016-04-14,0.0680512159220381
2016-04-15,0.2411823447910244
2016-04-16,0.0
2016-04-17,0.0
2016-04-18,0.1889366258571501
2016-04-19,0.4829388857939598
2016-04-20,-5.400251117020472
2016-04-21,-0.1762424897801318
2016-04-22,2.134734037708963
2016-04-23,0.0
2016-04-24,0.0
2016-04-25,-7.673514151335081
2016-04-26,0.1875856447013602
2016-04-27,0.2158762513575496
2016-04-28,3.411033093860772
2016-04-29,1.046270126039639
2016-04-30,0.0
2016-05-01,0.0
2016-05-02,1.6428157062604145
2016-05-03,3.224203613967669
2016-05-04,1.1628818260799534
2016-05-05,-2.7788822682876857
2016-05-06,0.4600484926398973
2016-05-07,0.0
2016-05-08,0.0
2016-05-09,0.2234872801278209
2016-05-10,-3.2580382415243747
2016-05-11,1.9219020960279831
2016-05-12,0.4267939593257219
2016-05-13,-2.6301133332512494
2016-05-14,0.0
2016-05-15,0.0
2016-05-16,4.523529322793607
2016-05-17,1.4704015755002908
2016-05-18,-6.4104923134219565
2016-05-19,-4.945634147282929
2016-05-20,5.032523479481865
2016-05-21,0.0
2016-05-22,0.0
2016-05-23,-0.2677000092036974
2016-05-24,9.289122185231856
2016-05-25,-4.755450505621706
2016-05-26,0.0803382774157146
2016-05-27,1.1141500649510805
2016-05-28,0.0
2016-05-29,0.0
2016-05-30,0.0
2016-05-31,-0.285528640453947
2016-06-01,-0.3982689952666707
2016-06-02,0.312782113982446
2016-06-03,0.9019494525814632
2016-06-04,0.0
2016-06-05,0.0
2016-06-06,-1.0992830051652525
2016-06-07,-0.0848935302435016
2016-06-08,0.0032294068495364
2016-06-09,-0.4934289053906804
2016-06-10,0.7268877249090755
2016-06-11,0.0
2016-06-12,0.0
2016-06-13,1.419598043569814
2016-06-14,-1.8070828942788772
2016-06-15,-3.581119180735137
2016-06-16,-2.0759624666618737
2016-06-17,2.730186150331315
2016-06-18,0.0
2016-06-19,0.0
2016-06-20,1.0585393074080462
2016-06-21,-0.1320927825371076
2016-06-22,-3.946875958204876
2016-06-23,3.2974351853298334
2016-06-24,41.42501310104127
2016-06-25,0.0
2016-06-26,0.0
2016-06-27,7.565780757652019
2016-06-28,3.653384304335061
2016-06-29,2.094415634318625
2016-06-30,1.5094766842999707
2016-07-01,-0.3388152439549485
2016-07-02,0.0
2016-07-03,0.0
2016-07-04,0.0
2016-07-05,-0.5223600671246498
2016-07-06,0.5044653406714561
2016-07-07,-3.9795990552781824
2016-07-08,2.4111238972184923
2016-07-09,0.0
2016-07-10,0.0
2016-07-11,0.3746005848460187
2016-07-12,0.0496493950290943
2016-07-13,0.1003244659097291
2016-07-14,0.289911141813004
2016-07-15,-0.1041694500495848
2016-07-16,0.0
2016-07-17,0.0
2016-07-18,-0.2114466852632057
2016-07-19,-0.0231215188580713
2016-07-20,1.023354471807414
2016-07-21,0.1269483173178542
2016-07-22,0.0303781108298206
2016-07-23,0.0
2016-07-24,0.0
2016-07-25,-2.126431411991736
2016-07-26,-1.350118693563962
2016-07-27,0.083051435467607
2016-07-28,-0.1591632576223967
2016-07-29,0.0062081716232453
2016-07-30,0.0
2016-07-31,0.0
2016-08-01,-1.5034815031188864
2016-08-02,1.157057656408078
2016-08-03,0.0509016776172543
2016-08-04,-0.2057563385334693
2016-08-05,-1.3296061680670324
2016-08-06,0.0
2016-08-07,0.0
2016-08-08,-27.27303168673132
2016-08-09,-19.83805624837135
2016-08-10,-8.41059177203054
2016-08-11,-10.087928451002393
2016-08-12,-5.524968960311094
2016-08-13,0.0
2016-08-14,0.0
2016-08-15,0.3706884452385317
2016-08-16,-1.7890157086073777
2016-08-17,-1.1433198134689793
2016-08-18,-0.0854509526203139
2016-08-19,-12.60101649539953
2016-08-20,0.0
2016-08-21,0.0
2016-08-22,-1.716651262314206
2016-08-23,-2.1257389684797623
2016-08-24,5.656111212052428
2016-08-25,-1.0643153370572866
2016-08-26,-0.3421470433285334
2016-08-27,0.0
2016-08-28,0.0
2016-08-29,-1.1289538693632584
2016-08-30,-1.3451326018198428
2016-08-31,-7.213484826869387
2016-09-01,-1.2882667189867414
2016-09-02,-0.6245542548520167
2016-09-03,0.0
2016-09-04,0.0
2016-09-05,0.0
2016-09-06,1.2707215506951863
2016-09-07,-0.1519397971999514
2016-09-08,0.7312661627119965
2016-09-09,51.64650565539874
2016-09-10,0.0
2016-09-11,0.0
2016-09-12,10.91538400650065
2016-09-13,3.480057789218272
2016-09-14,-2.2287380505462973
2016-09-15,6.037494974528945
2016-09-16,0.052818187411896
2016-09-17,0.0
2016-09-18,0.0
2016-09-19,-3.053293483098962
2016-09-20,-0.051285265468326
2016-09-21,2.935464208168037
2016-09-22,1.1156041504857273
2016-09-23,0.991831071452398
2016-09-24,0.0
2016-09-25,0.0
2016-09-26,2.5281557958742207
2016-09-27,1.3824916854306757
2016-09-28,-1.235034564684434
2016-09-29,2.554974268875543
2016-09-30,1.4542955233441068
2016-10-01,0.0
2016-10-02,0.0
2016-10-03,0.1452573348946551
2016-10-04,0.1333642334608642
2016-10-05,0.3678269659245892
2016-10-06,-1.7112464994195609
2016-10-07,0.2085774818429753
2016-10-08,0.0
2016-10-09,0.0
2016-10-10,0.9760727090422084
2016-10-11,6.028262318063016
2016-10-12,-0.0235553741737004
2016-10-13,0.4673837641573142
2016-10-14,-0.163132398780208
2016-10-15,0.0
2016-10-16,0.0
2016-10-17,-0.3120110305320112
2016-10-18,1.0770516579403644
2016-10-19,-0.0551416378878899
2016-10-20,-0.4263617638364358
2016-10-21,-16.19295096603609
2016-10-22,0.0
2016-10-23,0.0
2016-10-24,-5.442669590261307
2016-10-25,-3.6913967707703055
2016-10-26,1.4910386531388875
2016-10-27,-6.20847115226516
2016-10-28,0.896373564065378
2016-10-29,0.0
2016-10-30,0.0
2016-10-31,-0.0917482820729009
2016-11-01,1.589291467363041
2016-11-02,-2.081083154882224
2016-11-03,-1.5345731750332936
2016-11-04,-0.8973211537646519
2016-11-05,0.0
2016-11-06,0.0
2016-11-07,21.34100947327355
2016-11-08,-1.812966512198999
2016-11-09,3.792323500745853
2016-11-10,-0.594523647891898
2016-11-11,-1.120119253566898
2016-11-12,0.0
2016-11-13,0.0
2016-11-14,0.204888366752387
2016-11-15,3.542928791567146
2016-11-16,-0.3343598967890049
2016-11-17,1.4182487191984006
2016-11-18,-0.0565288777349293
2016-11-19,0.0
2016-11-20,0.0
2016-11-21,0.8297318918195851
2016-11-22,-6.863813291723209
2016-11-23,-0.0563000373081878
2016-11-24,0.0
2016-11-25,-0.9140207699843472
2016-11-26,0.0
2016-11-27,0.0
2016-11-28,1.346979722105135
2016-11-29,-0.4093979651357382
2016-11-30,2.1285458346907538
2016-12-01,5.578523105360578
2016-12-02,-0.0057895633386206
2016-12-03,0.0
2016-12-04,0.0
2016-12-05,2.3346432929028937
2016-12-06,-1.9108836458975544
2016-12-07,2.316464516123196
2016-12-08,-0.9760628528521552
2016-12-09,-1.1903427624949892
2016-12-10,0.0
2016-12-11,0.0
2016-12-12,0.3255687730337797
2016-12-13,1.5125635703459928
2016-12-14,-0.7324627130791517
2016-12-15,-3.2656815172660503
2016-12-16,-2.738557007989884
2016-12-17,0.0
2016-12-18,0.0
2016-12-19,-0.6480726567034134
2016-12-20,-13.819086935367489
2016-12-21,0.218337260994228
2016-12-22,-2.234487459288081
2016-12-23,-3.667255023780247
2016-12-24,0.0
2016-12-25,0.0
2016-12-26,0.0
2016-12-27,-0.269818025208357
2016-12-28,3.6107153353414745
2016-12-29,-3.744517825494731
2016-12-30,3.86358439971386
2016-12-31,0.0
2017-01-01,0.0
2017-01-02,0.0
2017-01-03,0.6620332540563822
2017-01-04,2.196715380244618
2017-01-05,-2.483511705756436
2017-01-06,0.870948637792579
2017-01-07,0.0
2017-01-08,0.0
2017-01-09,-0.1032157323150873
2017-01-10,0.0466509237565526
2017-01-11,-1.7550845042435317
2017-01-12,0.6329908950901686
2017-01-13,-5.370132096118885
2017-01-14,0.0
2017-01-15,0.0
2017-01-16,0.0
2017-01-17,-8.280467901300348
2017-01-18,0.0343146406532435
2017-01-19,-2.86487265530514
2017-01-20,-0.4663797777617606
2017-01-21,0.0
2017-01-22,0.0
2017-01-23,-6.088091765092518
2017-01-24,3.026675881572949
2017-01-25,3.70498441229632
2017-01-26,-2.962767183834392
2017-01-27,-4.144490063952933
2017-01-28,0.0
2017-01-29,0.0
2017-01-30,3.4682563122597543
2017-01-31,-0.4153563817565153
2017-02-01,-0.463840147256489
2017-02-02,-0.0835371387814976
2017-02-03,0.292285688103111
2017-02-04,0.0
2017-02-05,0.0
2017-02-06,-0.558189066357706
2017-02-07,-2.053661136147966
2017-02-08,-0.1427445384908687
2017-02-09,0.6231505454209918
2017-02-10,-7.4113005758325246
2017-02-11,0.0
2017-02-12,0.0
2017-02-13,0.1273474233563609
2017-02-14,-10.20523001835485
2017-02-15,-2.113308060464747
2017-02-16,-3.607404313968377
2017-02-17,0.4447462996977291
2017-02-18,0.0
2017-02-19,0.0
2017-02-20,0.0
2017-02-21,-0.9505940544942026
2017-02-22,0.8987090911523499
2017-02-23,3.5485775988384205
2017-02-24,-0.0224369854924799
2017-02-25,0.0
2017-02-26,0.0
2017-02-27,-2.060333078181442
2017-02-28,5.317045683518473
2017-03-01,6.173585055741615
2017-03-02,6.765950828857936
2017-03-03,-1.5971522442375763
2017-03-04,0.0
2017-03-05,0.0
2017-03-06,2.1967975560275965
2017-03-07,1.002721602573442
2017-03-08,-3.571918340954228
2017-03-09,-5.741942218999164
2017-03-10,0.5136496967398596
2017-03-11,0.0
2017-03-12,0.0
2017-03-13,0.1124634374316091
2017-03-14,-6.364826960405267
2017-03-15,3.049242842725941
2017-03-16,-0.8489682144305899
2017-03-17,-0.4523591452823994
2017-03-18,0.0
2017-03-19,0.0
2017-03-20,-1.3057352489167615
2017-03-21,31.18485830218627
2017-03-22,0.8142427024821153
2017-03-23,0.1010865738859445
2017-03-24,-1.3110499926639818
2017-03-25,0.0
2017-03-26,0.0
2017-03-27,-0.2984771312049994
2017-03-28,0.4153218088507326
2017-03-29,0.1871585202833481
2017-03-30,-1.5795641940113514
2017-03-31,-0.0453092547589961
2017-04-01,0.0
2017-04-02,0.0
2017-04-03,-0.1221438470337399
2017-04-04,-1.1268914032653732
2017-04-05,1.980328847834678
2017-04-06,-0.8094826412837763
2017-04-07,-0.1137320102831407
2017-04-08,0.0
2017-04-09,0.0
2017-04-10,-0.4101889477155396
2017-04-11,-2.028933208706174
2017-04-12,-9.91019422653675
2017-04-13,-1.7523743621587595
2017-04-14,0.0
2017-04-15,0.0
2017-04-16,0.0
2017-04-17,5.927694153767793
2017-04-18,-0.8188063611232477
2017-04-19,-0.160308254266428
2017-04-20,5.333151622844867
2017-04-21,0.1374821161400419
2017-04-22,0.0
2017-04-23,0.0
2017-04-24,7.769193226923376
2017-04-25,1.9181118331970115
2017-04-26,-0.850969062341489
2017-04-27,-1.7558444894089198
2017-04-28,0.0329509096840041
2017-04-29,0.0
2017-04-30,0.0
2017-05-01,2.133978605922126
2017-05-02,-0.0400773422850053
2017-05-03,-21.66270317720579
2017-05-04,-0.8497439743892721
2017-05-05,0.2095099461620675
2017-05-06,0.0
2017-05-07,0.0
2017-05-08,0.1257419046078567
2017-05-09,0.1506207744381704
2017-05-10,-1.7392394830591962
2017-05-11,0.5196088696499901
2017-05-12,-0.2384907899956379
2017-05-13,0.0
2017-05-14,0.0
2017-05-15,0.7867676473793939
2017-05-16,-1.3425594109785388
2017-05-17,52.809226225957005
2017-05-18,-0.1144575280374815
2017-05-19,0.4328302046673782
2017-05-20,0.0
2017-05-21,0.0
2017-05-22,1.735302987597187
2017-05-23,-0.016613671631116
2017-05-24,-0.3642041520256045
2017-05-25,-0.9511080741591682
2017-05-26,-2.092828692975812
2017-05-27,0.0
2017-05-28,0.0
2017-05-29,0.0
2017-05-30,-1.4334104991022278
2017-05-31,-0.1198693604215539
2017-06-01,1.3470524609304757
2017-06-02,0.1546994043501559
2017-06-03,0.0
2017-06-04,0.0
2017-06-05,0.1509907173733893
2017-06-06,-3.3946140163295
2017-06-07,-1.0837617138339306
2017-06-08,0.1277246362575868
2017-06-09,14.981500117854974
2017-06-10,0.0
2017-06-11,0.0
2017-06-12,1.157036718462301
2017-06-13,-0.00068273636602
2017-06-14,0.7165362386352347
2017-06-15,0.3045036602349782
2017-06-16,0.2287255124884035
2017-06-17,0.0
2017-06-18,0.0
2017-06-19,5.19060977405863
2017-06-20,2.1790938122614456
2017-06-21,1.1167574992999807
2017-06-22,-0.0163948219615184
2017-06-23,0.1846099950757906
2017-06-24,0.0
2017-06-25,0.0
2017-06-26,0.3494284224416333
2017-06-27,6.518686301893761
2017-06-28,4.246131495979166
2017-06-29,-10.821121987240844
2017-06-30,-1.1631370936336816
2017-07-01,0.0
2017-07-02,0.0
2017-07-03,0.2281944204979069
2017-07-04,0.0
2017-07-05,-0.6076410228172846
2017-07-06,2.6815047135910985
2017-07-07,2.4530726901459854
2017-07-08,0.0
2017-07-09,0.0
2017-07-10,-0.8296044883067011
2017-07-11,0.1862439173025976
2017-07-12,2.872711268308259
2017-07-13,0.0445815984012609
2017-07-14,-0.5393004360436549
2017-07-15,0.0
2017-07-16,0.0
2017-07-17,-2.06944832465239
2017-07-18,0.4481847356589075
2017-07-19,0.5513683535553149
2017-07-20,-0.2241050762910812
2017-07-21,-0.2811228761131601
2017-07-22,0.0
2017-07-23,0.0
2017-07-24,-9.11645477360642
2017-07-25,-1.221691455181495
2017-07-26,-1.14775774959619
2017-07-27,0.8809971141459316
2017-07-28,-0.901020784118134
2017-07-29,0.0
2017-07-30,0.0
2017-07-31,0.5274464208884888
2017-08-01,-5.589029587816463
2017-08-02,-2.869765199287111
2017-08-03,-0.9784823954367972
2017-08-04,0.0523985609660826
2017-08-05,0.0
2017-08-06,0.0
2017-08-07,0.1562986842147173
2017-08-08,-0.1915633114902615
2017-08-09,-11.240041449518776
2017-08-10,13.557460395307809
2017-08-11,-7.070695278185413
2017-08-12,0.0
2017-08-13,0.0
2017-08-14,6.428804139836841
2017-08-15,-1.2306246557449607
2017-08-16,-1.1883319130065797
2017-08-17,11.44363120911649
2017-08-18,-3.1392418448720205
2017-08-19,0.0
2017-08-20,0.0
2017-08-21,-0.4036530903145818
2017-08-22,5.631030511643176
2017-08-23,-3.189423918698941
2017-08-24,-0.0987951149372889
2017-08-25,-1.2601868498238078
2017-08-26,0.0
2017-08-27,0.0
2017-08-28,0.2937335845544897
2017-08-29,-0.4762294045734361
2017-08-30,2.384303692552514
2017-08-31,2.823192939361907
2017-09-01,0.0101766684507342
2017-09-02,0.0
2017-09-03,0.0
2017-09-04,0.0
2017-09-05,2.293910360577378
2017-09-06,0.2484180784431577
2017-09-07,-0.0714065690763154
2017-09-08,-0.1516990344251123
2017-09-09,0.0
2017-09-10,0.0
2017-09-11,3.584379004260807
2017-09-12,-0.3378145952504074
2017-09-13,-0.086136129145542
2017-09-14,0.7586353166281423
2017-09-15,-0.252567398722503
2017-09-16,0.0
2017-09-17,0.0
2017-09-18,-0.036315899346373
2017-09-19,-0.5732090411612711
2017-09-20,-0.1329014204584755
2017-09-21,0.5739791279883777
2017-09-22,-14.833788704206851
2017-09-23,0.0
2017-09-24,0.0
2017-09-25,2.3696352532691867
2017-09-26,-6.177627245962547
2017-09-27,4.760602460252894
2017-09-28,-0.0528455922457316
2017-09-29,-16.13484527657578
2017-09-30,0.0
2017-10-01,0.0
2017-10-02,-0.14851810154346
2017-10-03,-0.2277077704756047
2017-10-04,-8.09047300336012
2017-10-05,1.2830059417203057
2017-10-06,-0.4226584852533799
2017-10-07,0.0
2017-10-08,0.0
2017-10-09,0.2462298549205988
2017-10-10,-0.0718179257597317
2017-10-11,-0.0771360575476332
2017-10-12,-4.704222786010104
2017-10-13,-4.907432809107259
2017-10-14,0.0
2017-10-15,0.0
2017-10-16,0.2508563648486728
2017-10-17,-8.55288910793972
2017-10-18,-0.0999041973774872
2017-10-19,1.443453843664089
2017-10-20,-4.065883155516259
2017-10-21,0.0
2017-10-22,0.0
2017-10-23,-4.703420180013495
2017-10-24,-0.642298689529941
2017-10-25,3.633880928382904
2017-10-26,-2.687309364703028
2017-10-27,38.04620171823952
2017-10-28,0.0
2017-10-29,0.0
2017-10-30,0.1369764385690031
2017-10-31,0.4862801733063637
2017-11-01,0.2354786553826482
2017-11-02,-2.23293652441916
2017-11-03,1.8140893535582012
2017-11-04,0.0
2017-11-05,0.0
2017-11-06,-6.400224697991375
2017-11-07,1.4092243859194165
2017-11-08,-5.6219803701990205
2017-11-09,3.481582027832686
2017-11-10,-1.6218260799252704
2017-11-11,0.0
2017-11-12,0.0
2017-11-13,-0.2451687816659831
2017-11-14,0.9893119037585718
2017-11-15,2.044891788143288
2017-11-16,5.871603763931432
2017-11-17,0.3561450899603358
2017-11-18,0.0
2017-11-19,0.0
2017-11-20,-0.3710950707228377
2017-11-21,4.712371898559775
2017-11-22,-0.0458140907400927
2017-11-23,0.0
2017-11-24,-0.3647444091346541
2017-11-25,0.0
2017-11-26,0.0
2017-11-27,0.4175459798275938
2017-11-28,0.5342291626216911
2017-11-29,9.356711766915147
2017-11-30,1.5203976922764315
2017-12-01,0.3548448650791735
2017-12-02,0.0
2017-12-03,0.0
2017-12-04,5.006738060488991
2017-12-05,-1.6355057579266583
2017-12-06,0.026466733591568
2017-12-07,-0.8127268570695234
2017-12-08,0.0497325716101393
2017-12-09,0.0
2017-12-10,0.0
2017-12-11,-17.348154024923478
2017-12-12,0.3289077264033269
2017-12-13,-0.612462466606567
2017-12-14,0.3823478262638735
2017-12-15,6.207113703483902
2017-12-16,0.0
2017-12-17,0.0
2017-12-18,0.6764756118138093
2017-12-19,1.1862254515195405
2017-12-20,-0.5599609244702042
2017-12-21,-0.2435001857039043
2017-12-22,-2.0774023288530508
2017-12-23,0.0
2017-12-24,0.0
2017-12-25,0.0
2017-12-26,0.9354688847384552
2017-12-27,0.0096228006119414
2017-12-28,-0.7388717720964055
2017-12-29,1.3856716211402942
2017-12-30,0.0
2017-12-31,0.0
2018-01-01,0.0
2018-01-02,2.4915682200044253
2018-01-03,2.0193336883585378
2018-01-04,0.0046280723116742
2018-01-05,-1.6555495017950284
2018-01-06,0.0
2018-01-07,0.0
2018-01-08,0.0967849520596697
2018-01-09,-0.1454371535408283
2018-01-10,-0.0382374542616248
2018-01-11,1.5270382695660167
2018-01-12,-8.827532404605897
2018-01-13,0.0
2018-01-14,0.0
2018-01-15,0.0
2018-01-16,1.1056407835272175
2018-01-17,1.977354835686662
2018-01-18,-8.562700114229093
2018-01-19,-0.7429604553643165
2018-01-20,0.0
2018-01-21,0.0
2018-01-22,2.870518970447211
2018-01-23,0.6251961118986848
2018-01-24,4.474692899897681
2018-01-25,0.1845248498815399
2018-01-26,4.040170515097974
2018-01-27,0.0
2018-01-28,0.0
2018-01-29,3.138881668173066
2018-01-30,4.381330575010178
2018-01-31,-3.611455358463567
2018-02-01,-0.4687237378631526
2018-02-02,17.778882294887776
2018-02-03,0.0
2018-02-04,0.0
2018-02-05,41.984584094929886
2018-02-06,6.811220922078198
2018-02-07,1.292678275682202
2018-02-08,19.887419870270364
2018-02-09,2.1100717564798366
2018-02-10,0.0
2018-02-11,0.0
2018-02-12,2.229393681605485
2018-02-13,-0.2957330002995473
2018-02-14,1.0081605230052748
2018-02-15,1.4473444962545434
2018-02-16,0.0783774813090998
2018-02-17,0.0
2018-02-18,0.0
2018-02-19,0.0
2018-02-20,-0.4884170772431528
2018-02-21,0.0020624916327482
2018-02-22,0.0131529921699291
2018-02-23,2.433172684884033
2018-02-24,0.0
2018-02-25,0.0
2018-02-26,0.479266863991068
2018-02-27,1.0621824513375344
2018-02-28,0.291884781775531
2018-03-01,0.4039892444632542
2018-03-02,0.9625258018645776
2018-03-03,0.0
2018-03-04,0.0
2018-03-05,0.5425429683426408
2018-03-06,-0.489080499206973
2018-03-07,-0.309532122727274
2018-03-08,-0.1309259653673122
2018-03-09,2.321351549884043
2018-03-10,0.0
2018-03-11,0.0
2018-03-12,-1.0372848617330677
2018-03-13,0.6085532203964128
2018-03-14,-0.5639584771257589
2018-03-15,0.0376478271041591
2018-03-16,-0.1110217920354039
2018-03-17,0.0
2018-03-18,0.0
2018-03-19,-0.3696996419812026
2018-03-20,-12.877365071260291
2018-03-21,-3.798446604043615
2018-03-22,5.83383600705949
2018-03-23,-10.28252414743931
2018-03-24,0.0
2018-03-25,0.0
2018-03-26,9.013339512030626
2018-03-27,7.13912247613917
2018-03-28,0.4451663505560699
2018-03-29,-0.649457559717781
2018-03-30,0.0
2018-03-31,0.0
2018-04-01,0.0
2018-04-02,3.757992575068658
2018-04-03,1.1657101028330397
2018-04-04,1.9427887358600016
2018-04-05,0.2328351411533757
2018-04-06,3.702165537419244
2018-04-07,0.0
2018-04-08,0.0
2018-04-09,-2.3364057297763696
2018-04-10,2.395439666630206
2018-04-11,-0.8401147088606398
2018-04-12,0.5224600084164921
2018-04-13,-0.9747793329044964
2018-04-14,0.0
2018-04-15,0.0
2018-04-16,-0.5142480877474265
2018-04-17,1.516685169836629
2018-04-18,-0.2172821904841027
2018-04-19,0.2822021697825194
2018-04-20,0.8036286321537522
2018-04-21,0.0
2018-04-22,0.0
2018-04-23,-2.702894120830679
2018-04-24,1.3850539253889016
2018-04-25,-0.4120639901899259
2018-04-26,2.446229764265917
2018-04-27,0.0232623651946317
2018-04-28,0.0
2018-04-29,0.0
2018-04-30,0.2107636010866054
2018-05-01,-1.2908676631379956
2018-05-02,-0.0366818107999544
2018-05-03,-0.011223467925292
2018-05-04,-2.0080490804260664
2018-05-05,0.0
2018-05-06,0.0
2018-05-07,-4.547277019070584
2018-05-08,-8.426559257575194
2018-05-09,-8.780190141858114
2018-05-10,-0.6920233370892759
2018-05-11,-2.4776786752561897
2018-05-12,0.0
2018-05-13,0.0
2018-05-14,-11.856462896685628
2018-05-15,0.6597415366645265
2018-05-16,-2.247401567643448
2018-05-17,0.0373954708329904
2018-05-18,-10.29574492261258
2018-05-19,0.0
2018-05-20,0.0
2018-05-21,0.0397917706317141
2018-05-22,-7.310367175429889
2018-05-23,-0.0246908934072087
2018-05-24,-1.7135470829044208
2018-05-25,-0.9396180495424789
2018-05-26,0.0
2018-05-27,0.0
2018-05-28,0.0
2018-05-29,0.2034243245077949
2018-05-30,-5.323939406178391
2018-05-31,0.2998446640150032
2018-06-01,3.1665281615951724
2018-06-02,0.0
2018-06-03,0.0
2018-06-04,-5.017772867097026
2018-06-05,-0.525044650423534
2018-06-06,-11.90615567151072
2018-06-07,3.335615664667313
2018-06-08,-6.835130582749005
2018-06-09,0.0
2018-06-10,0.0
2018-06-11,-0.1975797078809571
2018-06-12,-4.000354836782205
2018-06-13,-1.190398692884409
2018-06-14,-0.7217886676233798
2018-06-15,0.0419090064615268
2018-06-16,0.0
2018-06-17,0.0
2018-06-18,-9.698832411335731
2018-06-19,-0.2780542230304994
2018-06-20,1.2414205462954797
2018-06-21,2.9000297973712064
2018-06-22,-2.0103423743216164
2018-06-23,0.0
2018-06-24,0.0
2018-06-25,23.86654781245594
2018-06-26,0.3813447043053752
2018-06-27,6.357744163509493
2018-06-28,0.6305982258651976
2018-06-29,-0.2170228880987501
2018-06-30,0.0
2018-07-01,0.0
2018-07-02,0.807473748442944
2018-07-03,1.9990522626684548
2018-07-04,0.0
2018-07-05,2.9180904001039343
2018-07-06,3.365285852420463
2018-07-07,0.0
2018-07-08,0.0
2018-07-09,1.3896428023227436
2018-07-10,0.0275499245896204
2018-07-11,0.1626028021825654
2018-07-12,2.4352438884412297
2018-07-13,-0.4135103647265881
2018-07-14,0.0
2018-07-15,0.0
2018-07-16,-4.19039272496704
2018-07-17,-0.1661191880468648
2018-07-18,-0.227143788635753
2018-07-19,-0.4102902088116589
2018-07-20,-1.586355148307006
2018-07-21,0.0
2018-07-22,0.0
2018-07-23,0.096928405070007
2018-07-24,-0.0067967331912721
2018-07-25,2.511202717185146
2018-07-26,3.0379351461878867
2018-07-27,3.868018805589246
2018-07-28,0.0
2018-07-29,0.0
2018-07-30,4.168868974774798
2018-07-31,0.7261038492350158
2018-08-01,0.3475387017622955
2018-08-02,2.0439002699473185
2018-08-03,-1.6531912418235706
2018-08-04,0.0
2018-08-05,0.0
2018-08-06,0.4175883043291417
2018-08-07,-10.622210943606946
2018-08-08,-0.1356236686073875
2018-08-09,-7.885783551214621
2018-08-10,0.9888859344796774
2018-08-11,0.0
2018-08-12,0.0
2018-08-13,0.4381665073695862
2018-08-14,-0.36882492124094
2018-08-15,2.5751837175455705
2018-08-16,-2.6032414946347338
2018-08-17,-4.8271690901313
2018-08-18,0.0
2018-08-19,0.0
2018-08-20,-2.323550249607776
2018-08-21,0.6988071028011911
2018-08-22,-0.9089998324516846
2018-08-23,-6.212043294944991
2018-08-24,2.584084133906161
2018-08-25,0.0
2018-08-26,0.0
2018-08-27,2.1493883350554244
2018-08-28,-1.0681014043550707
2018-08-29,2.863797088599762
2018-08-30,-0.3192200045882054
2018-08-31,-0.0397404289762093
2018-09-01,0.0
2018-09-02,0.0
2018-09-03,0.0
2018-09-04,0.3046246897645321
2018-09-05,5.474601022812742
2018-09-06,-1.2212447460586806
2018-09-07,-3.1623315176253164
2018-09-08,0.0
2018-09-09,0.0
2018-09-10,-8.029331812181074
2018-09-11,-8.549951628069518
2018-09-12,-0.1873905408771192
2018-09-13,1.297326276537092
2018-09-14,-5.974092213394167
2018-09-15,0.0
2018-09-16,0.0
2018-09-17,11.27069960434348
2018-09-18,0.8437062725897837
2018-09-19,-0.2570774568650735
2018-09-20,3.6439140669678016
2018-09-21,1.2509900093861992
2018-09-22,0.0
2018-09-23,0.0
2018-09-24,-2.0259514793074307
2018-09-25,-0.3661075592227614
2018-09-26,-1.08867143147654
2018-09-27,-6.062034423753005
2018-09-28,-0.435124621060512
2018-09-29,0.0
2018-09-30,0.0
2018-10-01,0.2030631032206686
2018-10-02,1.435126546202925
2018-10-03,-0.5085680699649875
2018-10-04,14.43854739914483
2018-10-05,4.448103449141816
2018-10-06,0.0
2018-10-07,0.0
2018-10-08,-1.5177567120265856
2018-10-09,-3.365458359780127
2018-10-10,45.65717270031158
2018-10-11,-1.2405734389385192
2018-10-12,10.721444022840052
2018-10-13,0.0
2018-10-14,0.0
2018-10-15,0.1295132109549346
2018-10-16,12.598000983481027
2018-10-17,-1.1498334269438248
2018-10-18,3.4657100707708555
2018-10-19,0.0851360761070729
2018-10-20,0.0
2018-10-21,0.0
2018-10-22,-0.0102541711197723
2018-10-23,-0.6731591409579019
2018-10-24,17.553572388301376
2018-10-25,7.025290020661057
2018-10-26,1.995188261681302
2018-10-27,0.0
2018-10-28,0.0
2018-10-29,0.3153827894673666
2018-10-30,1.5798418066391928
2018-10-31,3.2541895626318817
2018-11-01,1.4437088215742078
2018-11-02,0.3084455280491616
2018-11-03,0.0
2018-11-04,0.0
2018-11-05,-0.0678067348624189
2018-11-06,0.3627626460810162
2018-11-07,4.430066310047187
2018-11-08,-0.3122026621869445
2018-11-09,0.9861322731476996
2018-11-10,0.0
2018-11-11,0.0
2018-11-12,3.1183389136410837
2018-11-13,0.055595634001837
2018-11-14,-0.0941361190740841
2018-11-15,0.9089056415100938
2018-11-16,-0.3827530974909732
2018-11-17,0.0
2018-11-18,0.0
2018-11-19,3.5719385065285048
2018-11-20,0.7643172650958707
2018-11-21,-6.106745263476132
2018-11-22,0.0
2018-11-23,-0.5236683691393074
2018-11-24,0.0
2018-11-25,0.0
2018-11-26,-0.5299974656554407
2018-11-27,-0.2385062415344752
2018-11-28,0.1775341091935001
2018-11-29,-0.0035861774925316
2018-11-30,-1.554216681205045
2018-12-01,0.0
2018-12-02,0.0
2018-12-03,1.1263135489628209
2018-12-04,7.090002855619337
2018-12-05,0.0
2018-12-06,0.0940928637213955
2018-12-07,-4.855234873642012
2018-12-08,0.0
2018-12-09,0.0
2018-12-10,-4.203418429452932
2018-12-11,-2.095161019809189
2018-12-12,-0.9614859663266916
2018-12-13,-1.3405685029261427
2018-12-14,0.1546070506820873
2018-12-15,0.0
2018-12-16,0.0
2018-12-17,0.1239496164291642
2018-12-18,-0.0051952813555633
2018-12-19,2.055435976541231
2018-12-20,0.3428751649586115
2018-12-21,-1.7990496614104123
2018-12-22,0.0
2018-12-23,0.0
2018-12-24,1.4800384178803585
2018-12-25,0.0
2018-12-26,18.968015873500853
2018-12-27,-2.2110075962095577
2018-12-28,0.021295056931736
2018-12-29,0.0
2018-12-30,0.0
2018-12-31,0.2811390102651412
2019-01-01,0.0
2019-01-02,-1.3815352201605124
2019-01-03,3.128801993475805
2019-01-04,4.551094368886255
2019-01-05,0.0
2019-01-06,0.0
2019-01-07,-0.3098883504854544
2019-01-08,0.1188510806062081
2019-01-09,0.2038547876818786
2019-01-10,-1.475945222835351
2019-01-11,0.0081675664379332
2019-01-12,0.0
2019-01-13,0.0
2019-01-14,-3.210090628122031
2019-01-15,1.3388221672837377
2019-01-16,-0.2938299137669187
2019-01-17,-0.7843170053251636
2019-01-18,-5.3776063816729724
2019-01-19,0.0
2019-01-20,0.0
2019-01-21,0.0
2019-01-22,1.4818118818952453
2019-01-23,-4.131025967750801
2019-01-24,-0.0358944287514484
2019-01-25,0.7114638199243961
2019-01-26,0.0
2019-01-27,0.0
2019-01-28,0.2147630096829278
2019-01-29,0.227187133680351
2019-01-30,-0.4396285554883805
2019-01-31,-2.244784075652062
2019-02-01,0.0930840980694958
2019-02-02,0.0
2019-02-03,0.0
2019-02-04,-2.6323668413135826
2019-02-05,-2.043278474366084
2019-02-06,-6.344280593767914
2019-02-07,-2.883517824948412
2019-02-08,-19.271168663256223
2019-02-09,0.0
2019-02-10,0.0
2019-02-11,0.0473760503644005
2019-02-12,1.0477073287886496
2019-02-13,-0.0511987672040303
2019-02-14,0.0658619993584297
2019-02-15,-12.58290703011683
2019-02-16,0.0
2019-02-17,0.0
2019-02-18,0.0
2019-02-19,-19.608622857534296
2019-02-20,-1.4745710893244943
2019-02-21,-0.3160015694140927
2019-02-22,0.0953658568772164
2019-02-23,0.0
2019-02-24,0.0
2019-02-25,-0.0295854743977752
2019-02-26,-0.2283379480675806
2019-02-27,-3.0041784441314223
2019-02-28,-3.786575463240915
2019-03-01,0.7775923502945314
2019-03-02,0.0
2019-03-03,0.0
2019-03-04,0.0199461605811857
2019-03-05,-1.4168924798115157
2019-03-06,-8.018649947690616
2019-03-07,4.79938894638674
2019-03-08,-0.3481810231741544
2019-03-09,0.0
2019-03-10,0.0
2019-03-11,5.290043782859732
2019-03-12,-3.9376046209269377
2019-03-13,-2.407264632944284
2019-03-14,-9.902513553191897
2019-03-15,-3.485229432316994
2019-03-16,0.0
2019-03-17,0.0
2019-03-18,-0.5884785646673496
2019-03-19,-3.284132410351181
2019-03-20,-1.2570090650760424
2019-03-21,4.690154151551873
2019-03-22,17.763097077674406
2019-03-23,0.0
2019-03-24,0.0
2019-03-25,0.1236086398383129
2019-03-26,0.7400063822064373
2019-03-27,-2.883325758085276
2019-03-28,0.1388117535168209
2019-03-29,1.135099247256277
2019-03-30,0.0
2019-03-31,0.0
2019-04-01,2.7219855749805344
2019-04-02,0.0193426813043684
2019-04-03,0.4011863395436688
2019-04-04,-0.6727284331989991
2019-04-05,-0.870618272323187
2019-04-06,0.0
2019-04-07,0.0
2019-04-08,-0.0823067758286555
2019-04-09,1.1737106182571289
2019-04-10,0.6517453901122794
2019-04-11,-0.1637271757383485
2019-04-12,-0.8466370121535394
2019-04-13,0.0
2019-04-14,0.0
2019-04-15,-0.219038888088241
2019-04-16,-0.0512216536669773
2019-04-17,-3.0488790997520443
2019-04-18,-4.879704441280996
2019-04-19,0.0
2019-04-20,0.0
2019-04-21,0.0
2019-04-22,-0.5475902318180403
2019-04-23,-5.9091496280022415
2019-04-24,0.5584829162466942
2019-04-25,-0.7537197620256175
2019-04-26,-0.4069489240525081
2019-04-27,0.0
2019-04-28,0.0
2019-04-29,-0.996002394436657
2019-04-30,3.2691997434907805
2019-05-01,1.6300483867905724
2019-05-02,0.2534775585561588
2019-05-03,1.3166627705302636
2019-05-04,0.0
2019-05-05,0.0
2019-05-06,-23.451483820618424
2019-05-07,21.311118250812516
2019-05-08,-0.6757171130734152
2019-05-09,-0.9659772048946302
2019-05-10,-0.1823123905055901
2019-05-11,0.0
2019-05-12,0.0
2019-05-13,36.00284110551162
2019-05-14,-0.7006776732258024
2019-05-15,2.4571992894203643
2019-05-16,1.0956047438309913
2019-05-17,1.926387756194936
2019-05-18,0.0
2019-05-19,0.0
2019-05-20,2.691619457972938
2019-05-21,2.1309444005676026
2019-05-22,-0.1603842521782916
2019-05-23,2.534218190637349
2019-05-24,0.0901870727741949
2019-05-25,0.0
2019-05-26,0.0
2019-05-27,0.0
2019-05-28,-0.4831293725351404
2019-05-29,0.5892101493544244
2019-05-30,-0.0481423249402812
2019-05-31,2.5973974305248726
2019-06-01,0.0
2019-06-02,0.0
2019-06-03,2.568664242543406
2019-06-04,10.549715498324774
2019-06-05,-1.8355741353449528
2019-06-06,0.6568136392127277
2019-06-07,3.667663012198586
2019-06-08,0.0
2019-06-09,0.0
2019-06-10,1.267465992035599
2019-06-11,-0.0957277770595288
2019-06-12,-0.4311032815261462
2019-06-13,0.2641343476581514
2019-06-14,0.1854596219412974
2019-06-15,0.0
2019-06-16,0.0
2019-06-17,-2.478279265964378
2019-06-18,2.2396615961188804
2019-06-19,-3.931883699427596
2019-06-20,0.5917443766245034
2019-06-21,-0.145253642360843
2019-06-22,0.0
2019-06-23,0.0
2019-06-24,0.1537712370474953
2019-06-25,-12.143819312201677
2019-06-26,-1.5613557959774704
2019-06-27,-1.052986296859959
2019-06-28,-1.017030084348769
2019-06-29,0.0
2019-06-30,0.0
2019-07-01,-0.4890171473491911
2019-07-02,-4.255183910433724
2019-07-03,-0.856071419763893
2019-07-04,0.0
2019-07-05,-0.5475026102458869
2019-07-06,0.0
2019-07-07,0.0
2019-07-08,-4.1159725104580325
2019-07-09,0.193730938311698
2019-07-10,-0.242912129089956
2019-07-11,-1.9772810412250208
2019-07-12,0.1898184556441862
2019-07-13,0.0
2019-07-14,0.0
2019-07-15,-7.098505866283267
2019-07-16,-8.170137179990322
2019-07-17,-13.77929465834491
2019-07-18,-0.5088169263571252
2019-07-19,3.3595105670079395
2019-07-20,0.0
2019-07-21,0.0
2019-07-22,-6.721471609678109
2019-07-23,-2.409384515530155
2019-07-24,1.6530102937122315
2019-07-25,4.473778216784008
2019-07-26,2.6024320606943707
2019-07-27,0.0
2019-07-28,0.0
2019-07-29,-0.3676907271290108
2019-07-30,0.0089688671976784
2019-07-31,0.7904690905450984
2019-08-01,2.200321588570109
2019-08-02,4.023156941165573
2019-08-03,0.0
2019-08-04,0.0
2019-08-05,32.6054200038586
2019-08-06,3.7877582844816127
2019-08-07,-3.4460075562852133
2019-08-08,8.169699382767748
2019-08-09,0.8533319974900921
2019-08-10,0.0
2019-08-11,0.0
2019-08-12,1.6839202899181285
2019-08-13,3.836272015979425
2019-08-14,11.302196118080143
2019-08-15,-0.8973967086476131
2019-08-16,3.510563991786042
2019-08-17,0.0
2019-08-18,0.0
2019-08-19,1.5628427117409194
2019-08-20,0.0326711470751028
2019-08-21,0.2769896230980562
2019-08-22,0.0786715956885286
2019-08-23,7.583776494467931
2019-08-24,0.0
2019-08-25,0.0
2019-08-26,1.7995218568891191
2019-08-27,-0.0321415346718034
2019-08-28,0.1570319838760214
2019-08-29,1.954948627831521
2019-08-30,-0.3438790717818496
2019-08-31,0.0
2019-09-01,0.0
2019-09-02,0.0
2019-09-03,0.2971240857878143
2019-09-04,1.217330016236562
2019-09-05,1.922487404889872
2019-09-06,-0.6489443213002044
2019-09-07,0.0
2019-09-08,0.0
2019-09-09,-1.0626248492034307
2019-09-10,-0.0943592445834751
2019-09-11,0.9431055061678516
2019-09-12,-0.9862087019167464
2019-09-13,-0.4665838395183086
2019-09-14,0.0
2019-09-15,0.0
2019-09-16,-1.4104245191846498
2019-09-17,-11.47545036591625
2019-09-18,-1.4486614444761958
2019-09-19,-0.0552351642613468
2019-09-20,-4.115079697863799
2019-09-21,0.0
2019-09-22,0.0
2019-09-23,-1.268273105014428
2019-09-24,0.8821621662553181
2019-09-25,-3.032076804668571
2019-09-26,-12.501823647628896
2019-09-27,2.376843337403134
2019-09-28,0.0
2019-09-29,0.0
2019-09-30,-3.248609115088663
2019-10-01,-0.8259010053390026
2019-10-02,3.172328828324189
2019-10-03,0.7216997131413105
2019-10-04,2.9467170169704016
2019-10-05,0.0
2019-10-06,0.0
2019-10-07,-14.91606079782384
2019-10-08,2.674346830108476
2019-10-09,1.70119257675041
2019-10-10,0.3555508312859556
2019-10-11,-0.7306666525022543
2019-10-12,0.0
2019-10-13,0.0
2019-10-14,-0.0159532734856249
2019-10-15,-0.1543002506622093
2019-10-16,-2.496942475535535
2019-10-17,-5.627808199866302
2019-10-18,1.4686154410545882
2019-10-19,0.0
2019-10-20,0.0
2019-10-21,1.611580818137881
2019-10-22,1.1358124141015449
2019-10-23,-2.237609670378116
2019-10-24,1.225402380377849
2019-10-25,0.8704247586483138
2019-10-26,0.0
2019-10-27,0.0
2019-10-28,1.621149770686392
2019-10-29,0.5903911713330379
2019-10-30,0.1137099300475341
2019-10-31,0.068384021090484
2019-11-01,0.6573166641842487
2019-11-02,0.0
2019-11-03,0.0
2019-11-04,0.3047893997703443
2019-11-05,-5.201320638960638
2019-11-06,-1.2650570252555893
2019-11-07,-1.1327144114986032
2019-11-08,-3.854520308582554
2019-11-09,0.0
2019-11-10,0.0
2019-11-11,-0.4557082141527613
2019-11-12,-4.571591040143064
2019-11-13,-9.207788807882144
2019-11-14,-2.0496916536677623
2019-11-15,-3.782107456076944
2019-11-16,0.0
2019-11-17,0.0
2019-11-18,-1.104146920625082
2019-11-19,-15.496314230939369
2019-11-20,0.4326678269785722
2019-11-21,0.544605357597705
2019-11-22,-6.706250409507486
2019-11-23,0.0
2019-11-24,0.0
2019-11-25,6.421585966728838
2019-11-26,-5.588770240163521
2019-11-27,-0.3962981614784033
2019-11-28,0.0
2019-11-29,2.4474114984620154
2019-11-30,0.0
2019-12-01,0.0
2019-12-02,3.937071877052034
2019-12-03,-0.1158269784611976
2019-12-04,-3.424902920497541
2019-12-05,0.102526782002088
2019-12-06,1.493621555289204
2019-12-07,0.0
2019-12-08,0.0
2019-12-09,0.2384224975833682
2019-12-10,-3.943518581006889
2019-12-11,-2.5452889946443125
2019-12-12,1.8279427387094536
2019-12-13,-0.5579880434600559
2019-12-14,0.0
2019-12-15,0.0
2019-12-16,-2.3015040498708617
2019-12-17,-0.9854725356434836
2019-12-18,-0.0485798733148579
2019-12-19,0.3101782327235014
2019-12-20,0.3000552644985443
2019-12-21,0.0
2019-12-22,0.0
2019-12-23,-0.5527935940116802
2019-12-24,-0.5666828548937186
2019-12-25,0.0
2019-12-26,2.123183463784417
2019-12-27,0.4981927247817319
2019-12-28,0.0
2019-12-29,0.0
2019-12-30,4.213899464881887
2019-12-31,-1.674172642159788
2020-01-01,0.0
2020-01-02,7.328239471488418
2020-01-03,4.738905988940956
2020-01-04,0.0
2020-01-05,0.0
2020-01-06,-1.6656933098459614
2020-01-07,-0.6992926636587349
2020-01-08,0.9428714405818271
2020-01-09,-4.134888927895252
2020-01-10,1.1570270860979504
2020-01-11,0.0
2020-01-12,0.0
2020-01-13,2.388363374932534
2020-01-14,-1.1775727407488112
2020-01-15,-9.672341972396826
2020-01-16,-0.6632181202449683
2020-01-17,-0.3213793938549369
2020-01-18,0.0
2020-01-19,0.0
2020-01-20,0.0
2020-01-21,1.113489149031044
2020-01-22,-3.0115302374617348
2020-01-23,-2.998438274815385
2020-01-24,8.874420780802183
2020-01-25,0.0
2020-01-26,0.0
2020-01-27,23.188820630841462
2020-01-28,4.518160454734166
2020-01-29,0.0717891766277123
2020-01-30,-1.7858703729960457
2020-01-31,10.572710025294096
2020-02-01,0.0
2020-02-02,0.0
2020-02-03,4.059867943533657
2020-02-04,8.733121740851658
2020-02-05,0.005273641930259
2020-02-06,0.4603170112837285
2020-02-07,1.2608799648931912
2020-02-08,0.0
2020-02-09,0.0
2020-02-10,1.1607134937471564
2020-02-11,-0.3161957291710648
2020-02-12,-0.9785959955673772
2020-02-13,0.3841944374269879
2020-02-14,-2.6177741132895505
2020-02-15,0.0
2020-02-16,0.0
2020-02-17,0.0
2020-02-18,-2.391485246408065
2020-02-19,0.6755629930339957
2020-02-20,1.883014532164684
2020-02-21,8.534327480498781
2020-02-22,0.0
2020-02-23,0.0
2020-02-24,25.380246211992773
2020-02-25,9.240155850865172
2020-02-26,-1.2709955967228348
2020-02-27,20.328943821062072
2020-02-28,-0.0314359978224709
2020-02-29,0.0
2020-03-01,0.0
2020-03-02,13.724874860139536
2020-03-03,4.401517314652437
2020-03-04,8.059002613206578
2020-03-05,3.888223660408019
2020-03-06,0.9969223160716468
2020-03-07,0.0
2020-03-08,0.0
2020-03-09,19.213842665318225
2020-03-10,7.125638349483521
2020-03-11,4.007775218354337
2020-03-12,18.2246684805188
2020-03-13,14.398489447873274
2020-03-14,0.0
2020-03-15,0.0
2020-03-16,18.02462308056707
2020-03-17,3.875534854906859
2020-03-18,0.5560647441415822
2020-03-19,0.7239342261150972
2020-03-20,0.4319753532057158
2020-03-21,0.0
2020-03-22,0.0
2020-03-23,0.0303069084186535
2020-03-24,5.834966322115043
2020-03-25,-0.0586185454554466
2020-03-26,2.636113151899666
2020-03-27,0.6234567355388743
2020-03-28,0.0
2020-03-29,0.0
2020-03-30,1.238523897931132
2020-03-31,-0.038611399154087
2020-04-01,0.688363836170014
2020-04-02,0.4545365636059673
2020-04-03,-0.0280170521667733
2020-04-04,0.0
2020-04-05,0.0
2020-04-06,3.291236368519801
2020-04-07,-0.3390535177351217
2020-04-08,0.5165159119744578
2020-04-09,-1.1717151848885
2020-04-10,0.0
2020-04-11,0.0
2020-04-12,0.0
2020-04-13,0.0234530307707592
2020-04-14,-0.2834081697601021
2020-04-15,-0.4257833362970475
2020-04-16,-0.7820332021297505
2020-04-17,-0.4590427687755527
2020-04-18,0.0
2020-04-19,0.0
2020-04-20,-0.1596156960096073
2020-04-21,-3.0230379555897025
2020-04-22,-1.0750312268306916
2020-04-23,-1.769339879167542
2020-04-24,-8.115715819041835
2020-04-25,0.0
2020-04-26,0.0
2020-04-27,-6.457318202543805
2020-04-28,-20.52066189380056
2020-04-29,-3.348759978950244
2020-04-30,-5.184510662428654
2020-05-01,2.476765455965668
2020-05-02,0.0
2020-05-03,0.0
2020-05-04,-3.7776047172462746
2020-05-05,-0.2098005008981052
2020-05-06,-10.366500867770345
2020-05-07,-0.1314006603134521
2020-05-08,-5.680222761249021
2020-05-09,0.0
2020-05-10,0.0
2020-05-11,-5.594878527679814
2020-05-12,-0.5322987646167898
2020-05-13,0.6493180248199115
2020-05-14,-8.177620083304882
2020-05-15,-0.4109663540572406
2020-05-16,0.0
2020-05-17,0.0
2020-05-18,-0.716461265906565
2020-05-19,-16.286352267634076
2020-05-20,0.8227916136219093
2020-05-21,-0.9983911431569624
2020-05-22,-0.0537551298643523
2020-05-23,0.0
2020-05-24,0.0
2020-05-25,0.0
2020-05-26,0.0396740242003534
2020-05-27,-6.615840637473836
2020-05-28,-1.589821440396766
2020-05-29,-0.5061977925822525
2020-05-30,0.0
2020-05-31,0.0
2020-06-01,-0.6147545493460971
2020-06-02,-1.232724405272401
2020-06-03,-11.105335971856512
2020-06-04,-3.347200472960221
2020-06-05,2.070716308978904
2020-06-06,0.0
2020-06-07,0.0
2020-06-08,-0.7974986403074147
2020-06-09,-0.3488955843408581
2020-06-10,-3.141655566168544
2020-06-11,19.937317400389134
2020-06-12,0.2207157615317534
2020-06-13,0.0
2020-06-14,0.0
2020-06-15,-7.882771026610458
2020-06-16,0.8235556932465693
2020-06-17,-0.333686573611669
2020-06-18,-0.0085456231499025
2020-06-19,-0.7408179013373428
2020-06-20,0.0
2020-06-21,0.0
2020-06-22,-0.7142396081756264
2020-06-23,-0.0228130866379405
2020-06-24,0.5062538491860558
2020-06-25,-2.4949056068156006
2020-06-26,6.728554650212804
2020-06-27,0.0
2020-06-28,0.0
2020-06-29,0.3974634901592111
2020-06-30,-1.4741433767769596
2020-07-01,-0.2292524757300573
2020-07-02,-2.2260737833884825
2020-07-03,0.0
2020-07-04,0.0
2020-07-05,0.0
2020-07-06,1.3104694991560972
2020-07-07,1.1237572210934132
2020-07-08,0.7882505716023669
2020-07-09,-0.0926338979207019
2020-07-10,-0.4854557562519512
2020-07-11,0.0
2020-07-12,0.0
2020-07-13,3.913782750336092
2020-07-14,0.185888437430437
2020-07-15,0.0002012377156912
2020-07-16,0.5330267714093173
2020-07-17,-0.6312766524306901
2020-07-18,0.0
2020-07-19,0.0
2020-07-20,1.1548157924039293
2020-07-21,0.3052165497152259
2020-07-22,-0.0015027451022997
2020-07-23,3.8798410432647534
2020-07-24,-20.447151287229996
2020-07-25,0.0
2020-07-26,0.0
2020-07-27,1.2699831797122971
2020-07-28,1.00090975849092
2020-07-29,-0.937467309860418
2020-07-30,0.0364056425234737
2020-07-31,1.4072244029999403
2020-08-01,0.0
2020-08-02,0.0
2020-08-03,1.1817853035169357
2020-08-04,-0.5789133621938558
2020-08-05,-0.1397969107590602
2020-08-06,-5.569772074183421
2020-08-07,0.9652149460825044
2020-08-08,0.0
2020-08-09,0.0
2020-08-10,-8.596907353434535
2020-08-11,4.021569680589932
2020-08-12,0.9242569116704402
2020-08-13,-0.4647864909779087
2020-08-14,0.1771731814876442
2020-08-15,0.0
2020-08-16,0.0
2020-08-17,-3.5582927571291223
2020-08-18,-1.1523797499473851
2020-08-19,-0.9087590812791312
2020-08-20,0.7444695637573329
2020-08-21,-0.1866442996537265
2020-08-22,0.0
2020-08-23,0.0
2020-08-24,-7.07796637073177
2020-08-25,-0.2684632384363561
2020-08-26,2.5949067368348238
2020-08-27,-0.9035991976084956
2020-08-28,0.0767328217309515
2020-08-29,0.0
2020-08-30,0.0
2020-08-31,-6.261199155926378
2020-09-01,-0.3153946082021686
2020-09-02,0.5023876003808381
2020-09-03,29.848494339981045
2020-09-04,0.834945026700673
2020-09-05,0.0
2020-09-06,0.0
2020-09-07,0.0
2020-09-08,14.2633376226029
2020-09-09,2.828812359221544
2020-09-10,2.167478188258376
2020-09-11,0.2424948733200205
2020-09-12,0.0
2020-09-13,0.0
2020-09-14,0.7285006128112004
2020-09-15,-0.3807054088342365
2020-09-16,1.00177503726806
2020-09-17,0.8151320258937167
2020-09-18,-0.0446629879248705
2020-09-19,0.0
2020-09-20,0.0
2020-09-21,-0.3706898413557868
2020-09-22,1.700549033135279
2020-09-23,3.605475401148417
2020-09-24,-2.465535119851004
2020-09-25,2.881045719821418
2020-09-26,0.0
2020-09-27,0.0
2020-09-28,1.7899299875820065
2020-09-29,-0.4561411806783599
2020-09-30,0.0101771154716434
2020-10-01,0.8161678234175351
2020-10-02,1.969346220095658
2020-10-03,0.0
2020-10-04,0.0
2020-10-05,2.5125432796405
2020-10-06,0.9319973665256498
2020-10-07,1.3643689699033068
2020-10-08,-1.2638276726306574
2020-10-09,0.8796186424091745
2020-10-10,0.0
2020-10-11,0.0
2020-10-12,2.6295372257109983
2020-10-13,-0.1669519590740464
2020-10-14,-0.5647546407066328
2020-10-15,-0.4049892974027358
2020-10-16,-11.8462628436942
2020-10-17,0.0
2020-10-18,0.0
2020-10-19,0.6655583161956358
2020-10-20,-10.90699915429746
2020-10-21,-4.399640867729293
2020-10-22,-3.5831727237069844
2020-10-23,-0.4964770490295755
2020-10-24,0.0
2020-10-25,0.0
2020-10-26,0.2778270715834807
2020-10-27,-0.7840862078450361
2020-10-28,10.348293674739018
2020-10-29,0.5625076567875364
2020-10-30,3.440566715636262
2020-10-31,0.0
2020-11-01,0.0
2020-11-02,0.0688034517810853
2020-11-03,0.2921395064984899
2020-11-04,1.5960007175446431
2020-11-05,2.99559563412255
2020-11-06,-2.076801612993961
2020-11-07,0.0
2020-11-08,0.0
2020-11-09,0.297768494561601
2020-11-10,1.2701146120039697
2020-11-11,1.7447279518100878
2020-11-12,-0.5462125075826108
2020-11-13,-2.930988240628507
2020-11-14,0.0
2020-11-15,0.0
2020-11-16,-2.477767698573019
2020-11-17,-1.9125357564135137
2020-11-18,-1.246462580739205
2020-11-19,0.2784162842304427
2020-11-20,-0.9077042656839064
2020-11-21,0.0
2020-11-22,0.0
2020-11-23,-4.301879248858286
2020-11-24,1.2061763381321366
2020-11-25,-0.4379697249820347
2020-11-26,0.0
2020-11-27,0.2257507817853277
2020-11-28,0.0
2020-11-29,0.0
2020-11-30,-0.1567536834289118
2020-12-01,-1.7055042697923906
2020-12-02,0.0560301461496104
2020-12-03,-0.2034907756611081
2020-12-04,0.145395611951038
2020-12-05,0.0
2020-12-06,0.0
2020-12-07,0.0166971048077835
2020-12-08,-2.928946436839963
2020-12-09,3.931367141567166
2020-12-10,-13.62782837542522
2020-12-11,-1.2446437845820002
2020-12-12,0.0
2020-12-13,0.0
2020-12-14,-8.814493565829961
2020-12-15,0.7622052056818429
2020-12-16,-2.384714395678833
2020-12-17,-15.824832822911382
2020-12-18,-9.592326278157316
2020-12-19,0.0
2020-12-20,0.0
2020-12-21,0.1622997675219561
2020-12-22,-7.247973183979839
2020-12-23,-6.58113314595945
2020-12-24,-8.707406931834427
2020-12-25,0.0
2020-12-26,0.0
2020-12-27,0.0
2020-12-28,-2.5519223514541167
2020-12-29,-0.1883471933166181
2020-12-30,-1.0144436963041126
2020-12-31,-0.7807401280588322
2021-01-01,0.0
2021-01-02,0.0
2021-01-03,0.0
2021-01-04,6.907049198993054
2021-01-05,0.3319008100247211
2021-01-06,0.9740231862765292
2021-01-07,15.439042483570288
2021-01-08,-1.1890273920337813
2021-01-09,0.0
2021-01-10,0.0
2021-01-11,5.720779435607226
2021-01-12,-1.0386907079335983
2021-01-13,-0.1132797067911695
2021-01-14,-2.3043256807356194
2021-01-15,2.548909110512976
2021-01-16,0.0
2021-01-17,0.0
2021-01-18,0.0
2021-01-19,3.95319252619859
2021-01-20,5.648566775012842
2021-01-21,0.0908264616102716
2021-01-22,-0.0674262692041183
2021-01-23,0.0
2021-01-24,0.0
2021-01-25,-9.792296190602912
2021-01-26,0.255752887282501
2021-01-27,17.66462724140567
2021-01-28,-0.0006318004060479
2021-01-29,6.038559576506208
2021-01-30,0.0
2021-01-31,0.0
2021-02-01,7.82602899179865
2021-02-02,1.8007362126890358
2021-02-03,-0.0353796251655658
2021-02-04,1.049809467376539
2021-02-05,0.0384479280515215
2021-02-06,0.0
2021-02-07,0.0
2021-02-08,0.1347312924820043
2021-02-09,0.0284795809791793
2021-02-10,0.096135856558277
2021-02-11,-0.517873695879445
2021-02-12,0.0227995519149981
2021-02-13,0.0
2021-02-14,0.0
2021-02-15,0.0
2021-02-16,0.4645311945147723
2021-02-17,-2.9509298404075013
2021-02-18,0.7535123433855873
2021-02-19,-0.940644095417531
2021-02-20,0.0
2021-02-21,0.0
2021-02-22,2.3100460573293624
2021-02-23,-0.6398005879334812
2021-02-24,-1.3737270591562156
2021-02-25,15.87395807736447
2021-02-26,0.1124130550758772
2021-02-27,0.0
2021-02-28,0.0
2021-03-01,7.658692840311554
2021-03-02,1.896095528741326
2021-03-03,4.175408037429529
2021-03-04,-0.168221746039765
2021-03-05,1.737858476919607
2021-03-06,0.0
2021-03-07,0.0
2021-03-08,3.436994180153108
2021-03-09,8.712558449984243
2021-03-10,0.0032714225220109
2021-03-11,-0.1254505691804297
2021-03-12,0.071760383694519
2021-03-13,0.0
2021-03-14,0.0
2021-03-15,-1.8490147249643265
2021-03-16,-3.573390620514938
2021-03-17,-1.418244863779372
2021-03-18,5.6285851439952905
2021-03-19,-0.6062911401978011
2021-03-20,0.0
2021-03-21,0.0
2021-03-22,0.776093080300555
2021-03-23,-0.1434601437990457
2021-03-24,1.7914598245502455
2021-03-25,0.0779121783406333
2021-03-26,0.98033583322521
2021-03-27,0.0
2021-03-28,0.0
2021-03-29,-0.2185075657406776
2021-03-30,0.0064630759779138
2021-03-31,1.5760841406276205
2021-04-01,1.6806601045216365
2021-04-02,0.0
2021-04-03,0.0
2021-04-04,0.0
2021-04-05,1.508740401857578
2021-04-06,-3.1390634348646307
2021-04-07,-0.153570543715964
2021-04-08,0.0400092578945798
2021-04-09,-7.514437106739013
2021-04-10,0.0
2021-04-11,0.0
2021-04-12,0.0924366842441015
2021-04-13,-4.554656313102035
2021-04-14,-1.4327801634398507
2021-04-15,-5.299647248861916
2021-04-16,-4.685985225094614
2021-04-17,0.0
2021-04-18,0.0
2021-04-19,0.0610479120141782
2021-04-20,-5.207116819588498
2021-04-21,-10.554614050711242
2021-04-22,1.5034411755931787
2021-04-23,-4.540400510860221
2021-04-24,0.0
2021-04-25,0.0
2021-04-26,-0.1350636980297914
2021-04-27,-0.6208994343118057
2021-04-28,0.2289907217039477
2021-04-29,-0.077300532739033
2021-04-30,-13.051952909623864
2021-05-01,0.0
2021-05-02,0.0
2021-05-03,0.2282462052231704
2021-05-04,4.715261670978643
2021-05-05,-1.941670596432532
2021-05-06,-7.704083321831856
2021-05-07,0.8929642398062709
2021-05-08,0.0
2021-05-09,0.0
2021-05-10,10.800148896851235
2021-05-11,-0.6558797091107849
2021-05-12,10.943869758495172
2021-05-13,-2.3543674706825835
2021-05-14,2.902616582228257
2021-05-15,0.0
2021-05-16,0.0
2021-05-17,-3.511572130535956
2021-05-18,0.2984268019188718
2021-05-19,0.0050281914403482
2021-05-20,2.8248700451539044
2021-05-21,-0.2567679958876967
2021-05-22,0.0
2021-05-23,0.0
2021-05-24,2.5951348979595945
2021-05-25,-1.4833684786997647
2021-05-26,-0.5680654067711788
2021-05-27,-2.2762764741531383
2021-05-28,-0.0025998707001817
2021-05-29,0.0
2021-05-30,0.0
2021-05-31,0.0
2021-06-01,-1.1179104579610022
2021-06-02,-1.0491251356854692
2021-06-03,-0.7075183046719613
2021-06-04,1.938146248667283
2021-06-05,0.0
2021-06-06,0.0
2021-06-07,-2.449149949173135
2021-06-08,-0.9788751026209352
2021-06-09,-0.1222808588504431
2021-06-10,0.8205880488109774
2021-06-11,0.1024365087567202
2021-06-12,0.0
2021-06-13,0.0
2021-06-14,-0.3578573332593815
2021-06-15,0.4215589817847753
2021-06-16,-5.433000781291497
2021-06-17,0.4824918016374635
2021-06-18,1.5801595100374044
2021-06-19,0.0
2021-06-20,0.0
2021-06-21,-0.1836095475369559
2021-06-22,-11.211194818721616
2021-06-23,-0.1616190351495294
2021-06-24,-18.28965276669896
2021-06-25,-0.0511462534592221
2021-06-26,0.0
2021-06-27,0.0
2021-06-28,-10.904244979761346
2021-06-29,-1.4942441262714825
2021-06-30,-1.9341991959032525
2021-07-01,-0.2927665060182272
2021-07-02,-7.7740050556826095
2021-07-03,0.0
2021-07-04,0.0
2021-07-05,0.0
2021-07-06,-2.5655797161566074
2021-07-07,-6.179038902190337
2021-07-08,4.440752099466838
2021-07-09,2.125953414187886
2021-07-10,0.0
2021-07-11,0.0
2021-07-12,-0.2815973244522318
2021-07-13,1.6621982371765265
2021-07-14,0.464972600139224
2021-07-15,3.653401145288737
2021-07-16,-2.2858413344565287
2021-07-17,0.0
2021-07-18,0.0
2021-07-19,-1.084281842720325
2021-07-20,8.487720980571844
2021-07-21,2.141963179387951
2021-07-22,-0.1379139900861026
2021-07-23,1.3772999181560497
2021-07-24,0.0
2021-07-25,0.0
2021-07-26,-0.0095000865736771
2021-07-27,5.406121487611437
2021-07-28,-1.388875473070117
2021-07-29,-0.5370612443877265
2021-07-30,0.7748768444018728
2021-07-31,0.0
2021-08-01,0.0
2021-08-02,-3.8854799388742256
2021-08-03,-0.9329505577267638
2021-08-04,-1.616403534634803
2021-08-05,1.5697966711543332
2021-08-06,-0.1457709223452563
2021-08-07,0.0
2021-08-08,0.0
2021-08-09,-0.1039714461148144
2021-08-10,-1.6853424716006815
2021-08-11,0.1118809355579397
2021-08-12,0.1050444776608872
2021-08-13,-0.0103392762927256
2021-08-14,0.0
2021-08-15,0.0
2021-08-16,-1.9604779155525944
2021-08-17,3.4915667129619354
2021-08-18,2.842984479879229
2021-08-19,-1.7118095077362283
2021-08-20,1.653454767239726
2021-08-21,0.0
2021-08-22,0.0
2021-08-23,7.724002497142579
2021-08-24,0.0358865754570336
2021-08-25,-0.2750838378228759
2021-08-26,-0.26765396135775
2021-08-27,1.0724243640140685
2021-08-28,0.0
2021-08-29,0.0
2021-08-30,-3.297559824966778
2021-08-31,-5.987475754729488
2021-09-01,-1.999021133819601
2021-09-02,-0.1717784491371721
2021-09-03,-3.149170102178933
2021-09-04,0.0
2021-09-05,0.0
2021-09-06,0.0
2021-09-07,-0.0256642154195296
2021-09-08,-5.603676842374162
2021-09-09,-0.8479140262945051
2021-09-10,4.267130787291373
2021-09-11,0.0
2021-09-12,0.0
2021-09-13,-2.708833384874354
2021-09-14,1.303165249887539
2021-09-15,1.442482936727485
2021-09-16,0.0015312707288384
2021-09-17,1.8869005557101024
2021-09-18,0.0
2021-09-19,0.0
2021-09-20,18.118620431254985
2021-09-21,0.0730207236700586
2021-09-22,2.330714076960727
2021-09-23,2.6449058120818103
2021-09-24,-0.2016669080276978
2021-09-25,0.0
2021-09-26,0.0
2021-09-27,0.8427138857399541
2021-09-28,19.625259521290797
2021-09-29,-1.4095862439915674
2021-09-30,-1.1114694077005938
2021-10-01,1.2776196166772502
2021-10-02,0.0
2021-10-03,0.0
2021-10-04,5.4285836893046335
2021-10-05,-1.52185833441153
2021-10-06,-0.0954322632385484
2021-10-07,2.184762376833471
2021-10-08,-0.2176225032147871
2021-10-09,0.0
2021-10-10,0.0
2021-10-11,-2.58891959608033
2021-10-12,-2.030312636020415
2021-10-13,1.454847863401243
2021-10-14,5.623082625128983
2021-10-15,0.4851066007849569
2021-10-16,0.0
2021-10-17,0.0
2021-10-18,1.2059626547168856
2021-10-19,0.913211773733047
2021-10-20,-0.4295644988691283
2021-10-21,0.5566086757225808
2021-10-22,-0.1203376441172521
2021-10-23,0.0
2021-10-24,0.0
2021-10-25,1.2058299296833663
2021-10-26,-0.3541721875192527
2021-10-27,-0.9492815616791828
2021-10-28,2.7508614727685288
2021-10-29,-1.359605078326398
2021-10-30,0.0
2021-10-31,0.0
2021-11-01,-8.425707043812514
2021-11-02,0.0379561437625852
2021-11-03,0.0432914825428065
2021-11-04,-0.5947594484807528
2021-11-05,-0.0918523842392105
2021-11-06,0.0
2021-11-07,0.0
2021-11-08,-0.9264278623577372
2021-11-09,-18.397595004782463
2021-11-10,9.35980848095137
2021-11-11,-0.9968461109860494
2021-11-12,0.5258442468503377
2021-11-13,0.0
2021-11-14,0.0
2021-11-15,-15.27021806369383
2021-11-16,-2.109157504194992
2021-11-17,1.370061383911625
2021-11-18,-1.767490316558562
2021-11-19,-2.2894770365408323
2021-11-20,0.0
2021-11-21,0.0
2021-11-22,5.580014742555162
2021-11-23,1.4378644833695553
2021-11-24,-0.541264559285648
2021-11-25,0.0
2021-11-26,11.555968680444728
2021-11-27,0.0
2021-11-28,0.0
2021-11-29,6.80212085972034
2021-11-30,5.421225175018063
2021-12-01,6.331273089122491
2021-12-02,1.0868804550172362
2021-12-03,5.855595303744998
2021-12-04,0.0
2021-12-05,0.0
2021-12-06,0.2510956301265965
2021-12-07,11.479297563403868
2021-12-08,0.3420482055558338
2021-12-09,3.971863241773499
2021-12-10,-1.5212760220955857
2021-12-11,0.0
2021-12-12,0.0
2021-12-13,2.2049921417363505
2021-12-14,0.8431082400373935
2021-12-15,4.967657071943998
2021-12-16,4.602612732301314
2021-12-17,-0.8486698494028722
2021-12-18,0.0
2021-12-19,0.0
2021-12-20,0.914409085312018
2021-12-21,5.762823998668964
2021-12-22,1.1366889319859077
2021-12-23,-1.5509418868853264
2021-12-24,0.0
2021-12-25,0.0
2021-12-26,0.0
2021-12-27,1.321294926647476
2021-12-28,-0.5155412124842829
2021-12-29,0.0047064183040346
2021-12-30,-0.4954148418944148
2021-12-31,0.1980263128876114
2022-01-01,0.0
2022-01-02,0.0
2022-01-03,1.052142583549509
2022-01-04,1.1265974167373738
2022-01-05,7.14963926336849
2022-01-06,-0.0820176047718779
2022-01-07,0.1695035904964115
2022-01-08,0.0
2022-01-09,0.0
2022-01-10,-3.0261911433010047
2022-01-11,-1.189526183094869
2022-01-12,-1.5137595995183162
2022-01-13,2.2445363991155265
2022-01-14,-0.2928973422754555
2022-01-15,0.0
2022-01-16,0.0
2022-01-17,0.0
2022-01-18,2.184541888117564
2022-01-19,-0.1415418768226484
2022-01-20,-7.019287273745656
2022-01-21,3.621669671962602
2022-01-22,0.0
2022-01-23,0.0
2022-01-24,-0.4761053754139932
2022-01-25,1.6764599663333437
2022-01-26,-0.4985877736033761
2022-01-27,0.3316452579301687
2022-01-28,4.227634277994063
2022-01-29,0.0
2022-01-30,0.0
2022-01-31,5.757962956684115
2022-02-01,0.5353201562955823
2022-02-02,-0.4711143215648805
2022-02-03,3.6296393820905326
2022-02-04,0.76589012847601
2022-02-05,0.0
2022-02-06,0.0
2022-02-07,-0.766797034690847
2022-02-08,-0.223474140812252
2022-02-09,3.2096666365391213
2022-02-10,1.724050991673054
2022-02-11,2.9938163551277874
2022-02-12,0.0
2022-02-13,0.0
2022-02-14,0.0737945044013255
2022-02-15,2.8392460786641927
2022-02-16,-0.4185934728708651
2022-02-17,-1.2723595423312806
2022-02-18,0.3661424299711502
2022-02-19,0.0
2022-02-20,0.0
2022-02-21,0.0
2022-02-22,0.1912963297031833
2022-02-23,2.1671414628605
2022-02-24,4.661249453590788
2022-02-25,1.496400912485707
2022-02-26,0.0
2022-02-27,0.0
2022-02-28,-1.8559103181540748
2022-03-01,0.415623423615119
2022-03-02,-0.9295501892465974
2022-03-03,0.4116762908014104
2022-03-04,0.3954066416982371
2022-03-05,0.0
2022-03-06,0.0
2022-03-07,2.310671255998842
2022-03-08,-0.3046603396599567
2022-03-09,3.588801142795961
2022-03-10,0.274790178293971
2022-03-11,0.993227609354852
2022-03-12,0.0
2022-03-13,0.0
2022-03-14,-2.7471493742572406
2022-03-15,-1.2544045704492857
2022-03-16,5.649268071786051
2022-03-17,0.6433288822552452
2022-03-18,-3.2993426641852897
2022-03-19,0.0
2022-03-20,0.0
2022-03-21,-0.9043035702469892
2022-03-22,1.322642993025669
2022-03-23,0.0180694358043576
2022-03-24,-0.225558156052974
2022-03-25,-1.6306547390700032
2022-03-26,0.0
2022-03-27,0.0
2022-03-28,-2.647111330602414
2022-03-29,1.1050029945926187
2022-03-30,-1.5049420475037325
2022-03-31,1.0237354128474596
2022-04-01,-3.662799564697361
2022-04-02,0.0
2022-04-03,0.0
2022-04-04,0.3791068815971465
2022-04-05,1.761791576061933
2022-04-06,-0.7853627161951149
2022-04-07,-4.211984155299531
2022-04-08,-0.2326207177428263
2022-04-09,0.0
2022-04-10,0.0
2022-04-11,2.043158694640379
2022-04-12,-1.03288365598726
2022-04-13,0.6712952798138883
2022-04-14,0.9714477418923506
2022-04-15,0.0
2022-04-16,0.0
2022-04-17,0.0
2022-04-18,-1.1921733662124678
2022-04-19,-4.703918317604572
2022-04-20,0.8768165624270408
2022-04-21,-3.5873052753566004
2022-04-22,2.869272085304164
2022-04-23,0.0
2022-04-24,0.0
2022-04-25,-1.5369131223676114
2022-04-26,5.934790858536831
2022-04-27,-4.018146241764031
2022-04-28,-2.363698331345565
2022-04-29,6.864049089380075
2022-04-30,0.0
2022-05-01,0.0
2022-05-02,-0.801296630203352
2022-05-03,0.1382906210240619
2022-05-04,3.08919057050836
2022-05-05,8.98998504531614
2022-05-06,-1.737360845524194
2022-05-07,0.0
2022-05-08,0.0
2022-05-09,5.2061571389098615
2022-05-10,-0.3946263430095298
2022-05-11,-0.1814346062008143
2022-05-12,0.2081960922819092
2022-05-13,6.333670451377649
2022-05-14,0.0
2022-05-15,0.0
2022-05-16,-0.1662450412055816
2022-05-17,1.4917372436103138
2022-05-18,4.236299912249941
2022-05-19,-0.6012876568541548
2022-05-20,-0.1080556428227907
2022-05-21,0.0
2022-05-22,0.0
2022-05-23,1.181390869724508
2022-05-24,0.1564750146029858
2022-05-25,1.1028605183943665
2022-05-26,0.9253025205999466
2022-05-27,2.652446585931001
2022-05-28,0.0
2022-05-29,0.0
2022-05-30,0.0
2022-05-31,-0.0063720657227817
2022-06-01,-1.515049702836846
2022-06-02,2.066282787826923
2022-06-03,0.3930284281646656
2022-06-04,0.0
2022-06-05,0.0
2022-06-06,-1.1905318418427346
2022-06-07,-0.222043912693115
2022-06-08,-3.672350365971755
2022-06-09,1.812998251803033
2022-06-10,-0.0919596179319914
2022-06-11,0.0
2022-06-12,0.0
2022-06-13,1.113623922862805
2022-06-14,-0.9906361047682276
2022-06-15,2.046087507334726
2022-06-16,-0.0810496651745928
2022-06-17,-4.284500997531138
2022-06-18,0.0
2022-06-19,0.0
2022-06-20,0.0
2022-06-21,1.8764420679723728
2022-06-22,-4.558551206614547
2022-06-23,0.5162418240268529
2022-06-24,0.2394209401942237
2022-06-25,0.0
2022-06-26,0.0
2022-06-27,0.168338796382228
2022-06-28,-1.6379695845060716
2022-06-29,-0.3140240232001323
2022-06-30,-2.1412525183743703
2022-07-01,-6.433822723073945
2022-07-02,0.0
2022-07-03,0.0
2022-07-04,0.0
2022-07-05,1.0811233762365149
2022-07-06,0.0150384200456654
2022-07-07,0.8730612772379187
2022-07-08,-2.0035105651922014
2022-07-09,0.0
2022-07-10,0.0
2022-07-11,1.1382956870109815
2022-07-12,-2.26901405366583
2022-07-13,-4.356359935953435
2022-07-14,0.018992345172486
2022-07-15,1.3845865497464471
2022-07-16,0.0
2022-07-17,0.0
2022-07-18,-3.00404681113452
2022-07-19,2.016952955413553
2022-07-20,0.9311649301649848
2022-07-21,0.3686911136044468
2022-07-22,1.0849239275142477
2022-07-23,0.0
2022-07-24,0.0
2022-07-25,-2.7641822779592817
2022-07-26,-3.7352733844298815
2022-07-27,-4.642026914042264
2022-07-28,0.2103527858933862
2022-07-29,-1.0089500425540132
2022-07-30,0.0
2022-07-31,0.0
2022-08-01,-10.267806561929484
2022-08-02,-0.2851728658761376
2022-08-03,0.1822058288326156
2022-08-04,-0.2128124783749574
2022-08-05,-0.301148032263987
2022-08-06,0.0
2022-08-07,0.0
2022-08-08,-5.125929263376793
2022-08-09,0.7718095666717106
2022-08-10,-3.494940715941408
2022-08-11,0.5814920699285242
2022-08-12,-0.6559963351632225
2022-08-13,0.0
2022-08-14,0.0
2022-08-15,-0.0769801545204007
2022-08-16,-0.6700121289925365
2022-08-17,2.0577143210930737
2022-08-18,-2.3376996852276344
2022-08-19,3.8245664690082393
2022-08-20,0.0
2022-08-21,0.0
2022-08-22,1.054379001746275
2022-08-23,-0.9545943056443852
2022-08-24,-0.1448196497299658
2022-08-25,1.0289944595663458
2022-08-26,10.034948517646017
2022-08-27,0.0
2022-08-28,0.0
2022-08-29,0.2559023178351882
2022-08-30,-3.840116067280919
2022-08-31,-1.1920381055471774
2022-09-01,-1.132041953872065
2022-09-02,-1.055325733239909
2022-09-03,0.0
2022-09-04,0.0
2022-09-05,0.0
2022-09-06,0.1970413438857399
2022-09-07,0.5691012958770836
2022-09-08,-9.804409817073113
2022-09-09,2.389655626762832
2022-09-10,0.0
2022-09-11,0.0
2022-09-12,-1.3406605614814993
2022-09-13,17.886359641530248
2022-09-14,0.4478670252447525
2022-09-15,-3.3614340430145
2022-09-16,-0.1225408565002195
2022-09-17,0.0
2022-09-18,0.0
2022-09-19,0.6365885762660062
2022-09-20,0.1940706923086343
2022-09-21,0.7705376982228396
2022-09-22,-5.449449208764722
2022-09-23,1.001473968338229
2022-09-24,0.0
2022-09-25,0.0
2022-09-26,-4.254574539487344
2022-09-27,-0.5132760408073755
2022-09-28,4.319403223838192
2022-09-29,2.8287306463837814
2022-09-30,0.0082971624617789
2022-10-01,0.0
2022-10-02,0.0
2022-10-03,3.400434989261769
2022-10-04,4.791812428617814
2022-10-05,-0.0523071459886614
2022-10-06,-0.2417498272412999
2022-10-07,3.330493512617028
2022-10-08,0.0
2022-10-09,0.0
2022-10-10,-5.58202414584017
2022-10-11,0.047627330426736
2022-10-12,-0.1589694692882726
2022-10-13,3.3684730870700896
2022-10-14,3.496377577495058
2022-10-15,0.0
2022-10-16,0.0
2022-10-17,5.672408779099936
2022-10-18,0.4422416361033576
2022-10-19,-2.167407193558746
2022-10-20,-0.3397891989851187
2022-10-21,0.4106134824821472
2022-10-22,0.0
2022-10-23,0.0
2022-10-24,-0.4881356177608875
2022-10-25,-8.40867557469096
2022-10-26,1.3445741670691236
2022-10-27,0.2553201694739382
2022-10-28,3.976726573717504
2022-10-29,0.0
2022-10-30,0.0
2022-10-31,0.0134665948504641
2022-11-01,-0.0465556941035338
2022-11-02,3.4256590022803346
2022-11-03,0.4087690809903899
2022-11-04,-0.247908058824231
2022-11-05,0.0
2022-11-06,0.0
2022-11-07,0.2678697829742615
2022-11-08,0.0875083976263235
2022-11-09,0.3634339712653034
2022-11-10,16.290777162359717
2022-11-11,0.0028633584351123
2022-11-12,0.0
2022-11-13,0.0
2022-11-14,-0.7895163226277258
2022-11-15,-2.618311108468019
2022-11-16,0.7839523714707974
2022-11-17,-0.1118865487448328
2022-11-18,-5.155015072169766
2022-11-19,0.0
2022-11-20,0.0
2022-11-21,0.0482670530759676
2022-11-22,-0.1181345234097075
2022-11-23,0.1540823882902442
2022-11-24,0.0
2022-11-25,-1.2052715503949374
2022-11-26,0.0
2022-11-27,0.0
2022-11-28,-2.907549178040758
2022-11-29,-3.84365400506983
2022-11-30,6.771850512562416
2022-12-01,-0.4258884510261906
2022-12-02,-0.208173910831555
2022-12-03,0.0
2022-12-04,0.0
2022-12-05,0.0655688905631501
2022-12-06,1.3796937646299412
2022-12-07,-1.7593967319402326
2022-12-08,-1.0730749559687336
2022-12-09,-0.876658517058726
2022-12-10,0.0
2022-12-11,0.0
2022-12-12,-2.481373832189493
2022-12-13,-0.0987550173761286
2022-12-14,-0.0918940032145654
2022-12-15,-0.3947075387891519
2022-12-16,-0.9299565207961268
2022-12-17,0.0
2022-12-18,0.0
2022-12-19,0.4263188046532029
2022-12-20,-0.2951192027238702
2022-12-21,0.8649009668056484
2022-12-22,-0.607132651362774
2022-12-23,-24.41981451941804
2022-12-24,0.0
2022-12-25,0.0
2022-12-26,0.0
2022-12-27,-2.325180301568952
2022-12-28,0.3347315474893086
2022-12-29,3.832807799998617
2022-12-30,-1.1986879020777883
2022-12-31,0.0
2023-01-01,0.0
2023-01-02,0.0
2023-01-03,0.1964507251091207
2023-01-04,0.558985202459561
2023-01-05,0.5809625122174644
2023-01-06,3.505171816020214
2023-01-07,0.0
2023-01-08,0.0
2023-01-09,-0.4762639904980714
2023-01-10,0.8283142023825851
2023-01-11,0.7352791156043592
2023-01-12,0.0530602764451604
2023-01-13,-12.708474958404867
2023-01-14,0.0
2023-01-15,0.0
2023-01-16,0.0
2023-01-17,0.0075555326462639
2023-01-18,1.051325091118649
2023-01-19,-2.191404207328984
2023-01-20,2.6805485864433987
2023-01-21,0.0
2023-01-22,0.0
2023-01-23,2.6690452778614704
2023-01-24,-0.7116603131032129
2023-01-25,-0.4291710623119393
2023-01-26,1.0802677104390537
2023-01-27,-0.087505028883239
2023-01-28,0.0
2023-01-29,0.0
2023-01-30,2.7261848975748126
2023-01-31,-7.252071447745456
2023-02-01,1.1221984182540057
2023-02-02,3.444713361754159
2023-02-03,3.1263142346626083
2023-02-04,0.0
2023-02-05,0.0
2023-02-06,0.4717080937028051
2023-02-07,-3.4923069279165
2023-02-08,3.502436899799033
2023-02-09,-0.880334175732389
2023-02-10,-1.6191934138433894
2023-02-11,0.0
2023-02-12,0.0
2023-02-13,-2.6787211245228093
2023-02-14,-0.2252152905109494
2023-02-15,-1.0899235007492014
2023-02-16,4.117601592726827
2023-02-17,-2.046522383718385
2023-02-18,0.0
2023-02-19,0.0
2023-02-20,0.0
2023-02-21,2.9313747720121297
2023-02-22,-0.0802644056323909
2023-02-23,-0.2562112964638707
2023-02-24,0.9106170100092514
2023-02-25,0.0
2023-02-26,0.0
2023-02-27,-0.0021411007039229
2023-02-28,-0.2165206484819326
2023-03-01,0.4368727641634651
2023-03-02,-1.1257635993869863
2023-03-03,1.3123735817573312
2023-03-04,0.0
2023-03-05,0.0
2023-03-06,-4.371902583220988
2023-03-07,-1.414975141191066
2023-03-08,0.0061227012418729
2023-03-09,3.628405330424589
2023-03-10,-0.1972927073799146
2023-03-11,0.0
2023-03-12,0.0
2023-03-13,-0.6358432012796067
2023-03-14,0.8155219030336891
2023-03-15,-2.2128530235282384
2023-03-16,1.6945992053009284
2023-03-17,-8.599572592615646
2023-03-18,0.0
2023-03-19,0.0
2023-03-20,-1.821955741310932
2023-03-21,1.66861904948421
2023-03-22,-1.3421089916563211
2023-03-23,-1.4036334179903576
2023-03-24,-0.9174627229494914
2023-03-25,0.0
2023-03-26,0.0
2023-03-27,-0.1578128446181881
2023-03-28,-2.0981050179623817
2023-03-29,3.0512242996783234
2023-03-30,-0.3205980543824149
2023-03-31,-0.5725003053128397
2023-04-01,0.0
2023-04-02,0.0
2023-04-03,-0.3407582980637147
2023-04-04,-7.199390993652477
2023-04-05,1.798905893113223
2023-04-06,0.0483282544707197
2023-04-07,0.0
2023-04-08,0.0
2023-04-09,0.0
2023-04-10,-4.06332216991081
2023-04-11,0.2147765923877331
2023-04-12,1.1728450220794606
2023-04-13,2.9791664171145094
2023-04-14,0.0384597761705851
2023-04-15,0.0
2023-04-16,0.0
2023-04-17,-3.7466639400752455
2023-04-18,-0.0400671206261082
2023-04-19,-2.471201867531569
2023-04-20,1.1285875866197117
2023-04-21,-6.65321692547689
2023-04-22,0.0
2023-04-23,0.0
2023-04-24,-5.657835786307142
2023-04-25,7.68413719963108
2023-04-26,-5.491629900317885
2023-04-27,7.641026932218975
2023-04-28,-6.9653596290063735
2023-04-29,0.0
2023-04-30,0.0
2023-05-01,-1.1635803710907444
2023-05-02,2.307493652724357
2023-05-03,-3.028111696725122
2023-05-04,-4.2324696373036925
2023-05-05,6.40927967434719
2023-05-06,0.0
2023-05-07,0.0
2023-05-08,-0.0512345354078624
2023-05-09,0.3508719097198076
2023-05-10,0.7205666024402646
2023-05-11,-4.268958369325437
2023-05-12,-0.3462414589030849
2023-05-13,0.0
2023-05-14,0.0
2023-05-15,-4.204161901591719
2023-05-16,-0.0846965294964086
2023-05-17,1.997189313510872
2023-05-18,0.6106571275440675
2023-05-19,-0.3046546705045894
2023-05-20,0.0
2023-05-21,0.0
2023-05-22,0.1318221594158286
2023-05-23,2.9488320563669124
2023-05-24,-0.7337174229560595
2023-05-25,-1.5450971073807107
2023-05-26,6.164987353478413
2023-05-27,0.0
2023-05-28,0.0
2023-05-29,0.0
2023-05-30,0.0090541041279923
2023-05-31,1.0208694066403678
2023-06-01,1.5901428570366472
2023-06-02,-0.8476268213824745
2023-06-03,0.0
2023-06-04,0.0
2023-06-05,0.172070307659311
2023-06-06,-0.5532647630329568
2023-06-07,-4.284725128851664
2023-06-08,0.6883102812676567
2023-06-09,-7.183140720982683
2023-06-10,0.0
2023-06-11,0.0
2023-06-12,2.4619749841536587
2023-06-13,0.0621088178723194
2023-06-14,-3.9355319903469854
2023-06-15,-0.5411536258960292
2023-06-16,0.7638997864433561
2023-06-17,0.0
2023-06-18,0.0
2023-06-19,0.0
2023-06-20,-5.934214709913743
2023-06-21,5.150791608136829
2023-06-22,-1.2126572445061878
2023-06-23,2.735952654776685
2023-06-24,0.0
2023-06-25,0.0
2023-06-26,3.966311445955229
2023-06-27,2.419056919428675
2023-06-28,-0.1812577503490287
2023-06-29,-0.2464962567756745
2023-06-30,0.5902313045967666
2023-07-01,0.0
2023-07-02,0.0
2023-07-03,-2.4103113511547147
2023-07-04,0.0
2023-07-05,-0.1101705420106125
2023-07-06,1.9789834021046504
2023-07-07,-3.823244284876093
2023-07-08,0.0
2023-07-09,0.0
2023-07-10,-1.4912897695148253
2023-07-11,-3.74733212142524
2023-07-12,-6.074868166264025
2023-07-13,3.926923148337247
2023-07-14,-1.368504375141144
2023-07-15,0.0
2023-07-16,0.0
2023-07-17,-1.265202482111938
2023-07-18,-0.8788615955377832
2023-07-19,-0.1611813152750385
2023-07-20,11.672740624934974
2023-07-21,-3.999396973850256
2023-07-22,0.0
2023-07-23,0.0
2023-07-24,-1.3044990342233276
2023-07-25,0.3261568022521643
2023-07-26,-3.516851116996411
2023-07-27,-0.0014700097253128
2023-07-28,6.375219236330199
2023-07-29,0.0
2023-07-30,0.0
2023-07-31,-1.9425011491166264
2023-08-01,-0.6963070201686294
2023-08-02,10.313562894103567
2023-08-03,-2.888067312321363
2023-08-04,-0.9622056918060284
2023-08-05,0.0
2023-08-06,0.0
2023-08-07,-1.8039590622108024
2023-08-08,-1.6120390212917224
2023-08-09,-1.588253280355767
2023-08-10,-0.0930091940967492
2023-08-11,1.0051386247329708
2023-08-12,0.0
2023-08-13,0.0
2023-08-14,-1.9419680725749624
2023-08-15,2.4851991935486817
2023-08-16,2.306356626112316
2023-08-17,1.228230578336098
2023-08-18,0.0172512551168457
2023-08-19,0.0
2023-08-20,0.0
2023-08-21,4.574761752671952
2023-08-22,-0.5906952361613205
2023-08-23,2.090423760362836
2023-08-24,0.6488554386274048
2023-08-25,1.8682141020209155
2023-08-26,0.0
2023-08-27,0.0
2023-08-28,-0.2733034738473305
2023-08-29,4.019401515640686
2023-08-30,0.5494204965367899
2023-08-31,-6.049332829334775
2023-09-01,-0.0734168755282427
2023-09-02,0.0
2023-09-03,0.0
2023-09-04,0.0
2023-09-05,-0.0501097636014469
2023-09-06,1.036037252054922
2023-09-07,1.0554039827274098
2023-09-08,-0.2954823015279939
2023-09-09,0.0
2023-09-10,0.0
2023-09-11,-3.800905193209636
2023-09-12,1.2749284969017172
2023-09-13,0.1234151717773635
2023-09-14,-6.474124765235089
2023-09-15,4.364167919403572
2023-09-16,0.0
2023-09-17,0.0
2023-09-18,-0.1561059046341961
2023-09-19,-0.7361084885344926
2023-09-20,2.805401357418313
2023-09-21,3.0249974226715715
2023-09-22,-0.0908680751707136
2023-09-23,0.0
2023-09-24,0.0
2023-09-25,-0.0144981993995485
2023-09-26,1.062949713045791
2023-09-27,-1.294944550437116
2023-09-28,-0.3974748706673692
2023-09-29,-2.0043623518648856
2023-09-30,0.0
2023-10-01,0.0
2023-10-02,0.7003559981068497
2023-10-03,1.3019719050597844
2023-10-04,3.1804663742465378
2023-10-05,-4.299271230620128
2023-10-06,-0.9823359417260756
2023-10-07,0.0
2023-10-08,0.0
2023-10-09,-1.2438494876999329
2023-10-10,-0.6545952134808242
2023-10-11,-4.572410508084712
2023-10-12,-0.1977884987884204
2023-10-13,2.208411223668505
2023-10-14,0.0
2023-10-15,0.0
2023-10-16,3.135131100165633
2023-10-17,0.030141878058143
2023-10-18,2.366828900573892
2023-10-19,0.1862286492476883
2023-10-20,2.9577302834317587
2023-10-21,0.0
2023-10-22,0.0
2023-10-23,-2.4431634191021123
2023-10-24,0.848500920065387
2023-10-25,7.414348423200634
2023-10-26,1.3514689566531457
2023-10-27,-1.574046989850375
2023-10-28,0.0
2023-10-29,0.0
2023-10-30,2.5968470275616884
2023-10-31,0.6459636843681782
2023-11-01,1.6025123325096755
2023-11-02,0.0634850561521682
2023-11-03,2.1894239848873065
2023-11-04,0.0
2023-11-05,0.0
2023-11-06,-0.1118929031256321
2023-11-07,-2.693697758313507
2023-11-08,-0.0033556117782329
2023-11-09,0.7738542011885619
2023-11-10,4.49910301296732
2023-11-11,0.0
2023-11-12,0.0
2023-11-13,-0.1944705815775549
2023-11-14,0.4571802714941064
2023-11-15,-1.3872771732890143
2023-11-16,-0.1090221625559384
2023-11-17,-2.304445340385386
2023-11-18,0.0
2023-11-19,0.0
2023-11-20,1.0292828421891498
2023-11-21,0.5072720744926373
2023-11-22,-0.2614302960979975
2023-11-23,0.0
2023-11-24,-0.6562478891521173
2023-11-25,0.0
2023-11-26,0.0
2023-11-27,-2.411225610198542
2023-11-28,-1.2920405406542046
2023-11-29,-0.0895945911005058
2023-11-30,-4.277322565286679
2023-12-01,-2.00109548617059
2023-12-02,0.0
2023-12-03,0.0
2023-12-04,-3.1776013981702933
2023-12-05,-0.0010170684034749
2023-12-06,0.4826337919157542
2023-12-07,-10.95469114132811
2023-12-08,-10.029360151934764
2023-12-09,0.0
2023-12-10,0.0
2023-12-11,0.1379489953806212
2023-12-12,-1.103653326309717
2023-12-13,2.144627522853781
2023-12-14,-3.326708419401581
2023-12-15,-5.044988631384683
2023-12-16,0.0
2023-12-17,0.0
2023-12-18,-2.8578914607689465
2023-12-19,0.2983265882939401
2023-12-20,8.578396971256087
2023-12-21,2.234619797995263
2023-12-22,-4.007568553658136
2023-12-23,0.0
2023-12-24,0.0
2023-12-25,0.0
2023-12-26,-7.895727942007191
2023-12-27,-0.7941205970380616
2023-12-28,-14.46691547934592
2023-12-29,2.476958356851733
2023-12-30,0.0
2023-12-31,0.0
2024-01-01,0.0
2024-01-02,12.923366852612483
2024-01-03,5.4348242566991
2024-01-04,-1.963224548210496
2024-01-05,-1.3171413120176112
2024-01-06,0.0
2024-01-07,0.0
2024-01-08,12.245155016218323
2024-01-09,-0.1393752761290168
2024-01-10,0.7618936263902976
2024-01-11,0.0234077905299834
2024-01-12,-0.2051621899210598
2024-01-13,0.0
2024-01-14,0.0
2024-01-15,0.0
2024-01-16,-0.066845816307659
2024-01-17,0.9343359254206928
2024-01-18,0.9085813988734648
2024-01-19,4.906677758942935
2024-01-20,0.0
2024-01-21,0.0
2024-01-22,-1.5410801525522544
2024-01-23,-2.647698067906823
2024-01-24,-0.0628131967561507
2024-01-25,0.0030854990435535
2024-01-26,0.25752467367115
2024-01-27,0.0
2024-01-28,0.0
2024-01-29,-1.2663031351789145
2024-01-30,2.0885098753586684
2024-01-31,12.104413696820403
2024-02-01,2.132740458073501
2024-02-02,3.931548257166329
2024-02-03,0.0
2024-02-04,0.0
2024-02-05,-4.413882251232149
2024-02-06,-2.115745330718699
2024-02-07,1.1405130640227634
2024-02-08,-0.2547547427960372
2024-02-09,2.045732024671998
2024-02-10,0.0
2024-02-11,0.0
2024-02-12,0.3357584004276104
2024-02-13,5.7258067474989405
2024-02-14,-3.410736551542526
2024-02-15,-3.5406234773088685
2024-02-16,0.9073707285888633
2024-02-17,0.0
2024-02-18,0.0
2024-02-19,0.0
2024-02-20,2.385486710512663
2024-02-21,-6.266321070613712
2024-02-22,13.077493974229592
2024-02-23,0.0089810034773707
2024-02-24,0.0
2024-02-25,0.0
2024-02-26,0.1109811409585326
2024-02-27,-0.0310078599348284
2024-02-28,0.6275059796170046
2024-02-29,-0.3933071850935943
2024-03-01,-0.5962765818829374
2024-03-02,0.0
2024-03-03,0.0
2024-03-04,-2.60296870596658
2024-03-05,5.082945757813495
2024-03-06,0.159511816990121
2024-03-07,2.503052272227402
2024-03-08,2.292607594694873
2024-03-09,0.0
2024-03-10,0.0
2024-03-11,0.070593613416281
2024-03-12,1.2748868172937078
2024-03-13,-0.4328663611274153
2024-03-14,-7.506969270200392
2024-03-15,0.0294723986364875
2024-03-16,0.0
2024-03-17,0.0
2024-03-18,-3.187296346165658
2024-03-19,-0.025312536191524
2024-03-20,1.92058235770296
2024-03-21,-0.968253824849119
2024-03-22,-0.014784932137124
2024-03-23,0.0
2024-03-24,0.0
2024-03-25,-1.7983687326581732
2024-03-26,0.1697711800086709
2024-03-27,-5.944591051228154
2024-03-28,-2.3666146964578805
2024-03-29,0.0
2024-03-30,0.0
2024-03-31,0.0
2024-04-01,-0.0702361613902358
2024-04-02,0.5082826931409379
2024-04-03,-2.0420200516242493
2024-04-04,4.161091727070532
2024-04-05,-13.11666446007177
2024-04-06,0.0
2024-04-07,0.0
2024-04-08,-0.258739489556592
2024-04-09,0.080599026402961
2024-04-10,1.6435603577057425
2024-04-11,5.011600965495511
2024-04-12,4.518967989951839
2024-04-13,0.0
2024-04-14,0.0
2024-04-15,3.458208820081832
2024-04-16,-0.2050269093937573
2024-04-17,-2.559690182976282
2024-04-18,-0.4157335279732499
2024-04-19,1.8604394349152955
2024-04-20,0.0
2024-04-21,0.0
2024-04-22,1.1846322987108635
2024-04-23,4.834791558690643
2024-04-24,-4.378186935143679
2024-04-25,0.178168681096702
2024-04-26,7.492752061935759
2024-04-27,0.0
2024-04-28,0.0
2024-04-29,-1.2053349377046163
2024-04-30,5.168125497917497
2024-05-01,-0.2842575138270686
2024-05-02,1.0866376551063262
2024-05-03,5.731094200514142
2024-05-04,0.0
2024-05-05,0.0
2024-05-06,1.834593729841716
2024-05-07,-0.0716102645405225
2024-05-08,-0.1732945775063776
2024-05-09,-0.2414321447770762
2024-05-10,-0.0151948402910107
2024-05-11,0.0
2024-05-12,0.0
2024-05-13,0.0923918670433954
2024-05-14,-0.5612023152130274
2024-05-15,2.12275732223326
2024-05-16,-2.6682385231822203
2024-05-17,-1.576535437818849
2024-05-18,0.0
2024-05-19,0.0
2024-05-20,0.3928581627994143
2024-05-21,-0.0429631321765211
2024-05-22,-1.0778240182671484
2024-05-23,-3.0311721274473125
2024-05-24,-2.9452515458725514
2024-05-25,0.0
2024-05-26,0.0
2024-05-27,0.0
2024-05-28,-5.954282452852144
2024-05-29,0.8994947293293976
2024-05-30,-0.279987062883924
2024-05-31,-0.849643268307354
2024-06-01,0.0
2024-06-02,0.0
2024-06-03,-9.742476599102057
2024-06-04,-1.2966829581064765
2024-06-05,2.292688521377117
2024-06-06,0.2255269716679331
2024-06-07,-1.2584291200761544
2024-06-08,0.0
2024-06-09,0.0
2024-06-10,-6.426069949018231
2024-06-11,0.8751907713606011
2024-06-12,-10.704071870927102
2024-06-13,-1.6059733640084397
2024-06-14,-3.581009747930164
2024-06-15,0.0
2024-06-16,0.0
2024-06-17,-7.759319350064075
2024-06-18,-2.660194477517619
2024-06-19,0.0
2024-06-20,4.011202197238872
2024-06-21,-0.0020057133032991
2024-06-22,0.0
2024-06-23,0.0
2024-06-24,6.580249392850357
2024-06-25,3.045574619048197
2024-06-26,0.1496405006154999
2024-06-27,-0.711657905500207
2024-06-28,-1.529448413059742
2024-06-29,0.0
2024-06-30,0.0
2024-07-01,0.4978693694488445
2024-07-02,0.7934848482779477
2024-07-03,0.7343456310725749
2024-07-04,0.0
2024-07-05,1.1983907558188678
2024-07-06,0.0
2024-07-07,0.0
2024-07-08,-0.7069058219060453
2024-07-09,-1.4477124888818027
2024-07-10,0.4090622844126867
2024-07-11,14.680774324530898
2024-07-12,-1.3964983902055694
2024-07-13,0.0
2024-07-14,0.0
2024-07-15,-4.904569465522435
2024-07-16,-0.2765294292691567
2024-07-17,23.284762097983403
2024-07-18,1.4845420378009069
2024-07-19,-4.1267871042402815
2024-07-20,0.0
2024-07-21,0.0
2024-07-22,3.801577494017861
2024-07-23,-0.1916354106697215
2024-07-24,23.00030643201001
2024-07-25,0.1146609175330715
2024-07-26,-1.533665124817052
2024-07-27,0.0
2024-07-28,0.0
2024-07-29,-0.1634940650271699
2024-07-30,1.717303605631337
2024-07-31,6.9517454081836405
2024-08-01,5.019402664357986
2024-08-02,4.474213766218926
2024-08-03,0.0
2024-08-04,0.0
2024-08-05,8.664649608385378
2024-08-06,0.6792780378716223
2024-08-07,-1.1986970958433374
2024-08-08,6.338042190091464
2024-08-09,0.1692380678823601
2024-08-10,0.0
2024-08-11,0.0
2024-08-12,-0.058759618573112
2024-08-13,3.5192898152360157
2024-08-14,-0.5574867712369813
2024-08-15,2.9632143855758075
2024-08-16,-0.5367992975990221
2024-08-17,0.0
2024-08-18,0.0
2024-08-19,1.199484610528323
2024-08-20,-0.0034768675669538
2024-08-21,-0.6855797364084482
2024-08-22,-0.5581481354579809
2024-08-23,1.1011940459430436
2024-08-24,0.0
2024-08-25,0.0
2024-08-26,0.1557652695535427
2024-08-27,-0.0126884019630679
2024-08-28,-3.597552076995658
2024-08-29,-0.2251241989904562
2024-08-30,0.4455508170543965
2024-08-31,0.0
2024-09-01,0.0
2024-09-02,0.0
2024-09-03,4.5603814431462775
2024-09-04,0.0029915164790006
2024-09-05,-7.385536425411887
2024-09-06,3.5448123712879864
2024-09-07,0.0
2024-09-08,0.0
2024-09-09,0.1910465569153085
2024-09-10,0.4856839109925071
2024-09-11,1.7761886481773017
2024-09-12,-3.3345678254085964
2024-09-13,-3.292633765838304
2024-09-14,0.0
2024-09-15,0.0
2024-09-16,-4.212598132062007
2024-09-17,-10.425403778566643
2024-09-18,-0.2320065496887124
2024-09-19,2.606122767692054
2024-09-20,-5.185275471249151
2024-09-21,0.0
2024-09-22,0.0
2024-09-23,-0.0592432514048613
2024-09-24,0.0927936953429631
2024-09-25,-4.614771982853028
2024-09-26,0.1578962888236112
2024-09-27,-4.691664243386451
2024-09-28,0.0
2024-09-29,0.0
2024-09-30,0.0771241802712152
2024-10-01,0.911496741084994
2024-10-02,-0.1307275211172798
2024-10-03,-0.3516739963263848
2024-10-04,-1.8761885558174372
2024-10-05,0.0
2024-10-06,0.0
2024-10-07,-0.5112759441172954
2024-10-08,1.3149507281866368
2024-10-09,0.2872474616319787
2024-10-10,-1.758808320237848
2024-10-11,-0.1211439554533622
2024-10-12,0.0
2024-10-13,0.0
2024-10-14,-0.5096637121460135
2024-10-15,-13.992475331852072
2024-10-16,-0.4647065285528051
2024-10-17,0.066827498564792
2024-10-18,-14.392812380139365
2024-10-19,0.0
2024-10-20,0.0
2024-10-21,-1.5421294589178292
2024-10-22,-0.6387652961112877
2024-10-23,-0.4197584289276856
2024-10-24,-0.8130072081640849
2024-10-25,-0.1940883813959293
2024-10-26,0.0
2024-10-27,0.0
2024-10-28,-1.1242641057740976
2024-10-29,0.8586984861961522
2024-10-30,0.7642840462896539
2024-10-31,6.383687957194373
2024-11-01,0.8861169516504841
2024-11-02,0.0
2024-11-03,0.0
2024-11-04,0.2709721936558384
2024-11-05,3.2560501465570324
2024-11-06,14.101699735932872
2024-11-07,2.2942423715265337
2024-11-08,-0.477238570654348
2024-11-09,0.0
2024-11-10,0.0
2024-11-11,-0.0183676729795911
2024-11-12,-4.432266845976174
2024-11-13,0.357960241239974
2024-11-14,1.057698602948287
2024-11-15,6.971460869568924
2024-11-16,0.0
2024-11-17,0.0
2024-11-18,-2.032851881157716
2024-11-19,-1.2096405890683617
2024-11-20,-0.220756359002272
2024-11-21,-0.0321976188483619
2024-11-22,-0.0614496661927477
2024-11-23,0.0
2024-11-24,0.0
2024-11-25,-0.7917891108724651
2024-11-26,-1.5463470515591935
2024-11-27,0.7745575201089316
2024-11-28,0.0
2024-11-29,0.6810840420843345
2024-11-30,0.0
2024-12-01,0.0
2024-12-02,0.620165964440833
2024-12-03,0.0608356383097419
2024-12-04,1.7673589890054189
2024-12-05,-4.750179717226056
2024-12-06,0.0806816410740651
2024-12-07,0.0
2024-12-08,0.0
2024-12-09,0.9471864153627552
2024-12-10,0.3046932732779117
2024-12-11,3.0044627116732503
2024-12-12,0.234158646064797
2024-12-13,-14.131050038961124
2024-12-14,0.0
2024-12-15,0.0
2024-12-16,1.1289411164705054
2024-12-17,-0.0178871849004558
2024-12-18,22.82326076730268
2024-12-19,-10.031113100824118
2024-12-20,-1.7277346413684724
2024-12-21,0.0
2024-12-22,0.0
2024-12-23,1.296621589664371
2024-12-24,2.31149960708148
2024-12-25,0.0
2024-12-26,-0.0208710162867165
2024-12-27,3.5217093575749203
2024-12-28,0.0
2024-12-29,0.0
2024-12-30,1.5088821451999523
2024-12-31,-6.216776579550032
2025-01-01,0.0
2025-01-02,-0.2776557378682431
2025-01-03,2.783102654704761
2025-01-04,0.0
2025-01-05,0.0
2025-01-06,1.6408217274873405
2025-01-07,5.562707487512997
2025-01-08,0.0172759555781221
2025-01-09,0.0
2025-01-10,3.4555173956266616
2025-01-11,0.0
2025-01-12,0.0
2025-01-13,-0.2791772742070542
2025-01-14,-0.3469179062371319
2025-01-15,5.861004647437085
2025-01-16,-0.0635873059247837
2025-01-17,2.1625682899082843
2025-01-18,0.0
2025-01-19,0.0
2025-01-20,0.0
2025-01-21,-1.2700227309418557
2025-01-22,1.5452202973355034
2025-01-23,-0.5565887922141299
2025-01-24,-0.1508817821403996
2025-01-25,0.0
2025-01-26,0.0
2025-01-27,9.344969595635089
2025-01-28,0.836415309288574
2025-01-29,-0.1330298726587964
2025-01-30,0.0506878498058194
2025-01-31,-1.3908323516706569
2025-02-01,0.0
2025-02-02,0.0
2025-02-03,1.001775897842161
2025-02-04,-9.77596036646502
2025-02-05,-0.002226380678616
2025-02-06,-0.7840512805629141
2025-02-07,0.9493190769354288
2025-02-08,0.0
2025-02-09,0.0
2025-02-10,-0.9153522359139354
2025-02-11,0.0947615363460663
2025-02-12,-2.280147447734437
2025-02-13,0.6767319132638727
2025-02-14,-1.007099219003016
2025-02-15,0.0
2025-02-16,0.0
2025-02-17,0.0
2025-02-18,-0.0844949081705181
2025-02-19,-3.084964205806706
2025-02-20,-1.3688808549377374
2025-02-21,1.5710447616699597
2025-02-22,0.0
2025-02-23,0.0
2025-02-24,1.7079792985384312
2025-02-25,-0.9533978097269636
2025-02-26,-0.07623263311054
2025-02-27,8.58368108256704
2025-02-28,-3.4254685536899587
2025-03-01,0.0
2025-03-02,0.0
2025-03-03,6.006170012116496
2025-03-04,-2.7566744698313994
2025-03-05,2.03364283191938
2025-03-06,3.0303924086007683
2025-03-07,0.6831659579533689
2025-03-08,0.0
2025-03-09,0.0
2025-03-10,11.51196695049357
2025-03-11,-5.426285804284381
2025-03-12,-2.535817864382872
2025-03-13,2.0718749734399022
2025-03-14,6.531784652749262
2025-03-15,0.0
2025-03-16,0.0
2025-03-17,0.2899725673674913
2025-03-18,0.8285809252785548
2025-03-19,0.1360545909362409
2025-03-20,-0.2051458900835912
2025-03-21,0.0197050982812418
2025-03-22,0.0
2025-03-23,0.0
2025-03-24,3.6569503227073854
2025-03-25,-0.6455000448674642
2025-03-26,2.059958692805086
2025-03-27,-0.0490294384836276
2025-03-28,1.1886127782244182
2025-03-29,0.0
2025-03-30,0.0
2025-03-31,-0.4122211083173344
2025-04-01,0.9301324868923988
2025-04-02,0.8794105139449782
2025-04-03,17.469559939578104
2025-04-04,10.664417359387237
2025-04-05,0.0
2025-04-06,0.0
2025-04-07,0.156933701065598
2025-04-08,0.6007853027145238
2025-04-09,41.70763113524401
2025-04-10,1.7632223814238568
2025-04-11,0.3128084105005202
2025-04-12,0.0
2025-04-13,0.0
2025-04-14,-0.7499714340971741
2025-04-15,0.0083756954045055
2025-04-16,0.7379848065600214
2025-04-17,-0.8411366692855138
2025-04-18,0.0
2025-04-19,0.0
2025-04-20,0.0
2025-04-21,0.6033677650050473
2025-04-22,-0.8275889077638099
2025-04-23,1.1994053669317717
2025-04-24,1.029513355127376
2025-04-25,-0.3411445202985086
2025-04-26,0.0
2025-04-27,0.0
2025-04-28,-1.1212030831052155
2025-04-29,0.0400881452399914
2025-04-30,-0.4795359688926637
2025-05-01,0.0520115594476955
2025-05-02,0.3462840977236148
2025-05-03,0.0
2025-05-04,0.0
2025-05-05,0.0616846781169133
2025-05-06,-0.7701934568745128
2025-05-07,-0.0288573702776573
2025-05-08,-0.4842841840109191
2025-05-09,-0.0515954055745893
2025-05-10,0.0
2025-05-11,0.0
2025-05-12,1.485066338840313
2025-05-13,0.2599589937926305
2025-05-14,-0.0240814748092232
2025-05-15,-0.0171357597959609
2025-05-16,-7.422837231326507
2025-05-17,0.0
2025-05-18,0.0
2025-05-19,-8.796811969741402
2025-05-20,0.1860237495179939
2025-05-21,-0.8789874862406233
2025-05-22,-34.49907982137269
2025-05-23,-12.435540681700829
2025-05-24,0.0
2025-05-25,0.0
2025-05-26,0.0
2025-05-27,1.0232698017449415
2025-05-28,0.614936083285289
2025-05-29,-0.159272783735076
2025-05-30,-9.03974842501576
2025-05-31,0.0
2025-06-01,0.0
2025-06-02,-0.36711513329718
2025-06-03,-9.119886667991262
2025-06-04,-4.299801249451917
2025-06-05,-2.124876250467922
2025-06-06,-5.47505388140741
2025-06-07,0.0
2025-06-08,0.0
2025-06-09,-0.9251728447162156
2025-06-10,-0.2823336448885327
2025-06-11,1.0855277572731523
2025-06-12,-0.2719762313656226
2025-06-13,1.8844084340480904
2025-06-14,0.0
2025-06-15,0.0
2025-06-16,0.0283574106452633
2025-06-17,0.5020774436979458
2025-06-18,-1.7557034309359063
2025-06-19,0.0
2025-06-20,0.8916065549083418
2025-06-21,0.0
2025-06-22,0.0
2025-06-23,-0.2271129123210147
2025-06-24,1.4193365995557097
2025-06-25,-22.398825486234376
2025-06-26,-2.890093151081452
2025-06-27,-0.3684749758397609
2025-06-28,0.0
2025-06-29,0.0
2025-06-30,-0.1604096020792145
2025-07-01,2.0423666864525014
2025-07-02,1.1638704499022712
2025-07-03,0.5629521751672195
2025-07-04,0.0
2025-07-05,0.0
2025-07-06,0.0
2025-07-07,-3.017228791159765
2025-07-08,0.113943307793396
