date,target_sp500_change_volatility_next
2014-09-17,0.0
2014-09-18,
2014-09-19,
2014-09-20,
2014-09-21,
2014-09-22,
2014-09-23,
2014-09-24,
2014-09-25,
2014-09-26,
2014-09-27,
2014-09-28,
2014-09-29,
2014-09-30,
2014-10-01,
2014-10-02,
2014-10-03,
2014-10-04,
2014-10-05,
2014-10-06,
2014-10-07,
2014-10-08,
2014-10-09,
2014-10-10,
2014-10-11,
2014-10-12,
2014-10-13,
2014-10-14,
2014-10-15,
2014-10-16,
2014-10-17,
2014-10-18,
2014-10-19,
2014-10-20,
2014-10-21,
2014-10-22,
2014-10-23,
2014-10-24,
2014-10-25,
2014-10-26,
2014-10-27,
2014-10-28,
2014-10-29,
2014-10-30,0.2354596153963939
2014-10-31,2.053524029677112
2014-11-01,0.0
2014-11-02,0.0
2014-11-03,-1.0009788518896667
2014-11-04,-0.4163373106794377
2014-11-05,-0.3974020134503653
2014-11-06,-4.322383758932324
2014-11-07,-0.942521416922415
2014-11-08,0.0
2014-11-09,0.0
2014-11-10,-0.1187149553566135
2014-11-11,-0.2465440336398949
2014-11-12,-3.617174913537169
2014-11-13,-0.0243810584217185
2014-11-14,-1.70596155502577
2014-11-15,0.0
2014-11-16,0.0
2014-11-17,-0.1426448689748727
2014-11-18,-5.251352398890729
2014-11-19,-5.070159829452614
2014-11-20,-12.662265903686343
2014-11-21,-5.795228200877345
2014-11-22,0.0
2014-11-23,0.0
2014-11-24,-14.166956174098075
2014-11-25,0.769174528258465
2014-11-26,-6.273861134717573
2014-11-27,0.0
2014-11-28,1.3198385750615935
2014-11-29,0.0
2014-11-30,0.0
2014-12-01,0.3495495463613052
2014-12-02,-1.3816712328965752
2014-12-03,-16.086546973766158
2014-12-04,-6.158613680788083
2014-12-05,-8.720605824137195
2014-12-06,0.0
2014-12-07,0.0
2014-12-08,5.472823135712646
2014-12-09,-0.568612501352217
2014-12-10,16.601137237655482
2014-12-11,0.6252390607519365
2014-12-12,15.507958415008735
2014-12-13,0.0
2014-12-14,0.0
2014-12-15,-5.205467879107195
2014-12-16,3.39998773915815
2014-12-17,19.597607889212032
2014-12-18,17.334512393417366
2014-12-19,0.1472621963731768
2014-12-20,0.0
2014-12-21,0.0
2014-12-22,0.249584129213165
2014-12-23,-0.1215881458713652
2014-12-24,0.0182964932490703
2014-12-25,0.0
2014-12-26,0.1157102602518556
2014-12-27,0.0
2014-12-28,0.0
2014-12-29,-0.0021851836164654
2014-12-30,0.8216170464088179
2014-12-31,2.971089083730316
2015-01-01,0.0
2015-01-02,-0.582885406815048
2015-01-03,0.0
2015-01-04,0.0
2015-01-05,7.834088205495648
2015-01-06,1.2976363754428677
2015-01-07,2.346688834998667
2015-01-08,6.037927550059385
2015-01-09,1.1522726406779429
2015-01-10,0.0
2015-01-11,0.0
2015-01-12,0.7870817383274442
2015-01-13,0.0022360596134696
2015-01-14,-0.1936109196409186
2015-01-15,0.2691592514200591
2015-01-16,3.0362825341894606
2015-01-17,0.0
2015-01-18,0.0
2015-01-19,0.0
2015-01-20,0.0891890076800905
2015-01-21,0.3793936987370516
2015-01-22,2.9493262138999388
2015-01-23,0.4392147901650656
2015-01-24,0.0
2015-01-25,0.0
2015-01-26,-4.06742667565948
2015-01-27,2.644830322786373
2015-01-28,-1.249820888359643
2015-01-29,0.6366598802350909
2015-01-30,1.5527122782896583
2015-01-31,0.0
2015-02-01,0.0
2015-02-02,-3.5654853142758847
2015-02-03,-5.87733921593645
2015-02-04,-0.1646886767944111
2015-02-05,1.7005989878897232
2015-02-06,0.0893108079267346
2015-02-07,0.0
2015-02-08,0.0
2015-02-09,0.2432630623419918
2015-02-10,1.860243710967957
2015-02-11,-0.0224447378363357
2015-02-12,1.1849880709474236
2015-02-13,-1.6715035678287138
2015-02-14,0.0
2015-02-15,0.0
2015-02-16,0.0
2015-02-17,-0.0009916281120903
2015-02-18,-6.555117567915747
2015-02-19,-1.9694111272527624
2015-02-20,-1.6335677794953485
2015-02-21,0.0
2015-02-22,0.0
2015-02-23,-5.912653151712444
2015-02-24,-2.0117159152067687
2015-02-25,-2.074131307831395
2015-02-26,-0.1932251001376284
2015-02-27,-0.8643599352101461
2015-02-28,0.0
2015-03-01,0.0
2015-03-02,-2.7320892013151465
2015-03-03,-2.6623428528940285
2015-03-04,0.9470798167000584
2015-03-05,-0.3600103537760413
2015-03-06,0.3068757012936629
2015-03-07,0.0
2015-03-08,0.0
2015-03-09,-0.5803120719357291
2015-03-10,8.0703219029723
2015-03-11,-4.492304255128577
2015-03-12,-1.6310520929313177
2015-03-13,-0.799890878201126
2015-03-14,0.0
2015-03-15,0.0
2015-03-16,-1.1927345151935165
2015-03-17,-3.498533878253207
2015-03-18,-1.7607364582623908
2015-03-19,0.247609927733694
2015-03-20,-0.7268841129092318
2015-03-21,0.0
2015-03-22,0.0
2015-03-23,-0.3678877952236203
2015-03-24,0.7455598766749949
2015-03-25,3.75000744570706
2015-03-26,0.1481744016539776
2015-03-27,-2.784841733352117
2015-03-28,0.0
2015-03-29,0.0
2015-03-30,4.2549877449505
2015-03-31,1.9831530389850416
2015-04-01,0.3221152204547994
2015-04-02,0.4601319695991979
2015-04-03,0.0
2015-04-04,0.0
2015-04-05,0.0
2015-04-06,0.1814736132986771
2015-04-07,0.0664168423531341
2015-04-08,-0.0136464994489937
2015-04-09,0.6567346883367131
2015-04-10,0.7622404403401895
2015-04-11,0.0
2015-04-12,0.0
2015-04-13,0.3159332752306065
2015-04-14,-0.992904225518787
2015-04-15,0.2489186917955521
2015-04-16,-0.5172080289772341
2015-04-17,3.3725946783531136
2015-04-18,0.0
2015-04-19,0.0
2015-04-20,-3.196185154069142
2015-04-21,-0.2527351246163656
2015-04-22,-8.491224777958273
2015-04-23,-0.2465676892908552
2015-04-24,-4.427130030402903
2015-04-25,0.0
2015-04-26,0.0
2015-04-27,-0.8423169383604656
2015-04-28,-5.9745364320936805
2015-04-29,0.1421805676443677
2015-04-30,-1.493816181576757
2015-05-01,3.88951917450906
2015-05-02,0.0
2015-05-03,0.0
2015-05-04,-2.784719872804664
2015-05-05,5.590299527267217
2015-05-06,-0.6502823994588902
2015-05-07,-8.14577138691882
2015-05-08,6.59263737651643
2015-05-09,0.0
2015-05-10,0.0
2015-05-11,1.295902726113396
2015-05-12,-4.969231445475309
2015-05-13,-3.6568293584765432
2015-05-14,3.5153287233669284
2015-05-15,-0.2878955208343692
2015-05-16,0.0
2015-05-17,0.0
2015-05-18,-1.2304470576291693
2015-05-19,-0.2709324830499904
2015-05-20,-0.0378358982733084
2015-05-21,-0.5162197539538727
2015-05-22,-0.6547756198280297
2015-05-23,0.0
2015-05-24,0.0
2015-05-25,0.0
2015-05-26,3.986776746844956
2015-05-27,3.1564435689383386
2015-05-28,-0.8189251375258944
2015-05-29,1.64276175553153
2015-05-30,0.0
2015-05-31,0.0
2015-06-01,-5.307491075714788
2015-06-02,-3.416257110747145
2015-06-03,0.0375846579036887
2015-06-04,2.319619271734541
2015-06-05,-0.2418620351295475
2015-06-06,0.0
2015-06-07,0.0
2015-06-08,1.2913911904439246
2015-06-09,-0.5328427482377607
2015-06-10,6.052067383107596
2015-06-11,-0.4078807201230217
2015-06-12,-2.197091572253085
2015-06-13,0.0
2015-06-14,0.0
2015-06-15,-4.239456846176815
2015-06-16,1.1391812904476772
2015-06-17,-6.204177604241279
2015-06-18,3.222539052902307
2015-06-19,1.084904611309789
2015-06-20,0.0
2015-06-21,0.0
2015-06-22,-6.592731269856589
2015-06-23,-1.4859217105015254
2015-06-24,2.56230366417074
2015-06-25,0.4815850180732273
2015-06-26,-6.212211445391258
2015-06-27,0.0
2015-06-28,0.0
2015-06-29,21.76474445372536
2015-06-30,-0.1187964677220931
2015-07-01,2.385470703261072
2015-07-02,0.0079173660233466
2015-07-03,0.0
2015-07-04,0.0
2015-07-05,0.0
2015-07-06,-0.053481504309194
2015-07-07,1.7066878994800971
2015-07-08,5.811504531818845
2015-07-09,-3.0417515163723263
2015-07-10,5.830021178753642
2015-07-11,0.0
2015-07-12,0.0
2015-07-13,2.892980207174567
2015-07-14,0.4619602541987122
2015-07-15,-0.0131546638264423
2015-07-16,1.6735548360670371
2015-07-17,-2.2606402812631043
2015-07-18,0.0
2015-07-19,0.0
2015-07-20,-0.1105102182806683
2015-07-21,-0.7819868034178667
2015-07-22,0.2624903336764905
2015-07-23,-3.0703063733442337
2015-07-24,3.294667338299706
2015-07-25,0.0
2015-07-26,0.0
2015-07-27,-0.4326218724688524
2015-07-28,3.9369536067246136
2015-07-29,0.5616418158581826
2015-07-30,-0.0893539898283446
2015-07-31,-2.5907192469507567
2015-08-01,0.0
2015-08-02,0.0
2015-08-03,-0.5616394981164285
2015-08-04,-1.09153614884695
2015-08-05,0.3376524359611776
2015-08-06,0.170930595598695
2015-08-07,-0.0147577568480494
2015-08-08,0.0
2015-08-09,0.0
2015-08-10,4.786315823597209
2015-08-11,-10.106349913501855
2015-08-12,-0.1591867893078635
2015-08-13,-1.4199147620287955
2015-08-14,0.4699958122096337
2015-08-15,0.0
2015-08-16,0.0
2015-08-17,0.1704208477485647
2015-08-18,-0.7811032705059007
2015-08-19,-7.865654068511995
2015-08-20,17.018066582338086
2015-08-21,21.56608720799977
2015-08-22,0.0
2015-08-23,0.0
2015-08-24,22.14790267866007
2015-08-25,0.4036411225306624
2015-08-26,20.846797864877665
2015-08-27,5.254299840425025
2015-08-28,-0.025178123052949
2015-08-29,0.0
2015-08-30,0.0
2015-08-31,0.2179349570534672
2015-09-01,5.810080683646812
2015-09-02,3.2263154912803405
2015-09-03,0.0315493009381606
2015-09-04,0.675513241443837
2015-09-05,0.0
2015-09-06,0.0
2015-09-07,0.0
2015-09-08,4.69770724867542
2015-09-09,-0.3965005107054775
2015-09-10,-0.2226410759704422
2015-09-11,0.2635552479128833
2015-09-12,0.0
2015-09-13,0.0
2015-09-14,0.0167159738319933
2015-09-15,1.381660366976556
2015-09-16,0.656639686126459
2015-09-17,-0.1332347776596076
2015-09-18,1.0249225110263491
2015-09-19,0.0
2015-09-20,0.0
2015-09-21,0.2425727194645288
2015-09-22,-0.7085562647465293
2015-09-23,-0.2947436283261662
2015-09-24,-0.065408974236214
2015-09-25,0.0161169301966968
2015-09-26,0.0
2015-09-27,0.0
2015-09-28,2.820507509115666
2015-09-29,-0.3046972153197047
2015-09-30,2.752987823522668
2015-10-01,-0.043225121793311
2015-10-02,-0.5952216798220444
2015-10-03,0.0
2015-10-04,0.0
2015-10-05,-3.6681585770256375
2015-10-06,-10.316516888467644
2015-10-07,-1.479250690628664
2015-10-08,-10.18944497371118
2015-10-09,-5.1284760831007965
2015-10-10,0.0
2015-10-11,0.0
2015-10-12,0.0065735173235381
2015-10-13,-0.2661397949088262
2015-10-14,-10.156908755027704
2015-10-15,-1.3273268334803023
2015-10-16,0.1389191364465913
2015-10-17,0.0
2015-10-18,0.0
2015-10-19,-3.902256389321712
2015-10-20,-7.9658461527627455
2015-10-21,-3.094952749290936
2015-10-22,3.7208782408308494
2015-10-23,1.2813318850060762
2015-10-24,0.0
2015-10-25,0.0
2015-10-26,-0.3508923361199345
2015-10-27,-1.7178769195124175
2015-10-28,0.91419978138243
2015-10-29,-0.2182634207270828
2015-10-30,-4.871290640525261
2015-10-31,0.0
2015-11-01,0.0
2015-11-02,1.610657634317425
2015-11-03,-4.054776765396673
2015-11-04,0.3223087067963037
2015-11-05,-0.4322113087696477
2015-11-06,-0.0146800808047742
2015-11-07,0.0
2015-11-08,0.0
2015-11-09,-14.218051913575936
2015-11-10,-0.0286793595331569
2015-11-11,-5.898213327737045
2015-11-12,7.761864601668589
2015-11-13,0.2044761765276792
2015-11-14,0.0
2015-11-15,0.0
2015-11-16,-2.6565547553697555
2015-11-17,-0.4406831879592565
2015-11-18,4.602782632452218
2015-11-19,-1.275299574024602
2015-11-20,0.1748951346079996
2015-11-21,0.0
2015-11-22,0.0
2015-11-23,0.1468891078624468
2015-11-24,-1.68911497780585
2015-11-25,-0.9496183535832924
2015-11-26,0.0
2015-11-27,-4.960194354691239
2015-11-28,0.0
2015-11-29,0.0
2015-11-30,0.5282225258853357
2015-12-01,2.711947221177202
2015-12-02,3.795235607385639
2015-12-03,4.723889622515531
2015-12-04,3.174902603243845
2015-12-05,0.0
2015-12-06,0.0
2015-12-07,-1.323694394554198
2015-12-08,0.8692588467672513
2015-12-09,1.1500650914661348
2015-12-10,-3.1621038217412134
2015-12-11,7.835094391556785
2015-12-12,0.0
2015-12-13,0.0
2015-12-14,0.4041331009413618
2015-12-15,-0.6019200030434546
2015-12-16,4.311077660036644
2015-12-17,3.620834762384306
2015-12-18,4.703994234201536
2015-12-19,0.0
2015-12-20,0.0
2015-12-21,1.290888202213636
2015-12-22,0.2317802978375471
2015-12-23,2.414202276381161
2015-12-24,-0.1029449408794791
2015-12-25,0.0
2015-12-26,0.0
2015-12-27,0.0
2015-12-28,-2.857659384130073
2015-12-29,-0.5985938923557699
2015-12-30,-2.261738279308001
2015-12-31,1.432724036049171
2016-01-01,0.0
2016-01-02,0.0
2016-01-03,0.0
2016-01-04,-0.9414567675449016
2016-01-05,0.1570074300083046
2016-01-06,1.834632320289642
2016-01-07,7.267542323443576
2016-01-08,0.7399974846411084
2016-01-09,0.0
2016-01-10,0.0
2016-01-11,0.0819201154782733
2016-01-12,1.2951676939562562
2016-01-13,6.297631540372395
2016-01-14,2.252059420882424
2016-01-15,3.09841332410552
2016-01-16,0.0
2016-01-17,0.0
2016-01-18,0.0
2016-01-19,-1.2084984668006782
2016-01-20,-5.3598614325966025
2016-01-21,0.8069002821344373
2016-01-22,5.932514286106638
2016-01-23,0.0
2016-01-24,0.0
2016-01-25,1.4823300495483416
2016-01-26,2.5474366306689644
2016-01-27,-2.174059676043305
2016-01-28,0.1128820571907995
2016-01-29,5.268247285773908
2016-01-30,0.0
2016-01-31,0.0
2016-02-01,-2.4293657354418463
2016-02-02,1.0471317542467329
2016-02-03,-1.9440316114173408
2016-02-04,-0.7622553278125443
2016-02-05,1.435821542912996
2016-02-06,0.0
2016-02-07,0.0
2016-02-08,-1.116188241698901
2016-02-09,0.0445461000204927
2016-02-10,0.0907408807184539
2016-02-11,-1.3348985742808628
2016-02-12,5.097571251656241
2016-02-13,0.0
2016-02-14,0.0
2016-02-15,0.0
2016-02-16,2.946129904912409
2016-02-17,1.314952963153737
2016-02-18,-0.0256651295784671
2016-02-19,-1.135553153776392
2016-02-20,0.0
2016-02-21,0.0
2016-02-22,-2.7887296509487847
2016-02-23,0.344353723313251
2016-02-24,0.1656818498541712
2016-02-25,0.5837936001276578
2016-02-26,-6.028022215801155
2016-02-27,0.0
2016-02-28,0.0
2016-02-29,-1.794146665106322
2016-03-01,-0.0567909765492924
2016-03-02,0.0408520059222317
2016-03-03,-1.975090658555234
2016-03-04,-0.0790273361894966
2016-03-05,0.0
2016-03-06,0.0
2016-03-07,-3.5986795813362398
2016-03-08,-1.5861118799425422
2016-03-09,-1.7234035170302864
2016-03-10,-1.950665556563336
2016-03-11,2.4293249797346705
2016-03-12,0.0
2016-03-13,0.0
2016-03-14,-6.420519376819655
2016-03-15,0.0960567800789125
2016-03-16,-5.917317438890812
2016-03-17,0.1835434948312064
2016-03-18,0.0680694524511249
2016-03-19,0.0
2016-03-20,0.0
2016-03-21,-7.327685654027949
2016-03-22,-5.392237585656801
2016-03-23,1.585745679927375
2016-03-24,0.0258639742243937
2016-03-25,0.0
2016-03-26,0.0
2016-03-27,0.0
2016-03-28,-4.881077059783035
2016-03-29,-5.049609968094593
2016-03-30,-4.384388326737776
2016-03-31,-4.627526088208056
2016-04-01,-1.0265769165900385
2016-04-02,0.0
2016-04-03,0.0
2016-04-04,0.7877647774393592
2016-04-05,-0.0038973141683773
2016-04-06,-4.262735358897274
2016-04-07,6.116374792956858
2016-04-08,-2.5959503826080037
2016-04-09,0.0
2016-04-10,0.0
2016-04-11,0.20340833570478
2016-04-12,-1.2131377139791175
2016-04-13,-13.2492852227021
2016-04-14,-0.1548127600552229
2016-04-15,0.0913155607917604
2016-04-16,0.0
2016-04-17,0.0
2016-04-18,0.8950995013107255
2016-04-19,0.0718539722335709
2016-04-20,-7.080925271708038
2016-04-21,1.8099750180356369
2016-04-22,0.0151030817912012
2016-04-23,0.0
2016-04-24,0.0
2016-04-25,-9.952336770222136
2016-04-26,-0.2804467541672073
2016-04-27,-0.5117741844251844
2016-04-28,4.681010658845564
2016-04-29,-0.1826775022953475
2016-04-30,0.0
2016-05-01,0.0
2016-05-02,1.9335607151127032
2016-05-03,3.9559592137318633
2016-05-04,1.6188524448603747
2016-05-05,-1.896875677698029
2016-05-06,0.3608323013912784
2016-05-07,0.0
2016-05-08,0.0
2016-05-09,0.0056992095842867
2016-05-10,3.312125305061997
2016-05-11,3.367187832347973
2016-05-12,-0.1715315775690395
2016-05-13,1.0943217204719469
2016-05-14,0.0
2016-05-15,0.0
2016-05-16,3.475084568723097
2016-05-17,-0.5358679228446794
2016-05-18,-4.240465837117258
2016-05-19,-5.335310437511442
2016-05-20,1.259999216400498
2016-05-21,0.0
2016-05-22,0.0
2016-05-23,-0.1444841413703157
2016-05-24,3.929984091969585
2016-05-25,-2.0788541365861724
2016-05-26,0.0046390344785818
2016-05-27,0.6439255276992517
2016-05-28,0.0
2016-05-29,0.0
2016-05-30,0.0
2016-05-31,-1.6519757941989677
2016-06-01,-0.3553015606078014
2016-06-02,0.320324826821361
2016-06-03,-0.8295172465621281
2016-06-04,0.0
2016-06-05,0.0
2016-06-06,0.9639086416254772
2016-06-07,-0.1608391881931514
2016-06-08,0.2711762930532213
2016-06-09,0.120479461165468
2016-06-10,-0.0463635544893259
2016-06-11,0.0
2016-06-12,0.0
2016-06-13,1.8116982230299337
2016-06-14,-2.366712392122028
2016-06-15,-3.235146976619674
2016-06-16,-1.4492497607160315
2016-06-17,0.6190013713381681
2016-06-18,0.0
2016-06-19,0.0
2016-06-20,1.0169916358307551
2016-06-21,0.2323254083338222
2016-06-22,-6.9170138013953775
2016-06-23,3.454103105504358
2016-06-24,53.290084462922806
2016-06-25,0.0
2016-06-26,0.0
2016-06-27,5.1693073371684495
2016-06-28,4.237571723883216
2016-06-29,3.4589332110538384
2016-06-30,2.69952963506388
2016-07-01,-0.3201413506240702
2016-07-02,0.0
2016-07-03,0.0
2016-07-04,0.0
2016-07-05,0.4993118376805494
2016-07-06,0.2128133368499929
2016-07-07,-2.628945949891881
2016-07-08,2.7969206520549683
2016-07-09,0.0
2016-07-10,0.0
2016-07-11,0.1024916806251274
2016-07-12,0.4054234158276326
2016-07-13,-0.0451155508812362
2016-07-14,0.2842181051404324
2016-07-15,-7.741684545647942e-05
2016-07-16,0.0
2016-07-17,0.0
2016-07-18,-0.2008725304181391
2016-07-19,-0.1497592397945002
2016-07-20,0.1717057238648012
2016-07-21,0.2100379558144016
2016-07-22,0.1131098651919515
2016-07-23,0.0
2016-07-24,0.0
2016-07-25,-1.3606227455687292
2016-07-26,-1.3865522870808111
2016-07-27,-0.0566856459099485
2016-07-28,-0.179326952248271
2016-07-29,-0.0414690700648034
2016-07-30,0.0
2016-07-31,0.0
2016-08-01,-0.245694006953856
2016-08-02,0.6553342742558144
2016-08-03,0.0236838474366063
2016-08-04,-0.115478998226659
2016-08-05,-1.491791681117427
2016-08-06,0.0
2016-08-07,0.0
2016-08-08,-28.131216759549076
2016-08-09,-14.913645044133396
2016-08-10,-9.192171202959754
2016-08-11,-12.27936995676967
2016-08-12,-10.03410129114366
2016-08-13,0.0
2016-08-14,0.0
2016-08-15,0.1494737596829054
2016-08-16,-1.809892902222621
2016-08-17,-1.412503832161316
2016-08-18,-0.3805169939894326
2016-08-19,-19.534084846239253
2016-08-20,0.0
2016-08-21,0.0
2016-08-22,-0.7423702374533492
2016-08-23,-5.79743894729029
2016-08-24,5.164844259743662
2016-08-25,-3.3741858690415016
2016-08-26,0.2837971447422038
2016-08-27,0.0
2016-08-28,0.0
2016-08-29,3.198887387404925
2016-08-30,0.2907215493505699
2016-08-31,-1.6992068570412688
2016-09-01,-2.0450632429052984
2016-09-02,-0.4791047466217613
2016-09-03,0.0
2016-09-04,0.0
2016-09-05,0.0
2016-09-06,-0.3752481645926675
2016-09-07,0.0271898971646589
2016-09-08,0.6452903606957605
2016-09-09,70.85165265502584
2016-09-10,0.0
2016-09-11,0.0
2016-09-12,11.407938192440792
2016-09-13,8.811520372330994
2016-09-14,-1.2563004792412125
2016-09-15,3.610291396266585
2016-09-16,0.4129692927733908
2016-09-17,0.0
2016-09-18,0.0
2016-09-19,-2.9463252999856304
2016-09-20,0.0315873084140383
2016-09-21,4.646292077187786
2016-09-22,1.2253672268882854
2016-09-23,0.2549117139833745
2016-09-24,0.0
2016-09-25,0.0
2016-09-26,2.181844725008464
2016-09-27,1.1750092043982807
2016-09-28,0.1185521745348472
2016-09-29,2.371469622910327
2016-09-30,1.8270460541536693
2016-10-01,0.0
2016-10-02,0.0
2016-10-03,0.2110256849887637
2016-10-04,0.5829077593109355
2016-10-05,0.4664978306871958
2016-10-06,-0.6588811398095307
2016-10-07,0.2183099414912792
2016-10-08,0.0
2016-10-09,0.0
2016-10-10,0.5832281544650764
2016-10-11,3.163627869205765
2016-10-12,0.0350486864720611
2016-10-13,0.0812548005604041
2016-10-14,0.0084487032502522
2016-10-15,0.0
2016-10-16,0.0
2016-10-17,-0.4818712269539782
2016-10-18,0.8793660313363816
2016-10-19,0.2045860065459814
2016-10-20,-0.0508938304112249
2016-10-21,-16.981261298161098
2016-10-22,0.0
2016-10-23,0.0
2016-10-24,-7.292809245885268
2016-10-25,-9.553480114505508
2016-10-26,0.1704748988235582
2016-10-27,-4.991298505594399
2016-10-28,-0.2521165646461765
2016-10-29,0.0
2016-10-30,0.0
2016-10-31,-0.0015888500964789
2016-11-01,2.4193164414217705
2016-11-02,-5.78705565744796
2016-11-03,-3.108526942006695
2016-11-04,-1.322791690485614
2016-11-05,0.0
2016-11-06,0.0
2016-11-07,27.5130994145929
2016-11-08,-1.2174152320641451
2016-11-09,4.087754932372545
2016-11-10,-3.484656047806589
2016-11-11,-2.5837393816128817
2016-11-12,0.0
2016-11-13,0.0
2016-11-14,-0.4828231595473076
2016-11-15,1.1197935481455978
2016-11-16,-0.5220495947015791
2016-11-17,0.8449145644939593
2016-11-18,-0.2513058809650581
2016-11-19,0.0
2016-11-20,0.0
2016-11-21,1.3961936938803543
2016-11-22,-7.92612442177999
2016-11-23,0.0012071057440721
2016-11-24,0.0
2016-11-25,-0.5207386361007149
2016-11-26,0.0
2016-11-27,0.0
2016-11-28,2.0684023533344087
2016-11-29,-0.8688726419668336
2016-11-30,-0.6133990441611781
2016-12-01,0.8640742461167861
2016-12-02,-0.2218793533592222
2016-12-03,0.0
2016-12-04,0.0
2016-12-05,1.1762763400467335
2016-12-06,-0.4124930669125781
2016-12-07,5.611420206301943
2016-12-08,-0.4722631683130363
2016-12-09,-0.2471337996746592
2016-12-10,0.0
2016-12-11,0.0
2016-12-12,-0.7338905109137706
2016-12-13,0.6714072856991216
2016-12-14,1.1705280764252368
2016-12-15,-3.45831439981541
2016-12-16,-1.4531320371954817
2016-12-17,0.0
2016-12-18,0.0
2016-12-19,-0.8996147907187169
2016-12-20,-21.31731157834481
2016-12-21,1.3502243352847776
2016-12-22,-6.026158040226126
2016-12-23,-0.017267277059374
2016-12-24,0.0
2016-12-25,0.0
2016-12-26,0.0
2016-12-27,-0.7071043498961926
2016-12-28,8.160440555418536
2016-12-29,-2.92781771495525
2016-12-30,2.0367651822478017
2016-12-31,0.0
2017-01-01,0.0
2017-01-02,0.0
2017-01-03,3.256791907509116
2017-01-04,0.5508311630341822
2017-01-05,-2.592009768734272
2017-01-06,0.3634836127180518
2017-01-07,0.0
2017-01-08,0.0
2017-01-09,1.5873229094202523
2017-01-10,-0.6155083990133758
2017-01-11,-2.681058334018138
2017-01-12,0.7918835530161372
2017-01-13,-1.028527260953338
2017-01-14,0.0
2017-01-15,0.0
2017-01-16,0.0
2017-01-17,-0.38386940284727
2017-01-18,-0.0200454873504063
2017-01-19,-0.086464856892876
2017-01-20,-0.0178764501211459
2017-01-21,0.0
2017-01-22,0.0
2017-01-23,-12.34542174344564
2017-01-24,3.5330308173697533
2017-01-25,2.56199800722523
2017-01-26,-0.1127688448801511
2017-01-27,-3.3009597494768506
2017-01-28,0.0
2017-01-29,0.0
2017-01-30,-3.195357060297599
2017-01-31,-1.1846317477129276
2017-02-01,-0.4497009111128047
2017-02-02,-0.3013767795704281
2017-02-03,3.978754909360616
2017-02-04,0.0
2017-02-05,0.0
2017-02-06,-0.1876358452667426
2017-02-07,-0.5380257091720742
2017-02-08,-0.0589652952964314
2017-02-09,2.484170269878549
2017-02-10,-7.80193421819293
2017-02-11,0.0
2017-02-12,0.0
2017-02-13,1.7915179695069172
2017-02-14,-3.1830592154153514
2017-02-15,-4.522108550573356
2017-02-16,-2.099067121153675
2017-02-17,-0.4637659426469653
2017-02-18,0.0
2017-02-19,0.0
2017-02-20,0.0
2017-02-21,2.4314404047873994
2017-02-22,-2.3868480000008963
2017-02-23,-0.1329187320159408
2017-02-24,-0.3010779171373601
2017-02-25,0.0
2017-02-26,0.0
2017-02-27,-1.722288303074393
2017-02-28,2.171422898284403
2017-03-01,15.868807555418684
2017-03-02,5.741526461442459
2017-03-03,-2.454526821823821
2017-03-04,0.0
2017-03-05,0.0
2017-03-06,1.987810828698433
2017-03-07,0.1784202024950776
2017-03-08,-1.300243556481684
2017-03-09,-4.654951849395461
2017-03-10,0.205754279502579
2017-03-11,0.0
2017-03-12,0.0
2017-03-13,-0.3484093382789655
2017-03-14,-3.3095491376639363
2017-03-15,4.765389933772601
2017-03-16,0.8438915821251669
2017-03-17,0.6785143715670738
2017-03-18,0.0
2017-03-19,0.0
2017-03-20,-2.5504014410598685
2017-03-21,16.42310930634565
2017-03-22,0.0740971131918621
2017-03-23,0.2557994533484153
2017-03-24,-1.8473920498085603
2017-03-25,0.0
2017-03-26,0.0
2017-03-27,-0.6042757641445684
2017-03-28,1.850312015668276
2017-03-29,-0.97968021176168
2017-03-30,-1.19039292027302
2017-03-31,0.4057574643644868
2017-04-01,0.0
2017-04-02,0.0
2017-04-03,0.0784317568658821
2017-04-04,-2.915420926753143
2017-04-05,0.6581194175814487
2017-04-06,0.3254821043849887
2017-04-07,-0.178175724717855
2017-04-08,0.0
2017-04-09,0.0
2017-04-10,-0.0565873028471108
2017-04-11,-0.3559833984797977
2017-04-12,-17.073331041402295
2017-04-13,1.3170750113004948
2017-04-14,0.0
2017-04-15,0.0
2017-04-16,0.0
2017-04-17,9.495057537202523
2017-04-18,-0.1961111290075923
2017-04-19,-0.4499283537719001
2017-04-20,5.56452664692626
2017-04-21,0.6623348507280413
2017-04-22,0.0
2017-04-23,0.0
2017-04-24,9.161418038487737
2017-04-25,2.6221890978825657
2017-04-26,-0.911134231121058
2017-04-27,-4.945312057467888
2017-04-28,0.083654824587831
2017-04-29,0.0
2017-04-30,0.0
2017-05-01,0.0574201612674629
2017-05-02,-0.3111762618133951
2017-05-03,-14.23042084284164
2017-05-04,-0.1819882253363713
2017-05-05,0.9520965674685966
2017-05-06,0.0
2017-05-07,0.0
2017-05-08,-0.2223658775627579
2017-05-09,0.0022126107078968
2017-05-10,-4.73664246075095
2017-05-11,0.8203448240079458
2017-05-12,-0.3447796169786965
2017-05-13,0.0
2017-05-14,0.0
2017-05-15,1.3478555151407612
2017-05-16,-0.3829510571263461
2017-05-17,34.31889593293336
2017-05-18,0.20972979523175
2017-05-19,2.484060513041819
2017-05-20,0.0
2017-05-21,0.0
2017-05-22,1.2449608016551703
2017-05-23,0.09598133195865
2017-05-24,-0.0550594650257307
2017-05-25,-0.5015631923111274
2017-05-26,-3.820552300550195
2017-05-27,0.0
2017-05-28,0.0
2017-05-29,0.0
2017-05-30,-3.394780090071825
2017-05-31,-0.8957980488452755
2017-06-01,2.31031417642098
2017-06-02,-2.3022926176661462
2017-06-03,0.0
2017-06-04,0.0
2017-06-05,-0.8600350256955491
2017-06-06,-6.06808405903283
2017-06-07,-2.331435459123832
2017-06-08,-0.0952197351312356
2017-06-09,0.1794909641434472
2017-06-10,0.0
2017-06-11,0.0
2017-06-12,-0.3299019817212145
2017-06-13,1.1593854799803127
2017-06-14,0.2151466037301652
2017-06-15,0.3871087301729137
2017-06-16,0.0086977537607335
2017-06-17,0.0
2017-06-18,0.0
2017-06-19,3.8131211893783767
2017-06-20,4.058028496955046
2017-06-21,-0.084007296791011
2017-06-22,0.0385294911762201
2017-06-23,-0.4501947544754969
2017-06-24,0.0
2017-06-25,0.0
2017-06-26,-0.3148304415458436
2017-06-27,3.8768509695353393
2017-06-28,4.526384254197247
2017-06-29,-18.681442126027783
2017-06-30,-0.7074977189873932
2017-07-01,0.0
2017-07-02,0.0
2017-07-03,-3.225733674845821
2017-07-04,0.0
2017-07-05,-2.0316520163749296
2017-07-06,9.31070581342066
2017-07-07,2.838774460546789
2017-07-08,0.0
2017-07-09,0.0
2017-07-10,-1.435089017005564
2017-07-11,0.0724372979485021
2017-07-12,3.917648321271972
2017-07-13,0.0923830975766426
2017-07-14,-2.6006023370626408
2017-07-15,0.0
2017-07-16,0.0
2017-07-17,-0.932246409651516
2017-07-18,-0.1888240954358133
2017-07-19,1.1253541713564186
2017-07-20,-0.0372480279416165
2017-07-21,0.0620103644709546
2017-07-22,0.0
2017-07-23,0.0
2017-07-24,0.0570863477918237
2017-07-25,0.2493106111648213
2017-07-26,-1.2706754830753009
2017-07-27,-0.0058561269913215
2017-07-28,-0.3535662959642471
2017-07-29,0.0
2017-07-30,0.0
2017-07-31,0.1283713148806375
2017-08-01,-5.09055525750245
2017-08-02,-4.946886421736096
2017-08-03,0.637115909842989
2017-08-04,0.0870733144558322
2017-08-05,0.0
2017-08-06,0.0
2017-08-07,0.0182174193831485
2017-08-08,0.8867809015548067
2017-08-09,-7.90903934710252
2017-08-10,16.757635129136506
2017-08-11,-6.847097445263062
2017-08-12,0.0
2017-08-13,0.0
2017-08-14,8.707618260292849
2017-08-15,-0.1787542236628581
2017-08-16,-0.0053968134370974
2017-08-17,12.730158688665538
2017-08-18,-2.389027039381608
2017-08-19,0.0
2017-08-20,0.0
2017-08-21,0.0343682050632843
2017-08-22,6.380715432415762
2017-08-23,-2.3343265780639944
2017-08-24,0.0242250374293373
2017-08-25,-1.315389219616192
2017-08-26,0.0
2017-08-27,0.0
2017-08-28,0.0310932545630526
2017-08-29,0.0301970645884885
2017-08-30,-0.5263245536517247
2017-08-31,2.276753640744733
2017-09-01,0.2407605991415762
2017-09-02,0.0
2017-09-03,0.0
2017-09-04,0.0
2017-09-05,3.526095159702769
2017-09-06,0.0784748148878966
2017-09-07,-0.0119802610055286
2017-09-08,0.0653153531003036
2017-09-09,0.0
2017-09-10,0.0
2017-09-11,6.632632228081214
2017-09-12,0.444349864756588
2017-09-13,-0.2263253252073327
2017-09-14,0.0959924840572279
2017-09-15,-0.2030993122889679
2017-09-16,0.0
2017-09-17,0.0
2017-09-18,-0.0593606520102762
2017-09-19,-0.0580035572077086
2017-09-20,-0.4156071937935102
2017-09-21,0.6015990807422433
2017-09-22,-12.987090186374218
2017-09-23,0.0
2017-09-24,0.0
2017-09-25,0.6209507383523771
2017-09-26,-6.259911453547352
2017-09-27,0.9225935971254984
2017-09-28,-0.0246372886297474
2017-09-29,-22.714628491473988
2017-09-30,0.0
2017-10-01,0.0
2017-10-02,-0.4171049881213973
2017-10-03,0.064126219104077
2017-10-04,-10.10041166839718
2017-10-05,-0.5973029158269805
2017-10-06,-0.990520473662615
2017-10-07,0.0
2017-10-08,0.0
2017-10-09,1.6924078842016854
2017-10-10,0.0079379398433721
2017-10-11,-0.0350127437987346
2017-10-12,-0.2231526155231034
2017-10-13,-3.3584090031380853
2017-10-14,0.0
2017-10-15,0.0
2017-10-16,-0.0626654321892128
2017-10-17,-14.279126637484351
2017-10-18,-0.6987324472304657
2017-10-19,-0.2900974247133647
2017-10-20,1.286056116603218
2017-10-21,0.0
2017-10-22,0.0
2017-10-23,-16.004347698179235
2017-10-24,-1.7437008468652593
2017-10-25,9.99581584713205
2017-10-26,-0.9843026944639012
2017-10-27,13.352132919728966
2017-10-28,0.0
2017-10-29,0.0
2017-10-30,3.8014788702684488
2017-10-31,-0.008549889006626
2017-11-01,0.0782916149144163
2017-11-02,-3.3130317870524006
2017-11-03,0.8550925731815928
2017-11-04,0.0
2017-11-05,0.0
2017-11-06,-2.5668104662090463
2017-11-07,0.1555038259560826
2017-11-08,-1.9242024965194229
2017-11-09,5.41525763455839
2017-11-10,-0.99489400462226
2017-11-11,0.0
2017-11-12,0.0
2017-11-13,-2.109351782979485
2017-11-14,1.4817486387441736
2017-11-15,7.590159451196077
2017-11-16,6.133373413258569
2017-11-17,1.1916793598258035
2017-11-18,0.0
2017-11-19,0.0
2017-11-20,-0.7212008533021286
2017-11-21,5.337471274338079
2017-11-22,0.0452474180792528
2017-11-23,0.0
2017-11-24,-0.4800541228600741
2017-11-25,0.0
2017-11-26,0.0
2017-11-27,0.1542523578194066
2017-11-28,11.680034923052071
2017-11-29,0.184783801001509
2017-11-30,6.102576921457059
2017-12-01,0.9745008238175812
2017-12-02,0.0
2017-12-03,0.0
2017-12-04,-1.4554322618852478
2017-12-05,-0.2409460192970614
2017-12-06,0.0186521096932956
2017-12-07,-3.0115899200289675
2017-12-08,2.2347700122660186
2017-12-09,0.0
2017-12-10,0.0
2017-12-11,-5.049056742894731
2017-12-12,-2.276360826548207
2017-12-13,0.3325166207360785
2017-12-14,3.266506621551968
2017-12-15,7.145089968742191
2017-12-16,0.0
2017-12-17,0.0
2017-12-18,1.4031886581288957
2017-12-19,2.015765290518279
2017-12-20,0.2066962503176839
2017-12-21,0.0619867211564706
2017-12-22,-2.1734071481894657
2017-12-23,0.0
2017-12-24,0.0
2017-12-25,0.0
2017-12-26,0.0734290569405882
2017-12-27,0.0139579148354274
2017-12-28,-1.3213748539261827
2017-12-29,-0.4900239630469039
2017-12-30,0.0
2017-12-31,0.0
2018-01-01,0.0
2018-01-02,0.154168655858089
2018-01-03,0.6340151602134636
2018-01-04,0.5214289154694685
2018-01-05,0.5022220306115877
2018-01-06,0.0
2018-01-07,0.0
2018-01-08,-0.6859120478019842
2018-01-09,0.0294699846650869
2018-01-10,0.3909358718184208
2018-01-11,-3.881164534192816
2018-01-12,2.072036491673934
2018-01-13,0.0
2018-01-14,0.0
2018-01-15,0.0
2018-01-16,-1.3462209848555395
2018-01-17,4.64800049576104
2018-01-18,0.3723555241452958
2018-01-19,-2.89922512877534
2018-01-20,0.0
2018-01-21,0.0
2018-01-22,2.7324352966038967
2018-01-23,-0.0114029368753931
2018-01-24,-0.1264513417112533
2018-01-25,0.1652506996179692
2018-01-26,8.469983881944598
2018-01-27,0.0
2018-01-28,0.0
2018-01-29,6.240967384721374
2018-01-30,9.603834251417195
2018-01-31,-2.985613357314976
2018-02-01,-0.5252834303933751
2018-02-02,29.15544612663248
2018-02-03,0.0
2018-02-04,0.0
2018-02-05,55.98652413217873
2018-02-06,4.840786274385334
2018-02-07,0.3831675604896389
2018-02-08,19.327508532176264
2018-02-09,2.5758048160543945
2018-02-10,0.0
2018-02-11,0.0
2018-02-12,1.9979042430521063
2018-02-13,-0.1546855565042859
2018-02-14,1.048821695628166
2018-02-15,0.956503340907866
2018-02-16,-0.1376376802241008
2018-02-17,0.0
2018-02-18,0.0
2018-02-19,0.0
2018-02-20,-0.1648912789386947
2018-02-21,0.1973229584492308
2018-02-22,-0.010448605515434
2018-02-23,2.400474831572041
2018-02-24,0.0
2018-02-25,0.0
2018-02-26,0.7662401034087107
2018-02-27,0.965405726274282
2018-02-28,0.8719563883198722
2018-03-01,0.33721418920023
2018-03-02,0.3482756303280432
2018-03-03,0.0
2018-03-04,0.0
2018-03-05,0.9646907684196292
2018-03-06,-0.572790568011039
2018-03-07,-0.0938242502942832
2018-03-08,0.2648851059629864
2018-03-09,2.642481406194719
2018-03-10,0.0
2018-03-11,0.0
2018-03-12,-1.244732298993012
2018-03-13,-0.0326600420160194
2018-03-14,-0.6178333919930612
2018-03-15,-0.0153654978766404
2018-03-16,0.0533294674761153
2018-03-17,0.0
2018-03-18,0.0
2018-03-19,-1.9966200678769972
2018-03-20,-16.095917454849307
2018-03-21,-3.3475108804953524
2018-03-22,7.625844948451288
2018-03-23,-11.835220003183156
2018-03-24,0.0
2018-03-25,0.0
2018-03-26,6.750535955572734
2018-03-27,1.3744348730077016
2018-03-28,-0.0651576297101552
2018-03-29,0.1251211953236186
2018-03-30,0.0
2018-03-31,0.0
2018-04-01,0.0
2018-04-02,3.297945551321746
2018-04-03,2.220115557720459
2018-04-04,1.4981110324905569
2018-04-05,0.3507038698998155
2018-04-06,4.6113122933949535
2018-04-07,0.0
2018-04-08,0.0
2018-04-09,-2.7019835964886
2018-04-10,1.5464560595678245
2018-04-11,-1.1120832330295038
2018-04-12,-0.206037681499871
2018-04-13,-1.647525729280308
2018-04-14,0.0
2018-04-15,0.0
2018-04-16,0.4253191468484463
2018-04-17,-0.0829745264981807
2018-04-18,-0.0724834733444645
2018-04-19,0.3030062186565763
2018-04-20,0.3823485206758237
2018-04-21,0.0
2018-04-22,0.0
2018-04-23,-3.4907906628897867
2018-04-24,1.5259911874742516
2018-04-25,-0.1021653014793844
2018-04-26,1.2312296270007517
2018-04-27,0.0453263495275413
2018-04-28,0.0
2018-04-29,0.0
2018-04-30,0.4407158156959134
2018-05-01,-1.7080810436454597
2018-05-02,0.3725085614805445
2018-05-03,0.0089661894360437
2018-05-04,-4.966769321058062
2018-05-05,0.0
2018-05-06,0.0
2018-05-07,-5.662090200277814
2018-05-08,-9.458707013052624
2018-05-09,-4.00420994356685
2018-05-10,0.8204228175171968
2018-05-11,-2.6678038556918198
2018-05-12,0.0
2018-05-13,0.0
2018-05-14,-11.08564310220923
2018-05-15,-1.1592838291710097
2018-05-16,-2.361629776344265
2018-05-17,-0.8181759583082315
2018-05-18,-14.106545714970276
2018-05-19,0.0
2018-05-20,0.0
2018-05-21,1.063440508789415
2018-05-22,-7.557978048944546
2018-05-23,-1.464304686753648
2018-05-24,-1.7647435707220491
2018-05-25,-0.1505977928358493
2018-05-26,0.0
2018-05-27,0.0
2018-05-28,0.0
2018-05-29,3.626998341576404
2018-05-30,1.762242897674371
2018-05-31,1.7888846591407104
2018-06-01,2.6938296517613924
2018-06-02,0.0
2018-06-03,0.0
2018-06-04,-2.509542258069952
2018-06-05,-0.0267697108903175
2018-06-06,-6.215021544442712
2018-06-07,0.2285004351769259
2018-06-08,-3.1586508110032274
2018-06-09,0.0
2018-06-10,0.0
2018-06-11,0.0010952177075473
2018-06-12,-4.22268936073359
2018-06-13,1.445913236798102
2018-06-14,-3.6611525899534536
2018-06-15,-0.4263012047025505
2018-06-16,0.0
2018-06-17,0.0
2018-06-18,-5.656752290522904
2018-06-19,1.268066351081365
2018-06-20,-0.0896555804816512
2018-06-21,-1.2941164041507136
2018-06-22,-4.369369849579807
2018-06-23,0.0
2018-06-24,0.0
2018-06-25,11.199605213750385
2018-06-26,0.2166714570182915
2018-06-27,1.336175949113949
2018-06-28,1.056019564917432
2018-06-29,-8.912693102436364e-05
2018-06-30,0.0
2018-07-01,0.0
2018-07-02,0.0756270595960062
2018-07-03,-1.4492587030834447
2018-07-04,0.0
2018-07-05,3.1072554411950337
2018-07-06,2.633751439514298
2018-07-07,0.0
2018-07-08,0.0
2018-07-09,2.6646541800818824
2018-07-10,-0.1084333406385473
2018-07-11,-3.9233089139409705
2018-07-12,-3.447068855640689
2018-07-13,-3.0652851415528537
2018-07-14,0.0
2018-07-15,0.0
2018-07-16,-4.841216678459381
2018-07-17,-0.1965401244184983
2018-07-18,0.1076906897458318
2018-07-19,-2.4171371526393592
2018-07-20,0.0336951128956597
2018-07-21,0.0
2018-07-22,0.0
2018-07-23,-0.3238812986871453
2018-07-24,1.108134899306279
2018-07-25,4.036793739493083
2018-07-26,-0.4583729137198733
2018-07-27,2.568248206689483
2018-07-28,0.0
2018-07-29,0.0
2018-07-30,1.8255703729170625
2018-07-31,0.683176463717805
2018-08-01,-0.9145175567289444
2018-08-02,0.8479752419235265
2018-08-03,-1.9299398859535024
2018-08-04,0.0
2018-08-05,0.0
2018-08-06,0.2716163445488639
2018-08-07,-12.50541361395332
2018-08-08,0.2228241444613088
2018-08-09,-6.683327393338445
2018-08-10,4.19654899101205
2018-08-11,0.0
2018-08-12,0.0
2018-08-13,1.9568834394013024
2018-08-14,1.5108221441921588
2018-08-15,2.6253168765570045
2018-08-16,-0.6052077941326006
2018-08-17,-3.093978293511701
2018-08-18,0.0
2018-08-19,0.0
2018-08-20,-4.031095609281121
2018-08-21,-0.3937207725216551
2018-08-22,-4.727897994087682
2018-08-23,-4.545166178821458
2018-08-24,2.546246736356128
2018-08-25,0.0
2018-08-26,0.0
2018-08-27,3.3058808221181124
2018-08-28,-0.6020783157728249
2018-08-29,1.5858810468067253
2018-08-30,0.3955332340662476
2018-08-31,-0.2591484300354385
2018-09-01,0.0
2018-09-02,0.0
2018-09-03,0.0
2018-09-04,0.547033939503172
2018-09-05,-0.0677572823883476
2018-09-06,-4.20706343867111
2018-09-07,-0.4132991623622462
2018-09-08,0.0
2018-09-09,0.0
2018-09-10,-4.201490655840335
2018-09-11,-3.2922890665715743
2018-09-12,-1.5070521493234068
2018-09-13,1.4668554898134456
2018-09-14,-1.4786169573038466
2018-09-15,0.0
2018-09-16,0.0
2018-09-17,2.4680150814618385
2018-09-18,1.3411325836735433
2018-09-19,-0.4233042196328251
2018-09-20,4.574117967502023
2018-09-21,-0.3281398023116333
2018-09-22,0.0
2018-09-23,0.0
2018-09-24,-4.025177537908053
2018-09-25,-1.9119752810191184
2018-09-26,-1.1640823757334773
2018-09-27,-7.313687915955636
2018-09-28,-5.6240457051780375
2018-09-29,0.0
2018-09-30,0.0
2018-10-01,0.2179213698526805
2018-10-02,-0.1487940645697461
2018-10-03,-0.2297670530845286
2018-10-04,9.596140467381687
2018-10-05,3.334559758450295
2018-10-06,0.0
2018-10-07,0.0
2018-10-08,-3.6732383119320255
2018-10-09,-6.52958978096544
2018-10-10,92.38049548932489
2018-10-11,10.007118679997864
2018-10-12,6.816763307613116
2018-10-13,0.0
2018-10-14,0.0
2018-10-15,0.3647412649131265
2018-10-16,11.92859942611224
2018-10-17,-0.0560521475278963
2018-10-18,3.3408773703078154
2018-10-19,-0.0019959032657834
2018-10-20,0.0
2018-10-21,0.0
2018-10-22,-0.0286675075658715
2018-10-23,-0.236589917100527
2018-10-24,14.479063751624713
2018-10-25,5.242988009597349
2018-10-26,2.6571403352020573
2018-10-27,0.0
2018-10-28,0.0
2018-10-29,0.0750321192047653
2018-10-30,3.2159460065522616
2018-10-31,1.8253674260091608
2018-11-01,0.6717319381302156
2018-11-02,0.1306168222807491
2018-11-03,0.0
2018-11-04,0.0
2018-11-05,0.6484458789230985
2018-11-06,0.7153072107081382
2018-11-07,5.122401303199875
2018-11-08,-0.1285309357078712
2018-11-09,0.5639960376919939
2018-11-10,0.0
2018-11-11,0.0
2018-11-12,2.698939870103767
2018-11-13,-0.0274884574138933
2018-11-14,0.1371805243765456
2018-11-15,1.163067141151064
2018-11-16,0.0322521843436174
2018-11-17,0.0
2018-11-18,0.0
2018-11-19,1.8459006763424712
2018-11-20,2.036306715376845
2018-11-21,-7.883280333603904
2018-11-22,0.0
2018-11-23,-3.356779237459684
2018-11-24,0.0
2018-11-25,0.0
2018-11-26,0.4215139551328573
2018-11-27,-0.062449041185919
2018-11-28,0.6624146690071164
2018-11-29,0.0151029488145271
2018-11-30,-1.2214968960585826
2018-12-01,0.0
2018-12-02,0.0
2018-12-03,1.1787922313401422
2018-12-04,9.971379174723085
2018-12-05,0.0
2018-12-06,-0.1918879301320286
2018-12-07,-3.527591713356526
2018-12-08,0.0
2018-12-09,0.0
2018-12-10,-3.2145728029498444
2018-12-11,-2.748845392520627
2018-12-12,-0.1230414469782559
2018-12-13,-2.5012912321191183
2018-12-14,2.097439665469492
2018-12-15,0.0
2018-12-16,0.0
2018-12-17,2.09513073993548
2018-12-18,-0.0973505834627186
2018-12-19,0.9714497439792912
2018-12-20,0.6399754954756753
2018-12-21,-3.587650237497464
2018-12-22,0.0
2018-12-23,0.0
2018-12-24,4.7096085852005976
2018-12-25,0.0
2018-12-26,23.42756973256821
2018-12-27,-0.7542351812601211
2018-12-28,0.0049583996480029
2018-12-29,0.0
2018-12-30,0.0
2018-12-31,0.6299841742411605
2019-01-01,0.0
2019-01-02,-0.9703558689295622
2019-01-03,2.7308501636629234
2019-01-04,6.542654443873475
2019-01-05,0.0
2019-01-06,0.0
2019-01-07,-1.0710061651991842
2019-01-08,0.5180977347065463
2019-01-09,-0.0511663093113012
2019-01-10,-1.2381646203829644
2019-01-11,-0.0946427122400228
2019-01-12,0.0
2019-01-13,0.0
2019-01-14,-3.1491711615700635
2019-01-15,0.8886554875970454
2019-01-16,-0.4599595917934906
2019-01-17,-0.4194517723084989
2019-01-18,-4.749482317821685
2019-01-19,0.0
2019-01-20,0.0
2019-01-21,0.0
2019-01-22,1.1731299084614788
2019-01-23,-3.357191287131456
2019-01-24,-0.0076845377217971
2019-01-25,0.4476796731130328
2019-01-26,0.0
2019-01-27,0.0
2019-01-28,0.2381978648584359
2019-01-29,0.0117807010857395
2019-01-30,-1.0789996495911611
2019-01-31,-3.100060152844475
2019-02-01,-0.0176715424313078
2019-02-02,0.0
2019-02-03,0.0
2019-02-04,-2.1746416492578025
2019-02-05,-2.7075375521280254
2019-02-06,-4.565653153625604
2019-02-07,-7.394304919485927
2019-02-08,-22.30731477782544
2019-02-09,0.0
2019-02-10,0.0
2019-02-11,-0.4311694360380036
2019-02-12,1.2730280453317588
2019-02-13,-0.4508637543672922
2019-02-14,0.485345108642865
2019-02-15,-13.502981741967158
2019-02-16,0.0
2019-02-17,0.0
2019-02-18,0.0
2019-02-19,-22.20274186327448
2019-02-20,-0.5118593489105261
2019-02-21,-0.3267191588307128
2019-02-22,0.4562237210196551
2019-02-23,0.0
2019-02-24,0.0
2019-02-25,-0.0831500731909962
2019-02-26,0.1374996112445625
2019-02-27,-1.8871242565560944
2019-02-28,-1.5833869766259778
2019-03-01,0.8372586355123612
2019-03-02,0.0
2019-03-03,0.0
2019-03-04,0.2460918215125174
2019-03-05,-4.78159637637432
2019-03-06,-8.118670818596085
2019-03-07,4.566007147922946
2019-03-08,0.538424997658371
2019-03-09,0.0
2019-03-10,0.0
2019-03-11,5.453761804253876
2019-03-12,-3.668907575717406
2019-03-13,0.5726786160377362
2019-03-14,-8.023901323993865
2019-03-15,-1.9565344407603933
2019-03-16,0.0
2019-03-17,0.0
2019-03-18,0.2452190717221469
2019-03-19,-1.3981278874444223
2019-03-20,0.2415115839684123
2019-03-21,4.187802940818908
2019-03-22,14.179485096451462
2019-03-23,0.0
2019-03-24,0.0
2019-03-25,0.1394773189757892
2019-03-26,1.3356053541333512
2019-03-27,-4.052729447992586
2019-03-28,0.1166676587830872
2019-03-29,0.8458126982484826
2019-03-30,0.0
2019-03-31,0.0
2019-04-01,0.544121116340901
2019-04-02,0.0348073777731494
2019-04-03,0.0267581040485076
2019-04-04,-0.8229764231758807
2019-04-05,-0.6067879640995644
2019-04-06,0.0
2019-04-07,0.0
2019-04-08,0.0004669496545428
2019-04-09,1.9095630309262648
2019-04-10,0.1264431832071588
2019-04-11,-0.5716803195483733
2019-04-12,-0.1227164030159433
2019-04-13,0.0
2019-04-14,0.0
2019-04-15,-0.9053766558307474
2019-04-16,-0.2177980647033228
2019-04-17,-2.027554986373348
2019-04-18,-4.132005421290597
2019-04-19,0.0
2019-04-20,0.0
2019-04-21,0.0
2019-04-22,-0.7051105210924224
2019-04-23,-5.367900674344805
2019-04-24,0.6819375463136712
2019-04-25,-1.3569871885197649
2019-04-26,0.27251319655619
2019-04-27,0.0
2019-04-28,0.0
2019-04-29,-0.6355801470781297
2019-04-30,-0.2829181185233564
2019-05-01,3.849991024715061
2019-05-02,-0.2915992214830187
2019-05-03,-1.0892473291035265
2019-05-04,0.0
2019-05-05,0.0
2019-05-06,-21.783040010632803
2019-05-07,23.37971136015351
2019-05-08,-1.8361384778528889
2019-05-09,-0.8427563834780161
2019-05-10,0.0428986955369303
2019-05-11,0.0
2019-05-12,0.0
2019-05-13,28.386632326365003
2019-05-14,-2.4864176406942384
2019-05-15,1.3477470630249178
2019-05-16,2.622656497063369
2019-05-17,0.951684919074669
2019-05-18,0.0
2019-05-19,0.0
2019-05-20,0.4907104348270019
2019-05-21,2.512533776756931
2019-05-22,-0.8456252619237214
2019-05-23,3.60368567923699
2019-05-24,0.1120029415817569
2019-05-25,0.0
2019-05-26,0.0
2019-05-27,0.0
2019-05-28,-0.0571689452683377
2019-05-29,0.9077512952234912
2019-05-30,0.2491060593049709
2019-05-31,3.867009341245131
2019-06-01,0.0
2019-06-02,0.0
2019-06-03,-0.2854784588524617
2019-06-04,12.913092570334438
2019-06-05,-0.2757625665849916
2019-06-06,1.07474898113602
2019-06-07,2.5792947649579068
2019-06-08,0.0
2019-06-09,0.0
2019-06-10,-0.005221091622809
2019-06-11,-0.055611632034902
2019-06-12,-0.0190087977716357
2019-06-13,-0.5333012635863388
2019-06-14,-0.0309533632648628
2019-06-15,0.0
2019-06-16,0.0
2019-06-17,-2.0115107820607325
2019-06-18,1.7496070414440237
2019-06-19,-5.677001153760008
2019-06-20,1.6016147136889147
2019-06-21,-0.2341119788455414
2019-06-22,0.0
2019-06-23,0.0
2019-06-24,-0.0401086452422538
2019-06-25,-12.548883827426904
2019-06-26,-1.2272716175583676
2019-06-27,-0.4660965315484544
2019-06-28,-1.2116141598653152
2019-06-29,0.0
2019-06-30,0.0
2019-07-01,-0.0663123150791089
2019-07-02,-1.9644389333368428
2019-07-03,-0.34007567693356
2019-07-04,0.0
2019-07-05,-0.2504518425113788
2019-07-06,0.0
2019-07-07,0.0
2019-07-08,-4.730820950719239
2019-07-09,0.003902867541905
2019-07-10,-3.664716550342939
2019-07-11,-3.344434255267026
2019-07-12,0.1660498294722812
2019-07-13,0.0
2019-07-14,0.0
2019-07-15,-10.848467157529706
2019-07-16,0.4002511207022552
2019-07-17,-14.52976540047124
2019-07-18,-2.4629529633132696
2019-07-19,3.1371592746598957
2019-07-20,0.0
2019-07-21,0.0
2019-07-22,-5.642077450471139
2019-07-23,1.4764031288174495
2019-07-24,0.5533508637452833
2019-07-25,2.425631465160971
2019-07-26,1.953992185492481
2019-07-27,0.0
2019-07-28,0.0
2019-07-29,0.0019605149591983
2019-07-30,1.0828615687892065
2019-07-31,4.53075660120883
2019-08-01,5.050453366939145
2019-08-02,-1.922486695127956
2019-08-03,0.0
2019-08-04,0.0
2019-08-05,41.34704233397433
2019-08-06,5.389605177126766
2019-08-07,-2.063596052293748
2019-08-08,8.93002358453574
2019-08-09,0.7165039900397963
2019-08-10,0.0
2019-08-11,0.0
2019-08-12,2.3699136940626087
2019-08-13,3.67791334904426
2019-08-14,15.008935303693738
2019-08-15,-1.0422910909423375
2019-08-16,3.7328613524237664
2019-08-17,0.0
2019-08-18,0.0
2019-08-19,2.127424122908561
2019-08-20,0.6535539771271637
2019-08-21,0.7181558533046806
2019-08-22,-0.1268363354118062
2019-08-23,7.514351315714873
2019-08-24,0.0
2019-08-25,0.0
2019-08-26,1.7864466472665708
2019-08-27,-0.0079552161191154
2019-08-28,0.3777751010077601
2019-08-29,1.788727096603937
2019-08-30,-0.3064179283802759
2019-08-31,0.0
2019-09-01,0.0
2019-09-02,0.0
2019-09-03,0.2759821352770197
2019-09-04,0.8109489534355863
2019-09-05,1.6202564172419942
2019-09-06,-0.2270783205910342
2019-09-07,0.0
2019-09-08,0.0
2019-09-09,-0.6168574240655755
2019-09-10,-0.0061531786917368
2019-09-11,0.5272032280526195
2019-09-12,-1.1758631860719235
2019-09-13,-0.9365459603148274
2019-09-14,0.0
2019-09-15,0.0
2019-09-16,-0.5267109196276376
2019-09-17,-11.353850124718967
2019-09-18,-1.7500088938953828
2019-09-19,0.0214512115630505
2019-09-20,-3.985922865838354
2019-09-21,0.0
2019-09-22,0.0
2019-09-23,-0.8281327728644761
2019-09-24,-1.4097789682513628
2019-09-25,-2.8418748070399458
2019-09-26,-17.610243685023175
2019-09-27,1.1227122761199082
2019-09-28,0.0
2019-09-29,0.0
2019-09-30,-3.980878351551276
2019-10-01,0.9661828083847857
2019-10-02,6.68828340746459
2019-10-03,-0.1034359038945775
2019-10-04,4.437506329284191
2019-10-05,0.0
2019-10-06,0.0
2019-10-07,-16.1415855145826
2019-10-08,4.683280283136182
2019-10-09,1.706400665146801
2019-10-10,-0.0402879345999029
2019-10-11,-1.03351180833271
2019-10-12,0.0
2019-10-13,0.0
2019-10-14,0.0942220407791349
2019-10-15,0.6922143071124154
2019-10-16,-2.485170801943959
2019-10-17,-4.335712820530146
2019-10-18,0.4953760424537323
2019-10-19,0.0
2019-10-20,0.0
2019-10-21,1.3316833290406338
2019-10-22,0.4319020637430393
2019-10-23,-1.2644667730977943
2019-10-24,-0.1366866506485875
2019-10-25,0.4562345081483565
2019-10-26,0.0
2019-10-27,0.0
2019-10-28,0.4674912877709269
2019-10-29,-0.0954159658648201
2019-10-30,0.2416629851095031
2019-10-31,0.3403865847958931
2019-11-01,1.4994740676074203
2019-11-02,0.0
2019-11-03,0.0
2019-11-04,0.1971972991614778
2019-11-05,-2.458143261158985
2019-11-06,-0.7548607315250977
2019-11-07,-0.2969838211301034
2019-11-08,-1.3059562128160618
2019-11-09,0.0
2019-11-10,0.0
2019-11-11,-0.0902440364181522
2019-11-12,-6.1329047662239455
2019-11-13,-15.426201535734895
2019-11-14,-1.5692093367820958
2019-11-15,-6.097667754961766
2019-11-16,0.0
2019-11-17,0.0
2019-11-18,-2.306070141502448
2019-11-19,-21.437686964644897
2019-11-20,-0.8767430011587751
2019-11-21,-0.7193873143469753
2019-11-22,-9.00920273248692
2019-11-23,0.0
2019-11-24,0.0
2019-11-25,2.9324291874750275
2019-11-26,-8.125222726698011
2019-11-27,-1.0150661832330157
2019-11-28,0.0
2019-11-29,4.283902888801916
2019-11-30,0.0
2019-12-01,0.0
2019-12-02,9.109796285663885
2019-12-03,3.10847529402738
2019-12-04,0.5119945369885359
2019-12-05,-0.2499762610803979
2019-12-06,5.886706931906716
2019-12-07,0.0
2019-12-08,0.0
2019-12-09,1.1725691936831373
2019-12-10,-1.3267634146488017
2019-12-11,-0.0220062082572303
2019-12-12,4.401749123849941
2019-12-13,-1.4778555118256875
2019-12-14,0.0
2019-12-15,0.0
2019-12-16,-3.047561858116543
2019-12-17,-0.4594245059103441
2019-12-18,-0.2838739373274168
2019-12-19,0.8819510306088407
2019-12-20,0.9723400588643294
2019-12-21,0.0
2019-12-22,0.0
2019-12-23,-0.0912732047592013
2019-12-24,-0.7930547470451743
2019-12-25,0.0
2019-12-26,1.1825719429398918
2019-12-27,0.1415096440107843
2019-12-28,0.0
2019-12-29,0.0
2019-12-30,4.496195162694461
2019-12-31,-3.171494668601771
2020-01-01,0.0
2020-01-02,4.17148085704051
2020-01-03,5.202972238172143
2020-01-04,0.0
2020-01-05,0.0
2020-01-06,-1.528914439287321
2020-01-07,0.6568293149693316
2020-01-08,0.827061528636408
2020-01-09,-0.6835403879665636
2020-01-10,1.2620230299638546
2020-01-11,0.0
2020-01-12,0.0
2020-01-13,1.6625831530991064
2020-01-14,-1.4641211969166568
2020-01-15,-7.885381786771339
2020-01-16,-3.1705645773225988
2020-01-17,-1.2313028410079865
2020-01-18,0.0
2020-01-19,0.0
2020-01-20,0.0
2020-01-21,2.076455776101449
2020-01-22,-4.327007158182639
2020-01-23,-2.4303910490489637
2020-01-24,10.59010170475634
2020-01-25,0.0
2020-01-26,0.0
2020-01-27,21.92580120199381
2020-01-28,1.3224366109504615
2020-01-29,0.1519681224259272
2020-01-30,-1.786219600474559
2020-01-31,17.604379963594297
2020-02-01,0.0
2020-02-02,0.0
2020-02-03,1.7972930589988945
2020-02-04,6.982254275907485
2020-02-05,2.946213332704461
2020-02-06,0.1416948314895805
2020-02-07,1.3154389157503443
2020-02-08,0.0
2020-02-09,0.0
2020-02-10,0.6951010393096313
2020-02-11,-0.0307378684902825
2020-02-12,-0.8121418151056603
2020-02-13,0.2481110073272674
2020-02-14,-1.5350708793325565
2020-02-15,0.0
2020-02-16,0.0
2020-02-17,0.0
2020-02-18,-1.70148789948823
2020-02-19,0.2115624731718668
2020-02-20,0.3162679872384277
2020-02-21,3.9525880909378586
2020-02-22,0.0
2020-02-23,0.0
2020-02-24,30.01786296808273
2020-02-25,14.83072658507576
2020-02-26,-0.9419895746676344
2020-02-27,22.75241983159224
2020-02-28,-0.0394427170520961
2020-02-29,0.0
2020-03-01,0.0
2020-03-02,18.42962483379602
2020-03-03,3.950492075963874
2020-03-04,11.217228308983817
2020-03-05,4.884490367456018
2020-03-06,0.7535120819092134
2020-03-07,0.0
2020-03-08,0.0
2020-03-09,21.82237178336508
2020-03-10,7.785281671889455
2020-03-11,4.554745188503495
2020-03-12,18.239593272832867
2020-03-13,14.425229476752
2020-03-14,0.0
2020-03-15,0.0
2020-03-16,16.758451485569804
2020-03-17,3.942402483314855
2020-03-18,1.1422485774902125
2020-03-19,-0.2063549672602027
2020-03-20,0.719882811623962
2020-03-21,0.0
2020-03-22,0.0
2020-03-23,0.1941630990175413
2020-03-24,8.018529033181476
2020-03-25,0.2373966704935393
2020-03-26,3.256385513652438
2020-03-27,0.3955489867974116
2020-03-28,0.0
2020-03-29,0.0
2020-03-30,1.0852576441380712
2020-03-31,0.0156003080945765
2020-04-01,0.6824442668965647
2020-04-02,0.6573525862312302
2020-04-03,0.0190243073371565
2020-04-04,0.0
2020-04-05,0.0
2020-04-06,3.187035937273719
2020-04-07,-0.357313160199868
2020-04-08,0.8742372347762206
2020-04-09,-0.8610450681189818
2020-04-10,0.0
2020-04-11,0.0
2020-04-12,0.0
2020-04-13,0.0158059388796649
2020-04-14,-0.7178821562628612
2020-04-15,-0.1726472447784011
2020-04-16,-1.164507304787299
2020-04-17,-0.1013519577015675
2020-04-18,0.0
2020-04-19,0.0
2020-04-20,0.0167757329498252
2020-04-21,-3.2979882488768157
2020-04-22,-1.237907858447418
2020-04-23,-1.7267183242080653
2020-04-24,-7.669716144782301
2020-04-25,0.0
2020-04-26,0.0
2020-04-27,-6.184935286008697
2020-04-28,-17.946178439317574
2020-04-29,-3.3566600141985314
2020-04-30,-5.021885311318974
2020-05-01,1.9515217497390047
2020-05-02,0.0
2020-05-03,0.0
2020-05-04,-4.177241550749489
2020-05-05,-2.4688872942629447
2020-05-06,-13.19437606447902
2020-05-07,-0.0009372250827976
2020-05-08,-7.625149429318179
2020-05-09,0.0
2020-05-10,0.0
2020-05-11,-4.268713016222659
2020-05-12,-0.7655904467596009
2020-05-13,0.1849216024211397
2020-05-14,-7.68964489939008
2020-05-15,-1.218519738817769
2020-05-16,0.0
2020-05-17,0.0
2020-05-18,1.0272015431291193
2020-05-19,-15.37857269380709
2020-05-20,0.7606195788016024
2020-05-21,-4.243460824919609
2020-05-22,-0.8419004872953884
2020-05-23,0.0
2020-05-24,0.0
2020-05-25,0.0
2020-05-26,-0.3219648193241942
2020-05-27,-3.5820964709547765
2020-05-28,-3.707154896323117
2020-05-29,-0.0329654449853444
2020-05-30,0.0
2020-05-31,0.0
2020-06-01,-3.890754739094715
2020-06-02,-2.827860976988084
2020-06-03,-8.858804081326255
2020-06-04,-2.745567056718212
2020-06-05,4.348509024075531
2020-06-06,0.0
2020-06-07,0.0
2020-06-08,-0.2806159327215507
2020-06-09,0.2361602008807084
2020-06-10,0.0112454101578451
2020-06-11,26.510526197646332
2020-06-12,0.1943830281449399
2020-06-13,0.0
2020-06-14,0.0
2020-06-15,-5.067180562892193
2020-06-16,1.5248223562298158
2020-06-17,0.0369534345345368
2020-06-18,-0.5500472854764293
2020-06-19,-0.0383034772263091
2020-06-20,0.0
2020-06-21,0.0
2020-06-22,-1.1629982664261074
2020-06-23,0.0037208719268821
2020-06-24,1.7141376875139611
2020-06-25,-2.013271675747097
2020-06-26,3.9054886161220095
2020-06-27,0.0
2020-06-28,0.0
2020-06-29,0.8896050144761469
2020-06-30,-3.853651594850727
2020-07-01,-0.8848826213223582
2020-07-02,-1.2889511074689275
2020-07-03,0.0
2020-07-04,0.0
2020-07-05,0.0
2020-07-06,0.5557118613779499
2020-07-07,1.089532634597279
2020-07-08,-0.437752904829769
2020-07-09,-0.7497178565710749
2020-07-10,0.4257780063158467
2020-07-11,0.0
2020-07-12,0.0
2020-07-13,0.6630751484436148
2020-07-14,0.8472019382643525
2020-07-15,0.0744477229631668
2020-07-16,-0.7898960156263901
2020-07-17,-0.1032474545934469
2020-07-18,0.0
2020-07-19,0.0
2020-07-20,-3.579887844763485
2020-07-21,-0.8801526063126452
2020-07-22,-0.2817647335956352
2020-07-23,0.9062951718318502
2020-07-24,-29.922067628155855
2020-07-25,0.0
2020-07-26,0.0
2020-07-27,-1.226303526697614
2020-07-28,0.3975656383229164
2020-07-29,-2.5392918653379226
2020-07-30,0.0222842105175091
2020-07-31,0.534607976807866
2020-08-01,0.0
2020-08-02,0.0
2020-08-03,-0.4059205666193
2020-08-04,-0.2534418489105405
2020-08-05,0.207149788148242
2020-08-06,-12.62937552754273
2020-08-07,-1.1111786374577437
2020-08-08,0.0
2020-08-09,0.0
2020-08-10,-16.350719205364307
2020-08-11,0.0209282941333155
2020-08-12,-0.9112616018941422
2020-08-13,0.5133540756450561
2020-08-14,0.1028440111842332
2020-08-15,0.0
2020-08-16,0.0
2020-08-17,-5.226324576518094
2020-08-18,-5.551518333753192
2020-08-19,0.5112214734706466
2020-08-20,-2.151521252243538
2020-08-21,-2.378475430149496
2020-08-22,0.0
2020-08-23,0.0
2020-08-24,-3.2611414673684225
2020-08-25,-4.701119877558724
2020-08-26,0.697014134067464
2020-08-27,-1.5624461742403173
2020-08-28,0.7122943586058694
2020-08-29,0.0
2020-08-30,0.0
2020-08-31,-0.4333963583355249
2020-09-01,1.0649983004234809
2020-09-02,6.273512066586262
2020-09-03,40.5551694319922
2020-09-04,0.7222520809044175
2020-09-05,0.0
2020-09-06,0.0
2020-09-07,0.0
2020-09-08,15.367624455557747
2020-09-09,4.0687651183592966
2020-09-10,3.222163027747471
2020-09-11,-0.2733036608006278
2020-09-12,0.0
2020-09-13,0.0
2020-09-14,1.163347541403814
2020-09-15,-0.2482766275898607
2020-09-16,0.2967682810966598
2020-09-17,0.576802346311811
2020-09-18,1.0479901779784084
2020-09-19,0.0
2020-09-20,0.0
2020-09-21,1.473534124075182
2020-09-22,1.2939375703379108
2020-09-23,5.4533912325783085
2020-09-24,-2.182269768273548
2020-09-25,3.0153024511176296
2020-09-26,0.0
2020-09-27,0.0
2020-09-28,2.7093425837691587
2020-09-29,0.1045572606469313
2020-09-30,0.6362993646904513
2020-10-01,0.0981942521120604
2020-10-02,0.7412023799171052
2020-10-03,0.0
2020-10-04,0.0
2020-10-05,2.838371296626363
2020-10-06,0.7389037480598715
2020-10-07,2.54595723149853
2020-10-08,-0.3340368724374931
2020-10-09,0.6336316063259462
2020-10-10,0.0
2020-10-11,0.0
2020-10-12,1.7753324841097706
2020-10-13,0.2900022759883436
2020-10-14,-0.1227630474315955
2020-10-15,-2.0062061255834096
2020-10-16,-10.912062969611668
2020-10-17,0.0
2020-10-18,0.0
2020-10-19,2.117543251630183
2020-10-20,-8.352291178409143
2020-10-21,-4.360131118623867
2020-10-22,-4.246183028725536
2020-10-23,0.0668475375611432
2020-10-24,0.0
2020-10-25,0.0
2020-10-26,3.2614451792649435
2020-10-27,-0.2294037617154853
2020-10-28,15.163551155351572
2020-10-29,1.0198942987854842
2020-10-30,0.2108190911604301
2020-10-31,0.0
2020-11-01,0.0
2020-11-02,0.1886037901018156
2020-11-03,1.8858377587735564
2020-11-04,-2.079105865632369
2020-11-05,2.760275460114525
2020-11-06,-1.6389706742470755
2020-11-07,0.0
2020-11-08,0.0
2020-11-09,-0.98732680746485
2020-11-10,-0.3404869726645443
2020-11-11,-0.0691430845732976
2020-11-12,1.2370754163580466
2020-11-13,0.0248662360308848
2020-11-14,0.0
2020-11-15,0.0
2020-11-16,-1.508014293255211
2020-11-17,-2.159811070624784
2020-11-18,-0.5447264575240252
2020-11-19,-0.38951948715783
2020-11-20,0.0169710542971657
2020-11-21,0.0
2020-11-22,0.0
2020-11-23,-2.352509346285303
2020-11-24,1.989276520665939
2020-11-25,-0.5758311585459919
2020-11-26,0.0
2020-11-27,-0.0802597384422898
2020-11-28,0.0
2020-11-29,0.0
2020-11-30,0.3668558521249254
2020-12-01,-2.621262886858422
2020-12-02,-0.0715151998908258
2020-12-03,-0.1261249015192422
2020-12-04,0.386268600354267
2020-12-05,0.0
2020-12-06,0.0
2020-12-07,0.1745190928249762
2020-12-08,-5.167065299736051
2020-12-09,1.009385637194149
2020-12-10,-20.52406999367793
2020-12-11,-0.867345044666179
2020-12-12,0.0
2020-12-13,0.0
2020-12-14,-3.6922250742003615
2020-12-15,0.2235113970479263
2020-12-16,-4.30701173428103
2020-12-17,-8.408278774978761
2020-12-18,-7.336171920494006
2020-12-19,0.0
2020-12-20,0.0
2020-12-21,0.8931648473217813
2020-12-22,-2.8675483730683737
2020-12-23,-0.231703106560932
2020-12-24,-1.1850673900482112
2020-12-25,0.0
2020-12-26,0.0
2020-12-27,0.0
2020-12-28,-2.8267194123424155
2020-12-29,-4.773954287779258
2020-12-30,-4.462372381295343
2020-12-31,-0.3264551452708764
2021-01-01,0.0
2021-01-02,0.0
2021-01-03,0.0
2021-01-04,4.0510473471221164
2021-01-05,1.066338530122635
2021-01-06,-2.1054796893647865
2021-01-07,6.091042578576955
2021-01-08,-7.1803686364498525
2021-01-09,0.0
2021-01-10,0.0
2021-01-11,2.403267031898237
2021-01-12,0.0141435829189573
2021-01-13,-1.551585686048651
2021-01-14,-2.923867968754146
2021-01-15,2.977306285624448
2021-01-16,0.0
2021-01-17,0.0
2021-01-18,0.0
2021-01-19,1.9706223527114373
2021-01-20,4.028978173327125
2021-01-21,-0.3716783858046191
2021-01-22,0.6296225361771102
2021-01-23,0.0
2021-01-24,0.0
2021-01-25,-3.168640656854937
2021-01-26,0.0486662973660179
2021-01-27,25.827326098645266
2021-01-28,1.1605858543904055
2021-01-29,6.221145012174523
2021-01-30,0.0
2021-01-31,0.0
2021-02-01,5.058883057176944
2021-02-02,2.8128606094940167
2021-02-03,-0.3793882344700905
2021-02-04,1.16733799837192
2021-02-05,-0.1642092372604708
2021-02-06,0.0
2021-02-07,0.0
2021-02-08,0.532705543999179
2021-02-09,0.1169649687327245
2021-02-10,-0.8221049119862656
2021-02-11,-0.2691328812533977
2021-02-12,0.1635042833892264
2021-02-13,0.0
2021-02-14,0.0
2021-02-15,0.0
2021-02-16,-0.3306514835633378
2021-02-17,-5.208060963510974
2021-02-18,0.2415745351872944
2021-02-19,-0.1282043713945579
2021-02-20,0.0
2021-02-21,0.0
2021-02-22,-2.33601257123528
2021-02-23,-0.5146850257133795
2021-02-24,1.2190170795292945
2021-02-25,12.997996869120776
2021-02-26,0.3228415682916541
2021-02-27,0.0
2021-02-28,0.0
2021-03-01,8.20082290838613
2021-03-02,0.2183676098784337
2021-03-03,1.8239553516909317
2021-03-04,-0.328410958029679
2021-03-05,5.198807571626651
2021-03-06,0.0
2021-03-07,0.0
2021-03-08,0.237291574463283
2021-03-09,2.253882224651127
2021-03-10,0.3472961981030975
2021-03-11,-7.87094632315628
2021-03-12,-0.9358226787620328
2021-03-13,0.0
2021-03-14,0.0
2021-03-15,-6.2622374821722175
2021-03-16,-2.9932152410294344
2021-03-17,-2.5996528792140983
2021-03-18,4.423398286439251
2021-03-19,-1.7232008655810094
2021-03-20,0.0
2021-03-21,0.0
2021-03-22,0.5329996743083987
2021-03-23,0.1780063277780685
2021-03-24,0.4661596232036435
2021-03-25,0.469571637038535
2021-03-26,4.23332022563534
2021-03-27,0.0
2021-03-28,0.0
2021-03-29,-0.2568752229575866
2021-03-30,0.1683582734923749
2021-03-31,0.1630599513305686
2021-04-01,1.4829479722370698
2021-04-02,0.0
2021-04-03,0.0
2021-04-04,0.0
2021-04-05,2.3927544353788743
2021-04-06,-1.133354882119153
2021-04-07,-0.0018511454634273
2021-04-08,-1.2693670122762235
2021-04-09,-10.629115528003064
2021-04-10,0.0
2021-04-11,0.0
2021-04-12,-0.8569268414395537
2021-04-13,-8.795643961978062
2021-04-14,-1.490648052978838
2021-04-15,-4.1166864570422845
2021-04-16,-7.337484669045136
2021-04-17,0.0
2021-04-18,0.0
2021-04-19,-5.838229892877522
2021-04-20,0.8409163540232356
2021-04-21,-2.894816998302674
2021-04-22,3.978266823668175
2021-04-23,0.2916343368294605
2021-04-24,0.0
2021-04-25,0.0
2021-04-26,-0.0289401550179757
2021-04-27,-0.5282941702940525
2021-04-28,-0.1403147900209678
2021-04-29,0.7312154302127505
2021-04-30,-6.603708675001663
2021-05-01,0.0
2021-05-02,0.0
2021-05-03,-0.287246637667149
2021-05-04,1.915379399674744
2021-05-05,-3.2830920487896043
2021-05-06,-1.0595040441784276
2021-05-07,0.5996568141607428
2021-05-08,0.0
2021-05-09,0.0
2021-05-10,-1.6711936241295078
2021-05-11,3.8893284951392992
2021-05-12,16.973398206758095
2021-05-13,3.0573922304633294
2021-05-14,1.8377942687487048
2021-05-15,0.0
2021-05-16,0.0
2021-05-17,-4.117985147399395
2021-05-18,2.1087750392898785
2021-05-19,0.2461149901352266
2021-05-20,2.180134047760962
2021-05-21,-1.2728099780987434
2021-05-22,0.0
2021-05-23,0.0
2021-05-24,2.189927463330465
2021-05-25,-0.0302927153275622
2021-05-26,-0.4490657246371432
2021-05-27,-2.7245212116944084
2021-05-28,-0.2855502963270973
2021-05-29,0.0
2021-05-30,0.0
2021-05-31,0.0
2021-06-01,-0.7727502219735061
2021-06-02,-1.3491155371267105
2021-06-03,-1.687212217934897
2021-06-04,-0.6808079867243189
2021-06-05,0.0
2021-06-06,0.0
2021-06-07,-2.9489138344717336
2021-06-08,-0.0604663687234552
2021-06-09,0.1245153930333531
2021-06-10,0.4994385184746486
2021-06-11,-1.1210976980534637
2021-06-12,0.0
2021-06-13,0.0
2021-06-14,-1.7087988141212709
2021-06-15,0.0412091992958219
2021-06-16,-0.5221192673770969
2021-06-17,0.0225188464540559
2021-06-18,3.426154237455825
2021-06-19,0.0
2021-06-20,0.0
2021-06-21,4.051160075807969
2021-06-22,-2.4593865826160743
2021-06-23,-2.3988592276497966
2021-06-24,-16.2119128539989
2021-06-25,-4.744260713792836
2021-06-26,0.0
2021-06-27,0.0
2021-06-28,-9.084582302834509
2021-06-29,-0.6672632711038684
2021-06-30,-5.576039646916198
2021-07-01,-0.3656757458076587
2021-07-02,-2.9499995868690343
2021-07-03,0.0
2021-07-04,0.0
2021-07-05,0.0
2021-07-06,0.492071356760082
2021-07-07,-4.7555103468464255
2021-07-08,6.127622914931741
2021-07-09,6.443213982030405
2021-07-10,0.0
2021-07-11,0.0
2021-07-12,0.2451023704335364
2021-07-13,1.3618295942052103
2021-07-14,-0.1841061303387792
2021-07-15,1.1622219959629865
2021-07-16,2.905801727024815
2021-07-17,0.0
2021-07-18,0.0
2021-07-19,10.520983452931487
2021-07-20,8.695898854727545
2021-07-21,1.9202256336647403
2021-07-22,-0.2676309265892351
2021-07-23,2.334615620326286
2021-07-24,0.0
2021-07-25,0.0
2021-07-26,0.0241077020403546
2021-07-27,1.179638079258516
2021-07-28,-0.2721892837043382
2021-07-29,-1.2492910632258436
2021-07-30,1.4635592919816531
2021-07-31,0.0
2021-08-01,0.0
2021-08-02,-7.043723894153963
2021-08-03,-4.211621705100132
2021-08-04,0.915521256026719
2021-08-05,0.6508155236543356
2021-08-06,-0.7886452927454823
2021-08-07,0.0
2021-08-08,0.0
2021-08-09,0.0136971990387646
2021-08-10,-0.0555968022150632
2021-08-11,-0.0292187795067011
2021-08-12,0.3537383391845061
2021-08-13,-0.6550069135632386
2021-08-14,0.0
2021-08-15,0.0
2021-08-16,-1.617755476795546
2021-08-17,2.319174599208296
2021-08-18,4.82679551097116
2021-08-19,-3.0849296009732075
2021-08-20,-2.248590757041957
2021-08-21,0.0
2021-08-22,0.0
2021-08-23,2.199652094822846
2021-08-24,-0.7218015156008506
2021-08-25,0.0669832396310576
2021-08-26,1.1140354668840224
2021-08-27,-0.644819730135604
2021-08-28,0.0
2021-08-29,0.0
2021-08-30,-13.041768630801698
2021-08-31,-9.15509278591713
2021-09-01,-2.9447804399406308
2021-09-02,0.1303364855246513
2021-09-03,-5.469067940363304
2021-09-04,0.0
2021-09-05,0.0
2021-09-06,0.0
2021-09-07,1.1580455783259058
2021-09-08,-1.9285938775479683
2021-09-09,2.1289615460506672
2021-09-10,3.913779608207779
2021-09-11,0.0
2021-09-12,0.0
2021-09-13,-2.113829690838376
2021-09-14,2.3599634838143317
2021-09-15,0.2860728551384861
2021-09-16,-1.5024268150104936
2021-09-17,3.84622454352479
2021-09-18,0.0
2021-09-19,0.0
2021-09-20,16.63086822158608
2021-09-21,-0.0034008949837738
2021-09-22,4.466573902086801
2021-09-23,6.172792666134996
2021-09-24,-0.5776191691219235
2021-09-25,0.0
2021-09-26,0.0
2021-09-27,0.1617677443132237
2021-09-28,14.132373807755696
2021-09-29,-1.0073967288701802
2021-09-30,0.7615266677957644
2021-10-01,4.106942796029478
2021-10-02,0.0
2021-10-03,0.0
2021-10-04,2.0357864415549543
2021-10-05,1.1007509094583812
2021-10-06,0.5065687619676851
2021-10-07,1.8673485628505349
2021-10-08,-0.6285440422768018
2021-10-09,0.0
2021-10-10,0.0
2021-10-11,-1.4181229767991743
2021-10-12,-0.7533096957351271
2021-10-13,0.4792714534166409
2021-10-14,7.903311328703566
2021-10-15,1.1601013631786783
2021-10-16,0.0
2021-10-17,0.0
2021-10-18,0.3126613293317204
2021-10-19,1.004086531138415
2021-10-20,0.2297167861851745
2021-10-21,-0.354821179241771
2021-10-22,-1.413962481011488
2021-10-23,0.0
2021-10-24,0.0
2021-10-25,0.3041325478503109
2021-10-26,-0.9345828684661716
2021-10-27,-0.5630800687571713
2021-10-28,1.7138694410559152
2021-10-29,-2.281798085597131
2021-10-30,0.0
2021-10-31,0.0
2021-11-01,-8.286194080206343
2021-11-02,-0.1324294113882129
2021-11-03,-0.982482971589993
2021-11-04,-2.780027762942172
2021-11-05,0.1146569047263179
2021-11-06,0.0
2021-11-07,0.0
2021-11-08,-0.5937015104591881
2021-11-09,-15.49769364682898
2021-11-10,4.472789733405347
2021-11-11,-7.946466442999434
2021-11-12,-2.614910071436216
2021-11-13,0.0
2021-11-14,0.0
2021-11-15,-11.978496581064368
2021-11-16,-3.627236288978708
2021-11-17,1.532373481404048
2021-11-18,-2.197820088520241
2021-11-19,-0.2671278744666994
2021-11-20,0.0
2021-11-21,0.0
2021-11-22,-3.68496469183458
2021-11-23,-1.6673625333686104
2021-11-24,-0.017086225159224
2021-11-25,0.0
2021-11-26,25.53839924679957
2021-11-27,0.0
2021-11-28,0.0
2021-11-29,4.725956686654675
2021-11-30,15.888815649549937
2021-12-01,3.075161038693208
2021-12-02,5.362962360607848
2021-12-03,1.7635974107262475
2021-12-04,0.0
2021-12-05,0.0
2021-12-06,3.3927842597228475
2021-12-07,8.891650376076354
2021-12-08,0.081538724339536
2021-12-09,0.6183929034065505
2021-12-10,-0.099806068342767
2021-12-11,0.0
2021-12-12,0.0
2021-12-13,1.9182910344221813
2021-12-14,1.146915734945697
2021-12-15,4.524446476766597
2021-12-16,0.7913914542556855
2021-12-17,1.4483846616251572
2021-12-18,0.0
2021-12-19,0.0
2021-12-20,1.6151281994598587
2021-12-21,5.26896263318275
2021-12-22,1.3784521299593733
2021-12-23,-0.5604368291189488
2021-12-24,0.0
2021-12-25,0.0
2021-12-26,0.0
2021-12-27,2.403236488550076
2021-12-28,-0.5062094468685108
2021-12-29,-0.0022508512413477
2021-12-30,0.0439223058660065
2021-12-31,0.0021716451205966
2022-01-01,0.0
2022-01-02,0.0
2022-01-03,0.3534903349288854
2022-01-04,-0.0356615386281067
2022-01-05,5.214277653172417
2022-01-06,-0.0173156584568734
2022-01-07,0.1295739207372914
2022-01-08,0.0
2022-01-09,0.0
2022-01-10,-6.908527897930606
2022-01-11,-1.2321388806090128
2022-01-12,-5.977137494063833
2022-01-13,1.1619271571006395
2022-01-14,-2.909868587056464
2022-01-15,0.0
2022-01-16,0.0
2022-01-17,0.0
2022-01-18,4.76144616380938
2022-01-19,-0.7024564752862394
2022-01-20,-5.891571506905224
2022-01-21,4.815816460244693
2022-01-22,0.0
2022-01-23,0.0
2022-01-24,-0.0534901428013157
2022-01-25,-0.6331919805852348
2022-01-26,-0.732766029035492
2022-01-27,-0.2935384814587771
2022-01-28,5.782388612735745
2022-01-29,0.0
2022-01-30,0.0
2022-01-31,5.322483468730255
2022-02-01,-0.4369811232767251
2022-02-02,-0.4886269765736695
2022-02-03,3.46980453175092
2022-02-04,-1.1742834752497155
2022-02-05,0.0
2022-02-06,0.0
2022-02-07,-0.7535235071151947
2022-02-08,-1.8993341114132425
2022-02-09,3.576813332778972
2022-02-10,3.404510253838233
2022-02-11,3.4081385479020287
2022-02-12,0.0
2022-02-13,0.0
2022-02-14,0.0169942058477312
2022-02-15,2.839637700723308
2022-02-16,0.0801136516066725
2022-02-17,0.7134516073780572
2022-02-18,0.2156813731295725
2022-02-19,0.0
2022-02-20,0.0
2022-02-21,0.0
2022-02-22,0.5814199177848645
2022-02-23,2.4804805434985644
2022-02-24,1.7319304948181236
2022-02-25,5.562812504194947
2022-02-26,0.0
2022-02-27,0.0
2022-02-28,-1.267615581481074
2022-03-01,1.4546608064762934
2022-03-02,1.2682576886076768
2022-03-03,-0.4657416684932025
2022-03-04,-0.4449778343080579
2022-03-05,0.0
2022-03-06,0.0
2022-03-07,4.241691333991859
2022-03-08,0.0876325734698868
2022-03-09,4.530624043877496
2022-03-10,0.0909755402107137
2022-03-11,0.9221379407649444
2022-03-12,0.0
2022-03-13,0.0
2022-03-14,-4.4664999443273405
2022-03-15,0.8375063744761491
2022-03-16,3.70428323812082
2022-03-17,0.499477831553885
2022-03-18,-3.022927529567987
2022-03-19,0.0
2022-03-20,0.0
2022-03-21,-0.2131553473592728
2022-03-22,0.8510910143548767
2022-03-23,0.5643622100973245
2022-03-24,-0.0369333316224018
2022-03-25,-2.2441462979618576
2022-03-26,0.0
2022-03-27,0.0
2022-03-28,-2.743574442042074
2022-03-29,0.70620555522527
2022-03-30,-1.1727859548756991
2022-03-31,2.1860750437176613
2022-04-01,-3.8801220181928655
2022-04-02,0.0
2022-04-03,0.0
2022-04-04,-0.273098037799746
2022-04-05,0.541751618684172
2022-04-06,-2.399197672020448
2022-04-07,-1.4635625282159117
2022-04-08,-3.9261028355157657
2022-04-09,0.0
2022-04-10,0.0
2022-04-11,2.905792376042471
2022-04-12,-2.2909471294012884
2022-04-13,-2.0590617587458504
2022-04-14,1.2736151501801407
2022-04-15,0.0
2022-04-16,0.0
2022-04-17,0.0
2022-04-18,-0.6840631192966296
2022-04-19,-7.92519532610233
2022-04-20,-0.957615185759808
2022-04-21,-3.65533590249878
2022-04-22,9.868798204171858
2022-04-23,0.0
2022-04-24,0.0
2022-04-25,-1.6641441081591155
2022-04-26,8.29136594817481
2022-04-27,-4.427907803234731
2022-04-28,1.139863881632075
2022-04-29,10.446138403009408
2022-04-30,0.0
2022-05-01,0.0
2022-05-02,-1.0852812476734974
2022-05-03,0.4014972829325725
2022-05-04,6.615021776864993
2022-05-05,7.657602949949571
2022-05-06,-1.8079087397334213
2022-05-07,0.0
2022-05-08,0.0
2022-05-09,4.916145603461719
2022-05-10,-0.5190481339662489
2022-05-11,-0.9688965241966608
2022-05-12,0.0963428768293583
2022-05-13,4.083087772093541
2022-05-14,0.0
2022-05-15,0.0
2022-05-16,-0.321354081564662
2022-05-17,2.447597449291483
2022-05-18,6.892484261895926
2022-05-19,-0.1176175205350738
2022-05-20,-0.2728062036034484
2022-05-21,0.0
2022-05-22,0.0
2022-05-23,2.4757756807604947
2022-05-24,-0.7136379465522147
2022-05-25,0.7836799350244839
2022-05-26,1.4610302571627545
2022-05-27,2.7719353778818734
2022-05-28,0.0
2022-05-29,0.0
2022-05-30,0.0
2022-05-31,0.0682343998804624
2022-06-01,-1.326484099344072
2022-06-02,1.8439814053893944
2022-06-03,0.1828700936460148
2022-06-04,0.0
2022-06-05,0.0
2022-06-06,-2.860995024342483
2022-06-07,0.2927215388702553
2022-06-08,-2.996870389194062
2022-06-09,2.4420681749265816
2022-06-10,0.1434487563990893
2022-06-11,0.0
2022-06-12,0.0
2022-06-13,0.8018462538777804
2022-06-14,-0.3588349953525194
2022-06-15,1.1056947935668582
2022-06-16,-1.333277777290287
2022-06-17,-4.318204321633035
2022-06-18,0.0
2022-06-19,0.0
2022-06-20,0.0
2022-06-21,3.629267719930041
2022-06-22,-4.149996439004367
2022-06-23,0.5398408013282507
2022-06-24,3.445609882250955
2022-06-25,0.0
2022-06-26,0.0
2022-06-27,0.0291176136762771
2022-06-28,-1.0443020860327223
2022-06-29,-0.0200363079445153
2022-06-30,-2.0668666119533663
2022-07-01,-7.074699520396099
2022-07-02,0.0
2022-07-03,0.0
2022-07-04,0.0
2022-07-05,-0.1174410192704367
2022-07-06,0.0919095599102526
2022-07-07,-0.6804972105354579
2022-07-08,-0.333878206021887
2022-07-09,0.0
2022-07-10,0.0
2022-07-11,0.0925423660828483
2022-07-12,-2.2519904811034053
2022-07-13,-4.405534151568458
2022-07-14,-0.0737573913461075
2022-07-15,2.8015053810176216
2022-07-16,0.0
2022-07-17,0.0
2022-07-18,-2.4612872596682323
2022-07-19,4.199368398687353
2022-07-20,0.1933275308033444
2022-07-21,0.043811565758256
2022-07-22,-0.1552927841166895
2022-07-23,0.0
2022-07-24,0.0
2022-07-25,-3.253287670183591
2022-07-26,-4.799827105047849
2022-07-27,-7.785181830328936
2022-07-28,0.3996399172648823
2022-07-29,-0.0712840214525556
2022-07-30,0.0
2022-07-31,0.0
2022-08-01,-11.23820434514322
2022-08-02,1.1021660743424366
2022-08-03,-2.952458795022439
2022-08-04,-0.0494330484578364
2022-08-05,-0.1956120244589687
2022-08-06,0.0
2022-08-07,0.0
2022-08-08,-8.589298748799024
2022-08-09,0.1832652637864251
2022-08-10,-2.3763641794610324
2022-08-11,-0.0006746184371908
2022-08-12,0.3723998483955659
2022-08-13,0.0
2022-08-14,0.0
2022-08-15,-0.5763064654641936
2022-08-16,-0.0171803789674185
2022-08-17,1.636305234970492
2022-08-18,-1.767932241789949
2022-08-19,3.227859695418611
2022-08-20,0.0
2022-08-21,0.0
2022-08-22,4.844302241009135
2022-08-23,-1.3742662240989634
2022-08-24,-0.6257771628137343
2022-08-25,0.9778618788104598
2022-08-26,12.222250976297367
2022-08-27,0.0
2022-08-28,0.0
2022-08-29,-0.3003021760128788
2022-08-30,-5.3011584770651705
2022-08-31,0.343048584844885
2022-09-01,-0.953398493876545
2022-09-02,0.2998822701265835
2022-09-03,0.0
2022-09-04,0.0
2022-09-05,0.0
2022-09-06,0.115029055598459
2022-09-07,2.075035392113178
2022-09-08,-6.559465693391653
2022-09-09,0.9948960467534462
2022-09-10,0.0
2022-09-11,0.0
2022-09-12,-1.0326175304746998
2022-09-13,20.102726867555475
2022-09-14,-0.0460436623258786
2022-09-15,-1.6521562418749691
2022-09-16,0.1940731117740179
2022-09-17,0.0
2022-09-18,0.0
2022-09-19,0.6793038121904127
2022-09-20,0.6839552250496927
2022-09-21,1.7298369536415947
2022-09-22,-4.599932600830792
2022-09-23,1.4362338933997965
2022-09-24,0.0
2022-09-25,0.0
2022-09-26,-3.9006928577348665
2022-09-27,-0.7034623732419698
2022-09-28,5.061457367196676
2022-09-29,2.159207701977528
2022-09-30,0.2301795873098866
2022-10-01,0.0
2022-10-02,0.0
2022-10-03,6.926765799647749
2022-10-04,5.679228229173217
2022-10-05,0.0021801495674322
2022-10-06,0.0930823312370154
2022-10-07,1.6611896747120047
2022-10-08,0.0
2022-10-09,0.0
2022-10-10,-5.541395832288143
2022-10-11,-0.0055346498217145
2022-10-12,-0.3672636540215768
2022-10-13,5.345620239818927
2022-10-14,2.4792923296866887
2022-10-15,0.0
2022-10-16,0.0
2022-10-17,4.443901908908488
2022-10-18,0.9194025064687804
2022-10-19,-2.0773948466524472
2022-10-20,-0.3258919481494371
2022-10-21,2.0204040117160598
2022-10-22,0.0
2022-10-23,0.0
2022-10-24,0.1895565624376649
2022-10-25,-8.30963918654376
2022-10-26,0.1649737882334578
2022-10-27,-0.5240819322527401
2022-10-28,3.4984849781501515
2022-10-29,0.0
2022-10-30,0.0
2022-10-31,0.0551420292277837
2022-11-01,-0.655858483964955
2022-11-02,2.033864329508739
2022-11-03,0.2331005751600834
2022-11-04,-0.7521365582570771
2022-11-05,0.0
2022-11-06,0.0
2022-11-07,-0.3360735315881547
2022-11-08,0.0222651106612792
2022-11-09,0.8050709421742575
2022-11-10,12.15776558774926
2022-11-11,-1.3955993459464522
2022-11-12,0.0
2022-11-13,0.0
2022-11-14,-1.7418036627120936
2022-11-15,-3.71481938994932
2022-11-16,0.4479342378121309
2022-11-17,-0.6312730919715293
2022-11-18,-5.107315314335203
2022-11-19,0.0
2022-11-20,0.0
2022-11-21,-0.3699156273768156
2022-11-22,0.0386838579606196
2022-11-23,-0.2731155603940549
2022-11-24,0.0
2022-11-25,-2.874922310870709
2022-11-26,0.0
2022-11-27,0.0
2022-11-28,-2.469283909190989
2022-11-29,-3.518036417129333
2022-11-30,4.845161124896613
2022-12-01,-0.528675262392253
2022-12-02,-0.7141498146640668
2022-12-03,0.0
2022-12-04,0.0
2022-12-05,0.062602733408501
2022-12-06,1.0543820593526876
2022-12-07,-1.465064727757115
2022-12-08,-0.1701952688819008
2022-12-09,0.1349331839664236
2022-12-10,0.0
2022-12-11,0.0
2022-12-12,-2.5323456496260888
2022-12-13,-0.2321369041406784
2022-12-14,0.1756400719373108
2022-12-15,-0.0308771023092124
2022-12-16,0.0955930876529009
2022-12-17,0.0
2022-12-18,0.0
2022-12-19,-0.4638437839510234
2022-12-20,-0.6146848847951802
2022-12-21,1.3031054518699126
2022-12-22,-1.6757749291682833
2022-12-23,-23.92459004780023
2022-12-24,0.0
2022-12-25,0.0
2022-12-26,0.0
2022-12-27,-1.2575461233815255
2022-12-28,0.7288551556903666
2022-12-29,3.1048406265760558
2022-12-30,-0.5927843755144879
2022-12-31,0.0
2023-01-01,0.0
2023-01-02,0.0
2023-01-03,0.0557261227253524
2023-01-04,0.4758613505545517
2023-01-05,1.2510552395363694
2023-01-06,3.983102416086326
2023-01-07,0.0
2023-01-08,0.0
2023-01-09,-0.5189880075454067
2023-01-10,0.6859603402953551
2023-01-11,-0.5965575999446138
2023-01-12,0.0848091091514291
2023-01-13,-10.637827883124595
2023-01-14,0.0
2023-01-15,0.0
2023-01-16,0.0
2023-01-17,0.0242045612673491
2023-01-18,2.915962645946535
2023-01-19,-3.2182243000016264
2023-01-20,2.176477566194301
2023-01-21,0.0
2023-01-22,0.0
2023-01-23,1.5999739379211508
2023-01-24,-0.5890509600725236
2023-01-25,-0.8098121083354948
2023-01-26,-1.0156966807368772
2023-01-27,-0.5606172196131909
2023-01-28,0.0
2023-01-29,0.0
2023-01-30,1.847109918451828
2023-01-31,-6.655267054732661
2023-02-01,-1.481323840506121
2023-02-02,0.106058164530709
2023-02-03,2.613864973382718
2023-02-04,0.0
2023-02-05,0.0
2023-02-06,-1.2363557883515064
2023-02-07,-2.726430253102796
2023-02-08,2.769302203250801
2023-02-09,1.2433267090321776
2023-02-10,-3.1059623817679904
2023-02-11,0.0
2023-02-12,0.0
2023-02-13,-2.212132624312213
2023-02-14,-0.2848021522732225
2023-02-15,-0.7164279875002899
2023-02-16,3.864605880329086
2023-02-17,-2.621311099407009
2023-02-18,0.0
2023-02-19,0.0
2023-02-20,0.0
2023-02-21,0.5665675564737738
2023-02-22,0.0524168662875412
2023-02-23,-0.2805666489479885
2023-02-24,-0.5249188598940413
2023-02-25,0.0
2023-02-26,0.0
2023-02-27,-0.0361550910078944
2023-02-28,-0.137604946372094
2023-03-01,0.2738483339616238
2023-03-02,-3.168620476186945
2023-03-03,2.709602946275536
2023-03-04,0.0
2023-03-05,0.0
2023-03-06,-5.364751092260756
2023-03-07,1.9773840211153135
2023-03-08,0.0446245574229786
2023-03-09,5.635186690006666
2023-03-10,0.4595477077820709
2023-03-11,0.0
2023-03-12,0.0
2023-03-13,-0.2804180538587775
2023-03-14,2.708922308155892
2023-03-15,-3.2415039676182644
2023-03-16,3.3758641606960627
2023-03-17,-2.718351164900523
2023-03-18,0.0
2023-03-19,0.0
2023-03-20,0.6561695412722335
2023-03-21,2.682086319937671
2023-03-22,0.4558682950569936
2023-03-23,-1.0177081374818542
2023-03-24,-0.2021090922296853
2023-03-25,0.0
2023-03-26,0.0
2023-03-27,-0.0467171146401712
2023-03-28,-2.385263827363337
2023-03-29,3.5961748881641498
2023-03-30,0.435432571950578
2023-03-31,0.4436054094502761
2023-04-01,0.0
2023-04-02,0.0
2023-04-03,0.0371244673077919
2023-04-04,-5.848846156233567
2023-04-05,0.0859508957300247
2023-04-06,-0.2070401001257105
2023-04-07,0.0
2023-04-08,0.0
2023-04-09,0.0
2023-04-10,-2.199311268525728
2023-04-11,-0.0443010954000455
2023-04-12,0.173686641278814
2023-04-13,1.7599060398592936
2023-04-14,-0.4109900106370245
2023-04-15,0.0
2023-04-16,0.0
2023-04-17,-3.685752431871414
2023-04-18,-0.0005483817954621
2023-04-19,-4.998985131417177
2023-04-20,1.02668523538747
2023-04-21,-8.14735751516965
2023-04-22,0.0
2023-04-23,0.0
2023-04-24,-6.528861201005654
2023-04-25,7.868801817029003
2023-04-26,-4.449550804587476
2023-04-27,5.841402149856378
2023-04-28,-4.548444262730711
2023-04-29,0.0
2023-04-30,0.0
2023-05-01,-4.037820386422474
2023-05-02,3.31652110624081
2023-05-03,-1.8672983873951776
2023-05-04,-6.337456649678397
2023-05-05,8.047292366805925
2023-05-06,0.0
2023-05-07,0.0
2023-05-08,-0.4090316405643057
2023-05-09,0.8588793766447278
2023-05-10,0.0546518932037054
2023-05-11,-4.095945913021016
2023-05-12,-0.526375248137001
2023-05-13,0.0
2023-05-14,0.0
2023-05-15,-5.237763019944697
2023-05-16,0.8542764133162795
2023-05-17,2.92838506906632
2023-05-18,1.8461745106829848
2023-05-19,-0.0763782569705995
2023-05-20,0.0
2023-05-21,0.0
2023-05-22,0.0049913845763249
2023-05-23,3.6849367406381006
2023-05-24,0.9636324346204096
2023-05-25,-2.421023180776516
2023-05-26,3.9555255045399473
2023-05-27,0.0
2023-05-28,0.0
2023-05-29,0.0
2023-05-30,-0.1854355884584047
2023-05-31,0.9913661612068968
2023-06-01,2.085686317828284
2023-06-02,3.070035612079302
2023-06-03,0.0
2023-06-04,0.0
2023-06-05,0.2129260970979318
2023-06-06,0.0296442818023878
2023-06-07,-5.981991071699055
2023-06-08,-0.2769033717913149
2023-06-09,-7.972823063419831
2023-06-10,0.0
2023-06-11,0.0
2023-06-12,0.4495455417752536
2023-06-13,0.7466361243410491
2023-06-14,-5.147150294881153
2023-06-15,0.2790091671570183
2023-06-16,-1.810310100742818
2023-06-17,0.0
2023-06-18,0.0
2023-06-19,0.0
2023-06-20,-6.755458913549695
2023-06-21,1.7860367290809087
2023-06-22,-1.404974512728474
2023-06-23,3.0366879108806755
2023-06-24,0.0
2023-06-25,0.0
2023-06-26,0.9034527695305216
2023-06-27,2.706768410780813
2023-06-28,0.1356704911256168
2023-06-29,-2.1300678366621195
2023-06-30,0.243148868348153
2023-07-01,0.0
2023-07-02,0.0
2023-07-03,-1.7458813557685082
2023-07-04,0.0
2023-07-05,0.1326702912579191
2023-07-06,3.1420882714940035
2023-07-07,-4.966006103133891
2023-07-08,0.0
2023-07-09,0.0
2023-07-10,-3.2659851676485774
2023-07-11,-0.8360104387076239
2023-07-12,-3.544122953025697
2023-07-13,1.4203819172777132
2023-07-14,-2.512688988988687
2023-07-15,0.0
2023-07-16,0.0
2023-07-17,-2.277991353499209
2023-07-18,-5.799122734524143
2023-07-19,-0.8628676873582375
2023-07-20,3.916119845519872
2023-07-21,-1.4723359615161913
2023-07-22,0.0
2023-07-23,0.0
2023-07-24,-0.6515089688232223
2023-07-25,-0.0022194304942879
2023-07-26,-2.5551948739746755
2023-07-27,1.7295144575144583
2023-07-28,3.494998522875004
2023-07-29,0.0
2023-07-30,0.0
2023-07-31,-5.565426021637155
2023-08-01,-0.4698293939700559
2023-08-02,9.739493183347836
2023-08-03,-1.1773729619422024
2023-08-04,1.3627261959799908
2023-08-05,0.0
2023-08-06,0.0
2023-08-07,-0.5213684147460151
2023-08-08,-0.1358177494847234
2023-08-09,-1.970463563665048
2023-08-10,-0.0413406465480825
2023-08-11,-0.5659686365861116
2023-08-12,0.0
2023-08-13,0.0
2023-08-14,-5.35100992991322
2023-08-15,6.890671786419156
2023-08-16,2.32262960993912
2023-08-17,-0.1398685629925955
2023-08-18,-0.2979249988025345
2023-08-19,0.0
2023-08-20,0.0
2023-08-21,1.867833051389467
2023-08-22,-1.8023131233799503
2023-08-23,2.9891616689176503
2023-08-24,3.4651225961085164
2023-08-25,2.209589099874809
2023-08-26,0.0
2023-08-27,0.0
2023-08-28,1.024285586049789
2023-08-29,5.868107536960832
2023-08-30,0.3342961056276294
2023-08-31,-1.319601986518537
2023-09-01,0.1212649892816886
2023-09-02,0.0
2023-09-03,0.0
2023-09-04,0.0
2023-09-05,-0.1094627184022312
2023-09-06,0.9766355187902588
2023-09-07,0.1761451447624296
2023-09-08,-0.9189142854211464
2023-09-09,0.0
2023-09-10,0.0
2023-09-11,-1.864441906177228
2023-09-12,0.6431231476618615
2023-09-13,0.0416630454757038
2023-09-14,-3.607819196392603
2023-09-15,4.949243835172057
2023-09-16,0.0
2023-09-17,0.0
2023-09-18,-0.8090762871857282
2023-09-19,-2.882072998796459
2023-09-20,2.280627819659076
2023-09-21,6.830652083076161
2023-09-22,-0.0095091847223116
2023-09-23,0.0
2023-09-24,0.0
2023-09-25,0.7631910203621528
2023-09-26,3.872530988792988
2023-09-27,-2.7888024292884728
2023-09-28,0.1335408989497244
2023-09-29,-1.3171987197184376
2023-09-30,0.0
2023-10-01,0.0
2023-10-02,0.0080419337406212
2023-10-03,3.0431649900963365
2023-10-04,2.265377395045154
2023-10-05,-4.01199801881954
2023-10-06,0.0589353285975313
2023-10-07,0.0
2023-10-08,0.0
2023-10-09,-0.1670569453499082
2023-10-10,-0.3829456730544023
2023-10-11,-6.15361301820756
2023-10-12,0.0972613199662575
2023-10-13,0.4571486398369906
2023-10-14,0.0
2023-10-15,0.0
2023-10-16,4.148416916439524
2023-10-17,-0.286814253457146
2023-10-18,3.5749907600839403
2023-10-19,1.3844481836699618
2023-10-20,3.1112689535695903
2023-10-21,0.0
2023-10-22,0.0
2023-10-23,-1.9521126337282648
2023-10-24,1.8157972830821436
2023-10-25,3.7691205715151934
2023-10-26,-0.7361774560985301
2023-10-27,-2.1392553117171254
2023-10-28,0.0
2023-10-29,0.0
2023-10-30,4.903385342927469
2023-10-31,1.680190896644418
2023-11-01,1.869880917193512
2023-11-02,2.6477778667839846
2023-11-03,1.6312701583485856
2023-11-04,0.0
2023-11-05,0.0
2023-11-06,-0.2375277291024491
2023-11-07,-4.731403697738545
2023-11-08,-0.006985570960627
2023-11-09,1.058228937389161
2023-11-10,4.408551588816878
2023-11-11,0.0
2023-11-12,0.0
2023-11-13,0.0485791480437036
2023-11-14,1.33879117378779
2023-11-15,-0.7305799329390017
2023-11-16,-0.187609477914652
2023-11-17,-1.9888991865867007
2023-11-18,0.0
2023-11-19,0.0
2023-11-20,0.2317081378461871
2023-11-21,-0.0343506378389313
2023-11-22,-0.0265857445726713
2023-11-23,0.0
2023-11-24,-1.208264447732621
2023-11-25,0.0
2023-11-26,0.0
2023-11-27,-0.6596295850373801
2023-11-28,-1.7341241528148976
2023-11-29,0.0692654341850396
2023-11-30,-5.019193058045035
2023-12-01,-2.453217966513344
2023-12-02,0.0
2023-12-03,0.0
2023-12-04,-4.361158575342683
2023-12-05,-0.2352737194429521
2023-12-06,0.5050860025570536
2023-12-07,-7.634483331892483
2023-12-08,-7.799589296244058
2023-12-09,0.0
2023-12-10,0.0
2023-12-11,-2.817006911067277
2023-12-12,-2.73388637841282
2023-12-13,3.7473237537473336
2023-12-14,-1.7726271764810564
2023-12-15,-9.802767096886278
2023-12-16,0.0
2023-12-17,0.0
2023-12-18,-2.003837918438101
2023-12-19,0.4013273860545396
2023-12-20,14.817109083904125
2023-12-21,2.2657558957664303
2023-12-22,-4.597118849391224
2023-12-23,0.0
2023-12-24,0.0
2023-12-25,0.0
2023-12-26,-6.877982209500145
2023-12-27,-0.5136205934062277
2023-12-28,-14.054143010937848
2023-12-29,1.5092856221713191
2023-12-30,0.0
2023-12-31,0.0
2024-01-01,0.0
2024-01-02,3.4893328235030108
2024-01-03,5.330213231729153
2024-01-04,-0.8910764258261872
2024-01-05,-0.4994420053578419
2024-01-06,0.0
2024-01-07,0.0
2024-01-08,8.166954564805117
2024-01-09,0.3692685754611124
2024-01-10,0.220160069137254
2024-01-11,0.2282917814417029
2024-01-12,-0.2741919735183451
2024-01-13,0.0
2024-01-14,0.0
2024-01-15,0.0
2024-01-16,1.0628910341055064
2024-01-17,1.162382352575042
2024-01-18,0.5093026047935156
2024-01-19,4.560143632415215
2024-01-20,0.0
2024-01-21,0.0
2024-01-22,-1.4412804742106156
2024-01-23,-1.4214076535303044
2024-01-24,-0.150400761107261
2024-01-25,0.3082906996222379
2024-01-26,-0.0680028998057968
2024-01-27,0.0
2024-01-28,0.0
2024-01-29,-4.711945934900552
2024-01-30,0.1384067235397079
2024-01-31,13.260401502749207
2024-02-01,4.225111588551034
2024-02-02,2.2360870106417963
2024-02-03,0.0
2024-02-04,0.0
2024-02-05,-8.19005170730841
2024-02-06,-2.912321093542969
2024-02-07,1.7916697798641137
2024-02-08,-0.233097812380445
2024-02-09,0.6689969568438592
2024-02-10,0.0
2024-02-11,0.0
2024-02-12,0.1980930590969487
2024-02-13,7.93225843116625
2024-02-14,0.4216418529694898
2024-02-15,-2.887379546415492
2024-02-16,0.6086469989210697
2024-02-17,0.0
2024-02-18,0.0
2024-02-19,0.0
2024-02-20,2.2228556756594964
2024-02-21,-5.130598086816396
2024-02-22,12.150855704066045
2024-02-23,-0.262699056780169
2024-02-24,0.0
2024-02-25,0.0
2024-02-26,0.774323684158551
2024-02-27,-0.041166742367904
2024-02-28,-0.5693659104259896
2024-02-29,-1.5659459499869133
2024-03-01,-0.2850132522523751
2024-03-02,0.0
2024-03-03,0.0
2024-03-04,-2.770660059957275
2024-03-05,4.503696109759825
2024-03-06,0.3183468332747186
2024-03-07,2.056756133798765
2024-03-08,1.559956017711217
2024-03-09,0.0
2024-03-10,0.0
2024-03-11,0.0616226850615575
2024-03-12,1.5109051177572883
2024-03-13,0.2005930533502731
2024-03-14,-8.319416849785144
2024-03-15,-1.4736397332562712
2024-03-16,0.0
2024-03-17,0.0
2024-03-18,-2.0069070348438967
2024-03-19,-0.1093175680175639
2024-03-20,1.7131270406445465
2024-03-21,-1.310610238237686
2024-03-22,0.2612496368784356
2024-03-23,0.0
2024-03-24,0.0
2024-03-25,0.0350065745884808
2024-03-26,0.3791758709940307
2024-03-27,-6.292612810383313
2024-03-28,-2.253509020938138
2024-03-29,0.0
2024-03-30,0.0
2024-03-31,0.0
2024-04-01,-0.2300140464457145
2024-04-02,1.4153269022177506
2024-04-03,-2.1426087327126475
2024-04-04,7.267735638751738
2024-04-05,-10.90606280417945
2024-04-06,0.0
2024-04-07,0.0
2024-04-08,0.0481349139151321
2024-04-09,-0.919316025992878
2024-04-10,4.511891297535353
2024-04-11,1.6084282425128604
2024-04-12,7.896094030233747
2024-04-13,0.0
2024-04-14,0.0
2024-04-15,2.5566812813955897
2024-04-16,0.062441699559268
2024-04-17,-2.1946474152000794
2024-04-18,-0.9701604571620948
2024-04-19,-2.1978799892263146
2024-04-20,0.0
2024-04-21,0.0
2024-04-22,2.239961066502394
2024-04-23,5.152863549787567
2024-04-24,-4.278073025861384
2024-04-25,0.4567204064260588
2024-04-26,3.600720302156124
2024-04-27,0.0
2024-04-28,0.0
2024-04-29,-0.9114980750366096
2024-04-30,6.036343318595061
2024-05-01,-1.0299566684499828
2024-05-02,0.1288070693347798
2024-05-03,4.562022696619184
2024-05-04,0.0
2024-05-05,0.0
2024-05-06,3.019713118616507
2024-05-07,-0.1292741358542737
2024-05-08,-0.1754577978803961
2024-05-09,-1.23892499851892
2024-05-10,0.043480885362479
2024-05-11,0.0
2024-05-12,0.0
2024-05-13,-0.0870623671667902
2024-05-14,-0.7974205108556065
2024-05-15,3.217337930272968
2024-05-16,-4.15000031676912
2024-05-17,-2.8355267994014888
2024-05-18,0.0
2024-05-19,0.0
2024-05-20,-0.027602516798808
2024-05-21,0.0764363125921763
2024-05-22,-2.69037530211772
2024-05-23,0.5995417143606963
2024-05-24,-6.095667756040135
2024-05-25,0.0
2024-05-26,0.0
2024-05-27,0.0
2024-05-28,-6.19884680514029
2024-05-29,2.483196835955215
2024-05-30,0.102902737559174
2024-05-31,0.9786947890425336
2024-06-01,0.0
2024-06-02,0.0
2024-06-03,-4.102907383960486
2024-06-04,-1.7634824109676983
2024-06-05,-0.092312855959642
2024-06-06,0.0593037249924544
2024-06-07,-1.311965603036458
2024-06-08,0.0
2024-06-09,0.0
2024-06-10,-2.88301532612224
2024-06-11,-0.0520820007198663
2024-06-12,-12.989694827943532
2024-06-13,-2.0821426063257653
2024-06-14,-2.1268930158792165
2024-06-15,0.0
2024-06-16,0.0
2024-06-17,-4.840367598643224
2024-06-18,-4.771531267925633
2024-06-19,0.0
2024-06-20,1.429512235857966
2024-06-21,0.5844922098214189
2024-06-22,0.0
2024-06-23,0.0
2024-06-24,0.7049341347145965
2024-06-25,0.4217507944792587
2024-06-26,-0.2343438992810531
2024-06-27,-0.7535137524748214
2024-06-28,-6.090145843512351
2024-06-29,0.0
2024-06-30,0.0
2024-07-01,-0.574394059197314
2024-07-02,2.0621339553833278
2024-07-03,1.0989044716522622
2024-07-04,0.0
2024-07-05,1.15097639795807
2024-07-06,0.0
2024-07-07,0.0
2024-07-08,-1.390815514846433
2024-07-09,-6.792103531947957
2024-07-10,3.7515295261842496
2024-07-11,8.96993145068099
2024-07-12,-5.402700467025134
2024-07-13,0.0
2024-07-14,0.0
2024-07-15,-5.572970223138407
2024-07-16,-1.3958149188633362
2024-07-17,21.49572392353074
2024-07-18,5.5210781919464935
2024-07-19,-2.2726014512830406
2024-07-20,0.0
2024-07-21,0.0
2024-07-22,5.175185157694262
2024-07-23,0.1226557167650854
2024-07-24,27.15533729154633
2024-07-25,0.7670094751735634
2024-07-26,1.5583930144090763
2024-07-27,0.0
2024-07-28,0.0
2024-07-29,-0.1303178185360853
2024-07-30,0.7931383030182815
2024-07-31,5.51363951602537
2024-08-01,4.9653685112950985
2024-08-02,7.740476188439116
2024-08-03,0.0
2024-08-04,0.0
2024-08-05,16.902911009065534
2024-08-06,2.1425691179355555
2024-08-07,0.1511490815983451
2024-08-08,8.292141693763222
2024-08-09,0.356394367856705
2024-08-10,0.0
2024-08-11,0.0
2024-08-12,-0.1308559251184782
2024-08-13,3.5884371262063564
2024-08-14,-0.2977616093143731
2024-08-15,2.763359900783824
2024-08-16,-0.2924780518395176
2024-08-17,0.0
2024-08-18,0.0
2024-08-19,1.0389963252044998
2024-08-20,0.0481152130247464
2024-08-21,-0.954771201996718
2024-08-22,0.0343771235688628
2024-08-23,1.131427349977221
2024-08-24,0.0
2024-08-25,0.0
2024-08-26,0.0243305067342269
2024-08-27,-0.4416704428447882
2024-08-28,-1.8016180739913068
2024-08-29,-0.7476753023801352
2024-08-30,0.3524487710482971
2024-08-31,0.0
2024-09-01,0.0
2024-09-02,0.0
2024-09-03,4.1675417771714685
2024-09-04,0.0013169103353805
2024-09-05,-6.074364921980669
2024-09-06,3.411058709858472
2024-09-07,0.0
2024-09-08,0.0
2024-09-09,0.1243273117195631
2024-09-10,0.2088314110202827
2024-09-11,0.8354448178880203
2024-09-12,-2.040597676355949
2024-09-13,-2.245228154957646
2024-09-14,0.0
2024-09-15,0.0
2024-09-16,-4.992257991461835
2024-09-17,-15.61745338032896
2024-09-18,-0.5822279118022577
2024-09-19,1.690115524892133
2024-09-20,-7.338177887013608
2024-09-21,0.0
2024-09-22,0.0
2024-09-23,-0.1161952147399891
2024-09-24,-0.1095032498718784
2024-09-25,-4.456110172166927
2024-09-26,0.0224438963521311
2024-09-27,-5.005420157031315
2024-09-28,0.0
2024-09-29,0.0
2024-09-30,0.2265658556842131
2024-10-01,0.753468100347332
2024-10-02,-0.1708307715035162
2024-10-03,-0.2182380701047481
2024-10-04,-0.7364585856700967
2024-10-05,0.0
2024-10-06,0.0
2024-10-07,-0.2021218449020922
2024-10-08,1.7995862652170125
2024-10-09,0.971158731203836
2024-10-10,-1.0054470265604465
2024-10-11,0.558048041423298
2024-10-12,0.0
2024-10-13,0.0
2024-10-14,-0.9162005418698936
2024-10-15,-12.07285285468782
2024-10-16,-0.1072192250270998
2024-10-17,-0.6784238244711971
2024-10-18,-14.1775031902306
2024-10-19,0.0
2024-10-20,0.0
2024-10-21,-2.9573202501886557
2024-10-22,0.086511499558628
2024-10-23,2.060238636985545
2024-10-24,-1.7477071852657122
2024-10-25,-0.7728150385678312
2024-10-26,0.0
2024-10-27,0.0
2024-10-28,0.1191587947760863
2024-10-29,-0.025523494924351
2024-10-30,0.1695988121999114
2024-10-31,5.2001374060201
2024-11-01,0.5433980625323409
2024-11-02,0.0
2024-11-03,0.0
2024-11-04,0.0319726633892791
2024-11-05,5.962113906511757
2024-11-06,20.59695487423605
2024-11-07,0.8087799318051481
2024-11-08,-0.0347445816910707
2024-11-09,0.0
2024-11-10,0.0
2024-11-11,-0.205511830979066
2024-11-12,-2.647375948748165
2024-11-13,-0.0072931235856721
2024-11-14,1.3136808323497062
2024-11-15,3.8566182222922407
2024-11-16,0.0
2024-11-17,0.0
2024-11-18,-2.623088383181582
2024-11-19,-1.7649926890285217
2024-11-20,-1.0720731802840722
2024-11-21,0.3308082269313672
2024-11-22,-0.5554296442819462
2024-11-23,0.0
2024-11-24,0.0
2024-11-25,-1.213499454154365
2024-11-26,-1.4928294388311336
2024-11-27,0.3003706771054215
2024-11-28,0.0
2024-11-29,0.5946570595276368
2024-11-30,0.0
2024-12-01,0.0
2024-12-02,-0.1933460405967535
2024-12-03,-0.2354357468638213
2024-12-04,0.6070992930689023
2024-12-05,-3.070426052590169
2024-12-06,0.0164155931374088
2024-12-07,0.0
2024-12-08,0.0
2024-12-09,1.7099218946572847
2024-12-10,0.4882931955596525
2024-12-11,1.385419071011018
2024-12-12,0.7066709246296821
2024-12-13,-12.717154390189611
2024-12-14,0.0
2024-12-15,0.0
2024-12-16,-0.0436283621894406
2024-12-17,0.4191474645619308
2024-12-18,27.888706554352986
2024-12-19,-15.330673925985716
2024-12-20,2.0222201049546973
2024-12-21,0.0
2024-12-22,0.0
2024-12-23,1.2154458551913103
2024-12-24,3.4899594259047984
2024-12-25,0.0
2024-12-26,-0.2656776765694313
2024-12-27,3.476762383820886
2024-12-28,0.0
2024-12-29,0.0
2024-12-30,2.010598530137586
2024-12-31,-4.028076830328942
2025-01-01,0.0
2025-01-02,-0.2964641368016441
2025-01-03,3.808304808391294
2025-01-04,0.0
2025-01-05,0.0
2025-01-06,0.7103366954575918
2025-01-07,2.438147863915629
2025-01-08,-0.2528224996180772
2025-01-09,0.0
2025-01-10,4.942962002505591
2025-01-11,0.0
2025-01-12,0.0
2025-01-13,-0.8382620277677999
2025-01-14,-0.0820043342757759
2025-01-15,6.79153864480766
2025-01-16,-0.1249714180016292
2025-01-17,2.08067707046522
2025-01-18,0.0
2025-01-19,0.0
2025-01-20,0.0
2025-01-21,0.7714946088844155
2025-01-22,0.6479706195479551
2025-01-23,0.3881724158460331
2025-01-24,-0.5678887889475903
2025-01-25,0.0
2025-01-26,0.0
2025-01-27,3.7583391874931538
2025-01-28,0.311192741734323
2025-01-29,-0.1248165666847267
2025-01-30,0.4652198939266272
2025-01-31,0.1776279975880257
2025-02-01,0.0
2025-02-02,0.0
2025-02-03,0.6933541620033568
2025-02-04,-15.557160758874057
2025-02-05,0.1128725378919615
2025-02-06,-2.099710353126627
2025-02-07,1.3616653113978527
2025-02-08,0.0
2025-02-09,0.0
2025-02-10,-1.75456651577639
2025-02-11,-0.0069298072208012
2025-02-12,-3.000803298442856
2025-02-13,-1.095415193466054
2025-02-14,-0.76437398941408
2025-02-15,0.0
2025-02-16,0.0
2025-02-17,0.0
2025-02-18,-0.3178903733576654
2025-02-19,-3.4410077388765226
2025-02-20,0.2049788208698721
2025-02-21,5.065834633318289
2025-02-22,0.0
2025-02-23,0.0
2025-02-24,0.7449483159580383
2025-02-25,-6.145790209779733
2025-02-26,-0.0129337965807385
2025-02-27,7.556717831385806
2025-02-28,-2.086249563022402
2025-03-01,0.0
2025-03-02,0.0
2025-03-03,7.71096279422292
2025-03-04,0.3214629043308603
2025-03-05,1.1824916141245143
2025-03-06,4.548014501544517
2025-03-07,0.0612549937836659
2025-03-08,0.0
2025-03-09,0.0
2025-03-10,11.881409289530431
2025-03-11,-1.9602229247619447
2025-03-12,-1.3992228211879063
2025-03-13,2.065955402997788
2025-03-14,7.980045439006922
2025-03-15,0.0
2025-03-16,0.0
2025-03-17,0.9517594071967616
2025-03-18,0.6014195764450614
2025-03-19,1.0762056176219392
2025-03-20,-0.4973254158786133
2025-03-21,-0.348761150826582
2025-03-22,0.0
2025-03-23,0.0
2025-03-24,4.278028636335707
2025-03-25,-0.7352686907992623
2025-03-26,1.0638436152628383
2025-03-27,0.014554673453615
2025-03-28,1.685793546255976
2025-03-29,0.0
2025-03-30,0.0
2025-03-31,0.7667230757286481
2025-04-01,0.1887679612052606
2025-04-02,0.7469583257399437
2025-04-03,22.43905414419509
2025-04-04,21.586307827122877
2025-04-05,0.0
2025-04-06,0.0
2025-04-07,0.0547484463452319
2025-04-08,0.5274479861921977
2025-04-09,39.52625408328338
2025-04-10,2.281216563287858
2025-04-11,0.2293865328322875
2025-04-12,0.0
2025-04-13,0.0
2025-04-14,-0.2443141275978999
2025-04-15,-0.2481414809990201
2025-04-16,0.5109063315762441
2025-04-17,-0.5181408968946477
2025-04-18,0.0
2025-04-19,0.0
2025-04-20,0.0
2025-04-21,0.8926162998076803
2025-04-22,0.4216922868659045
2025-04-23,0.731535772662073
2025-04-24,1.0025216739782516
2025-04-25,-0.3097693659870892
2025-04-26,0.0
2025-04-27,0.0
2025-04-28,-1.117844050573158
2025-04-29,-0.0205879793661489
2025-04-30,-0.2524622053378333
2025-05-01,-0.1985614856282458
2025-05-02,0.5370427215866558
2025-05-03,0.0
2025-05-04,0.0
2025-05-05,0.1011459947999338
2025-05-06,-0.6807306777809607
2025-05-07,0.0536810253105368
2025-05-08,-0.1845894054491093
2025-05-09,-0.0233233373276298
2025-05-10,0.0
2025-05-11,0.0
2025-05-12,1.405948225762499
2025-05-13,0.0401907496605291
2025-05-14,-0.0115214859483958
2025-05-15,-0.0502574761710228
2025-05-16,-6.828220634914484
2025-05-17,0.0
2025-05-18,0.0
2025-05-19,-13.168170527129696
2025-05-20,0.0989320488337108
2025-05-21,0.0708341729743322
2025-05-22,-34.22782802281159
2025-05-23,-12.493715235925784
2025-05-24,0.0
2025-05-25,0.0
2025-05-26,0.0
2025-05-27,0.8285389991957492
2025-05-28,0.572967872076946
2025-05-29,-0.2284664909358524
2025-05-30,-7.679219813760008
2025-05-31,0.0
2025-06-01,0.0
2025-06-02,-0.0811872024494064
2025-06-03,-10.924398940458492
2025-06-04,-6.685641298907797
2025-06-05,-1.5963545980360982
2025-06-06,-4.684100132796553
2025-06-07,0.0
2025-06-08,0.0
2025-06-09,-0.3426522957749256
2025-06-10,0.0401390058524908
2025-06-11,0.4687785997935512
2025-06-12,-0.004876387081576
2025-06-13,3.676995861574839
2025-06-14,0.0
2025-06-15,0.0
2025-06-16,-2.095629832063839
2025-06-17,0.7633682668095831
2025-06-18,-1.8424598886772503
2025-06-19,0.0
2025-06-20,0.2657418301240888
2025-06-21,0.0
2025-06-22,0.0
2025-06-23,0.8973677730157226
2025-06-24,1.4087246255495731
2025-06-25,-20.18524599794137
2025-06-26,0.2993969864897972
2025-06-27,0.4274291827118803
2025-06-28,0.0
2025-06-29,0.0
2025-06-30,0.1958353253691092
2025-07-01,-0.7456754784154751
2025-07-02,0.3451738692700212
2025-07-03,0.4268403440878865
2025-07-04,0.0
2025-07-05,0.0
2025-07-06,0.0
2025-07-07,-7.576597704677612
2025-07-08,0.0531120458722167
