date,target_tesla_change_volatility_next
2014-09-17,0.0
2014-09-18,
2014-09-19,
2014-09-20,
2014-09-21,
2014-09-22,
2014-09-23,
2014-09-24,
2014-09-25,
2014-09-26,
2014-09-27,
2014-09-28,
2014-09-29,
2014-09-30,
2014-10-01,
2014-10-02,
2014-10-03,
2014-10-04,
2014-10-05,
2014-10-06,
2014-10-07,
2014-10-08,
2014-10-09,
2014-10-10,
2014-10-11,
2014-10-12,
2014-10-13,
2014-10-14,
2014-10-15,
2014-10-16,
2014-10-17,
2014-10-18,
2014-10-19,
2014-10-20,
2014-10-21,
2014-10-22,
2014-10-23,
2014-10-24,
2014-10-25,
2014-10-26,
2014-10-27,
2014-10-28,
2014-10-29,
2014-10-30,-0.221428889355757
2014-10-31,0.0601703624452332
2014-11-01,0.0
2014-11-02,0.0
2014-11-03,-2.1119751925626877
2014-11-04,0.3419995730824965
2014-11-05,1.6666340122686751
2014-11-06,2.9520589409291143
2014-11-07,0.0188327735173077
2014-11-08,0.0
2014-11-09,0.0
2014-11-10,0.0645363410474386
2014-11-11,2.0383452783078404
2014-11-12,-0.0714404220214404
2014-11-13,-3.1265784126727314
2014-11-14,0.8826243787341426
2014-11-15,0.0
2014-11-16,0.0
2014-11-17,-0.2017379572961886
2014-11-18,0.3631163243677626
2014-11-19,2.4574572173441167
2014-11-20,-0.0460983537632797
2014-11-21,-10.15182649662406
2014-11-22,0.0
2014-11-23,0.0
2014-11-24,-5.843689826803766
2014-11-25,-0.125300463842104
2014-11-26,-0.1682527391231203
2014-11-27,0.0
2014-11-28,0.097380082488363
2014-11-29,0.0
2014-11-30,0.0
2014-12-01,6.701348612250668
2014-12-02,-0.3140442278080635
2014-12-03,-0.742850859674693
2014-12-04,-0.5910222274420063
2014-12-05,0.0126334666894933
2014-12-06,0.0
2014-12-07,0.0
2014-12-08,3.2411072298716093
2014-12-09,-6.142241885950517
2014-12-10,-18.80881129178493
2014-12-11,-0.723446742129763
2014-12-12,-0.0917994214403528
2014-12-13,0.0
2014-12-14,0.0
2014-12-15,-0.7842981921899583
2014-12-16,1.736533614395852
2014-12-17,6.3259948985939785
2014-12-18,8.164329986514574
2014-12-19,-5.240744359859784
2014-12-20,0.0
2014-12-21,0.0
2014-12-22,0.8691758750748235
2014-12-23,-0.2123861482489442
2014-12-24,-4.361109161292354
2014-12-25,0.0
2014-12-26,2.2893865941179703
2014-12-27,0.0
2014-12-28,0.0
2014-12-29,-0.4317863890133222
2014-12-30,-2.558671331494644
2014-12-31,-0.4665425728454853
2015-01-01,0.0
2015-01-02,-0.9030153551384368
2015-01-03,0.0
2015-01-04,0.0
2015-01-05,0.7822786707905482
2015-01-06,0.109061097705343
2015-01-07,-1.0790644334080723
2015-01-08,-1.359150776022655
2015-01-09,0.1633625604220867
2015-01-10,0.0
2015-01-11,0.0
2015-01-12,0.5471114580153813
2015-01-13,0.572152455980679
2015-01-14,1.2919045856272682
2015-01-15,-0.073824044099735
2015-01-16,0.4228113358228924
2015-01-17,0.0
2015-01-18,0.0
2015-01-19,0.0
2015-01-20,-0.0050213994777781
2015-01-21,1.8198007996077736
2015-01-22,-2.2043110472676264
2015-01-23,-0.5986409313319507
2015-01-24,0.0
2015-01-25,0.0
2015-01-26,-0.7725187649140319
2015-01-27,-0.0363346867304437
2015-01-28,2.9135032692338303
2015-01-29,1.964398486613628
2015-01-30,-2.678565423820911
2015-01-31,0.0
2015-02-01,0.0
2015-02-02,-0.9488741688995272
2015-02-03,-7.088617530874064
2015-02-04,-0.0774453737610869
2015-02-05,-0.3656857131598245
2015-02-06,0.7608868134342917
2015-02-07,0.0
2015-02-08,0.0
2015-02-09,-0.1423944809620159
2015-02-10,-2.345715239577062
2015-02-11,0.5641256961579133
2015-02-12,6.66890571635288
2015-02-13,0.12820586878306
2015-02-14,0.0
2015-02-15,0.0
2015-02-16,0.0
2015-02-17,-0.3222607726529269
2015-02-18,-5.678037797102331
2015-02-19,4.302375847852824
2015-02-20,2.003468161466704
2015-02-21,0.0
2015-02-22,0.0
2015-02-23,6.654491844243737
2015-02-24,-0.3135313027936237
2015-02-25,-1.3402600906753492
2015-02-26,0.5047537242636402
2015-02-27,-9.52108379353498
2015-02-28,0.0
2015-03-01,0.0
2015-03-02,3.3122280769229078
2015-03-03,0.2555062361118576
2015-03-04,0.3682837780764503
2015-03-05,-1.3479093437948508
2015-03-06,1.6361804368711486
2015-03-07,0.0
2015-03-08,0.0
2015-03-09,0.6410524983570864
2015-03-10,-2.558622551077549
2015-03-11,1.370446109316159
2015-03-12,-2.692285884765333
2015-03-13,-2.990340045349293
2015-03-14,0.0
2015-03-15,0.0
2015-03-16,5.243296284843613
2015-03-17,-4.753148912523553
2015-03-18,-1.1243900321205702
2015-03-19,1.7885366183116425
2015-03-20,0.1386273911594404
2015-03-21,0.0
2015-03-22,0.0
2015-03-23,-0.2015923110585404
2015-03-24,0.5832250290232377
2015-03-25,4.154160131100326
2015-03-26,0.3821499468132261
2015-03-27,-4.437867318197819
2015-03-28,0.0
2015-03-29,0.0
2015-03-30,3.52025605650641
2015-03-31,0.0733932316721697
2015-04-01,0.0049921064497304
2015-04-02,-3.397627532770542
2015-04-03,0.0
2015-04-04,0.0
2015-04-05,0.0
2015-04-06,11.371605459505997
2015-04-07,-5.926161359849047
2015-04-08,0.7164335806483235
2015-04-09,0.354614643336637
2015-04-10,-0.7824657726374751
2015-04-11,0.0
2015-04-12,0.0
2015-04-13,-1.1309293912082907
2015-04-14,-2.795684695784595
2015-04-15,-0.3338018557466404
2015-04-16,-0.4805481064507622
2015-04-17,-0.3463912291748805
2015-04-18,0.0
2015-04-19,0.0
2015-04-20,-4.408777597068047
2015-04-21,-0.0867884127381812
2015-04-22,6.848593985812035
2015-04-23,-0.3911265940030439
2015-04-24,-1.0641751446541003
2015-04-25,0.0
2015-04-26,0.0
2015-04-27,8.367719589715495
2015-04-28,-2.484418835262303
2015-04-29,-0.3370068863196129
2015-04-30,1.400235388462745
2015-05-01,-2.7763553180291334
2015-05-02,0.0
2015-05-03,0.0
2015-05-04,0.5313338311071725
2015-05-05,0.072731708922169
2015-05-06,0.6966964776675466
2015-05-07,-4.536894014896264
2015-05-08,-2.4249950349874982
2015-05-09,0.0
2015-05-10,0.0
2015-05-11,-5.082799335433775
2015-05-12,-1.1388687939209774
2015-05-13,-0.42773267658478
2015-05-14,-0.8467484869903563
2015-05-15,0.1035429021892353
2015-05-16,0.0
2015-05-17,0.0
2015-05-18,-12.987812481158524
2015-05-19,0.782393292526673
2015-05-20,0.3279524901363073
2015-05-21,-0.2196480247209198
2015-05-22,0.0482321297278431
2015-05-23,0.0
2015-05-24,0.0
2015-05-25,0.0
2015-05-26,-0.410860166049376
2015-05-27,-1.4153497095847567
2015-05-28,0.4715848975386238
2015-05-29,-0.344105055531374
2015-05-30,0.0
2015-05-31,0.0
2015-06-01,0.5953098030219373
2015-06-02,-0.4143158445999217
2015-06-03,-1.0524656364029883
2015-06-04,-9.075462208868224
2015-06-05,0.1221430713649551
2015-06-06,0.0
2015-06-07,0.0
2015-06-08,3.624244824804035
2015-06-09,-21.422572352193548
2015-06-10,5.398486363808841
2015-06-11,-0.3258324547854574
2015-06-12,-9.424477313357894
2015-06-13,0.0
2015-06-14,0.0
2015-06-15,0.1114604821201847
2015-06-16,-2.5121500507347405
2015-06-17,6.898724617762708
2015-06-18,-2.406228411540301
2015-06-19,-6.455859915825457
2015-06-20,0.0
2015-06-21,0.0
2015-06-22,2.208472034188902
2015-06-23,7.538630916367306
2015-06-24,-2.0103996913854005
2015-06-25,0.2592816715788482
2015-06-26,1.005444116617893
2015-06-27,0.0
2015-06-28,0.0
2015-06-29,1.9443753392620835
2015-06-30,4.675454693571934
2015-07-01,-0.8115219681602781
2015-07-02,9.92716321718017
2015-07-03,0.0
2015-07-04,0.0
2015-07-05,0.0
2015-07-06,0.2415720578964553
2015-07-07,16.122929433895237
2015-07-08,14.606746746211474
2015-07-09,0.4798579011278558
2015-07-10,-0.9529818587770024
2015-07-11,0.0
2015-07-12,0.0
2015-07-13,0.4207427599953073
2015-07-14,0.3609960757437358
2015-07-15,0.4117612353955691
2015-07-16,0.5669814106237681
2015-07-17,2.0472906166554727
2015-07-18,0.0
2015-07-19,0.0
2015-07-20,1.9603219363098168
2015-07-21,11.091557315615308
2015-07-22,0.0023759014064816
2015-07-23,-1.6720832478325565
2015-07-24,0.256814814990447
2015-07-25,0.0
2015-07-26,0.0
2015-07-27,7.828828954969524
2015-07-28,5.663512842779284
2015-07-29,-0.1490991582620005
2015-07-30,-1.716348127532619
2015-07-31,-0.0424551078177404
2015-08-01,0.0
2015-08-02,0.0
2015-08-03,1.491768323455478
2015-08-04,1.1792026723464355
2015-08-05,-1.7551053042261344
2015-08-06,20.486095735789057
2015-08-07,-0.2453636050832375
2015-08-08,0.0
2015-08-09,0.0
2015-08-10,-0.0065525357199058
2015-08-11,-0.1794380745956836
2015-08-12,-1.2976711049988432
2015-08-13,0.8126486042801195
2015-08-14,-3.5847171057782456
2015-08-15,0.0
2015-08-16,0.0
2015-08-17,5.226733438622588
2015-08-18,-2.069562111106682
2015-08-19,-3.8443817947167
2015-08-20,5.0437789458622095
2015-08-21,3.6671024694812537
2015-08-22,0.0
2015-08-23,0.0
2015-08-24,3.4877855064437746
2015-08-25,-0.3995242365376739
2015-08-26,1.2025500416272594
2015-08-27,9.767387140649086
2015-08-28,-0.5557808293756294
2015-08-29,0.0
2015-08-30,0.0
2015-08-31,-1.2563252958705529
2015-09-01,-1.738583631446866
2015-09-02,2.237100016549687
2015-09-03,0.0473061286356157
2015-09-04,0.1767230102654116
2015-09-05,0.0
2015-09-06,0.0
2015-09-07,0.0
2015-09-08,-1.8805248211055887
2015-09-09,-3.1458541371978344
2015-09-10,-0.0044946907402088
2015-09-11,-0.139800645464605
2015-09-12,0.0
2015-09-13,0.0
2015-09-14,0.2798506541373813
2015-09-15,-0.7306754894666256
2015-09-16,0.8733214848812176
2015-09-17,-0.3433286424215476
2015-09-18,-14.152653015744889
2015-09-19,0.0
2015-09-20,0.0
2015-09-21,-0.3469306155317042
2015-09-22,0.3278730506877103
2015-09-23,-0.7042144741959522
2015-09-24,0.0442420148996314
2015-09-25,0.9602688755625088
2015-09-26,0.0
2015-09-27,0.0
2015-09-28,2.447562987067053
2015-09-29,-4.430818730782493
2015-09-30,-1.0371436463509465
2015-10-01,1.5474453727519766
2015-10-02,-3.547692425024884
2015-10-03,0.0
2015-10-04,0.0
2015-10-05,-5.633652503055542
2015-10-06,-6.886901822855441
2015-10-07,5.17849548415672
2015-10-08,0.3837358415197167
2015-10-09,-16.03158668001302
2015-10-10,0.0
2015-10-11,0.0
2015-10-12,-1.1778883146853605
2015-10-13,1.554939120030796
2015-10-14,-5.620053636156364
2015-10-15,-4.674882264694158
2015-10-16,3.550299082002684
2015-10-17,0.0
2015-10-18,0.0
2015-10-19,-0.4692302633241496
2015-10-20,13.562678769374092
2015-10-21,0.0100541511936613
2015-10-22,0.535150691657349
2015-10-23,-0.3809328277843971
2015-10-24,0.0
2015-10-25,0.0
2015-10-26,2.973361662120766
2015-10-27,0.7637214839857132
2015-10-28,-3.98107376862199
2015-10-29,-0.1332015948542153
2015-10-30,0.7475226922808664
2015-10-31,0.0
2015-11-01,0.0
2015-11-02,3.763927555067581
2015-11-03,0.966889208275501
2015-11-04,32.30863869212794
2015-11-05,-0.2089305047508038
2015-11-06,-0.6319612554703369
2015-11-07,0.0
2015-11-08,0.0
2015-11-09,-0.2880224467245118
2015-11-10,2.2626722341587024
2015-11-11,0.2209109611196469
2015-11-12,-0.6017378799845097
2015-11-13,-1.4211039503117415
2015-11-14,0.0
2015-11-15,0.0
2015-11-16,2.6340335042742917
2015-11-17,-0.3563931132386622
2015-11-18,-0.2443075179633047
2015-11-19,-0.7594742053153136
2015-11-20,-1.1072569098592888
2015-11-21,0.0
2015-11-22,0.0
2015-11-23,-0.7799241148957914
2015-11-24,-0.4922505838901636
2015-11-25,4.141389334701162
2015-11-26,0.0
2015-11-27,-0.4896106715931991
2015-11-28,0.0
2015-11-29,0.0
2015-11-30,-0.9213618123523172
2015-12-01,1.3695565704127777
2015-12-02,-7.505384239736667
2015-12-03,-0.5611945443813493
2015-12-04,0.2969624104143031
2015-12-05,0.0
2015-12-06,0.0
2015-12-07,-0.4722405235506932
2015-12-08,-0.450944687988708
2015-12-09,-0.9725387041757404
2015-12-10,-0.0404471359970348
2015-12-11,4.203414728503607
2015-12-12,0.0
2015-12-13,0.0
2015-12-14,-0.9939695660607372
2015-12-15,-1.6655024369776394
2015-12-16,4.562780002304523
2015-12-17,-21.58082156658082
2015-12-18,0.4658810716728689
2015-12-19,0.0
2015-12-20,0.0
2015-12-21,0.2218968275343735
2015-12-22,-2.417863854047586
2015-12-23,-5.275632339502501
2015-12-24,-0.3251319417654996
2015-12-25,0.0
2015-12-26,0.0
2015-12-27,0.0
2015-12-28,-2.911456737934892
2015-12-29,0.238777240847865
2015-12-30,-3.225699717480868
2015-12-31,-0.0270483459346437
2016-01-01,0.0
2016-01-02,0.0
2016-01-03,0.0
2016-01-04,15.98630682794495
2016-01-05,-0.0254455366144767
2016-01-06,0.9319135136054646
2016-01-07,0.3738815623907099
2016-01-08,1.1980379959912302
2016-01-09,0.0
2016-01-10,0.0
2016-01-11,-7.46089012677269
2016-01-12,0.1281862150980028
2016-01-13,5.691509432515463
2016-01-14,-0.1473007864218445
2016-01-15,-0.8918695564536061
2016-01-16,0.0
2016-01-17,0.0
2016-01-18,0.0
2016-01-19,-0.1295535780600376
2016-01-20,1.739256789659782
2016-01-21,0.1686032853384977
2016-01-22,0.1906945007320581
2016-01-23,0.0
2016-01-24,0.0
2016-01-25,1.887205492700339
2016-01-26,-0.4557215012607973
2016-01-27,-2.881979022803272
2016-01-28,0.1058657938479035
2016-01-29,-0.2916122837346102
2016-01-30,0.0
2016-01-31,0.0
2016-02-01,-8.720794773286055
2016-02-02,14.643174943094571
2016-02-03,4.779545525415618
2016-02-04,0.1411483580786576
2016-02-05,9.551358264659273
2016-02-06,0.0
2016-02-07,0.0
2016-02-08,12.002110741005678
2016-02-09,-0.1116814927012543
2016-02-10,0.3143062694664689
2016-02-11,1.9043329107240488
2016-02-12,-0.0003609132870119
2016-02-13,0.0
2016-02-14,0.0
2016-02-15,0.0
2016-02-16,1.8395472663471413
2016-02-17,7.787071204142504
2016-02-18,-0.1128209392245338
2016-02-19,-0.0496790874011554
2016-02-20,0.0
2016-02-21,0.0
2016-02-22,6.370848399580287
2016-02-23,-0.262843982737404
2016-02-24,0.1630854852914698
2016-02-25,2.567610652425878
2016-02-26,-1.7536714152890376
2016-02-27,0.0
2016-02-28,0.0
2016-02-29,-0.9380228288878412
2016-03-01,0.7868048913012737
2016-03-02,0.2007964458227151
2016-03-03,0.8953675552235252
2016-03-04,0.7308928512008039
2016-03-05,0.0
2016-03-06,0.0
2016-03-07,0.2848699236772001
2016-03-08,-0.8596610615510092
2016-03-09,0.5572168476181805
2016-03-10,-0.638855374743097
2016-03-11,0.0393822418375489
2016-03-12,0.0
2016-03-13,0.0
2016-03-14,1.1272052821911682
2016-03-15,-0.5795345292373577
2016-03-16,-6.841938929597868
2016-03-17,-4.314292990043168
2016-03-18,0.4575156222387466
2016-03-19,0.0
2016-03-20,0.0
2016-03-21,-10.24833874707719
2016-03-22,-19.607209019473547
2016-03-23,10.03124335896526
2016-03-24,-4.370851467833637
2016-03-25,0.0
2016-03-26,0.0
2016-03-27,0.0
2016-03-28,-2.275974594243302
2016-03-29,0.2619007911665028
2016-03-30,1.3646003302164589
2016-03-31,-12.948826486852438
2016-04-01,-0.0028091834725407
2016-04-02,0.0
2016-04-03,0.0
2016-04-04,1.5564705700384929
2016-04-05,-7.071435663807469
2016-04-06,1.3689882410245158
2016-04-07,6.365346083436818
2016-04-08,0.8326815156656675
2016-04-09,0.0
2016-04-10,0.0
2016-04-11,0.1818715640778956
2016-04-12,0.8627506058050738
2016-04-13,-3.5636493165697614
2016-04-14,1.2978345896673016
2016-04-15,-2.6137662168220444
2016-04-16,0.0
2016-04-17,0.0
2016-04-18,-0.7159157148951434
2016-04-19,2.832942251935555
2016-04-20,-1.1538335247634923
2016-04-21,-1.168706356585214
2016-04-22,-1.02340520116031
2016-04-23,0.0
2016-04-24,0.0
2016-04-25,0.6077096597969955
2016-04-26,-2.972156707576468
2016-04-27,0.3615674507309485
2016-04-28,0.7551052528507629
2016-04-29,2.283637917006276
2016-04-30,0.0
2016-05-01,0.0
2016-05-02,-2.165473861628986
2016-05-03,3.4903373428576634
2016-05-04,4.500298150700255
2016-05-05,-0.0645312706778034
2016-05-06,-0.8554484739386803
2016-05-07,0.0
2016-05-08,0.0
2016-05-09,1.3863828438204884
2016-05-10,-0.0073312931234359
2016-05-11,-0.3012697384100482
2016-05-12,-0.6321846229112249
2016-05-13,-4.0254396149800975
2016-05-14,0.0
2016-05-15,0.0
2016-05-16,-5.9801468878560975
2016-05-17,-5.457136565700649
2016-05-18,-2.332504121492729
2016-05-19,0.2201089287703128
2016-05-20,1.1269459347946098
2016-05-21,0.0
2016-05-22,0.0
2016-05-23,0.7346641242073959
2016-05-24,0.544685736513828
2016-05-25,-3.3260119728826254
2016-05-26,3.382263460335144
2016-05-27,-0.7281307951456095
2016-05-28,0.0
2016-05-29,0.0
2016-05-30,0.0
2016-05-31,0.0939469307696283
2016-06-01,-1.2942956741123337
2016-06-02,-0.874123862667997
2016-06-03,0.0571710572475847
2016-06-04,0.0
2016-06-05,0.0
2016-06-06,-2.266946917802848
2016-06-07,12.419438281042105
2016-06-08,0.543733120919887
2016-06-09,1.7731954945867434
2016-06-10,5.661316645138759
2016-06-11,0.0
2016-06-12,0.0
2016-06-13,-1.8191193903375649
2016-06-14,0.1023376467831127
2016-06-15,-3.476590745955788
2016-06-16,-5.788834774862906
2016-06-17,-9.505453986371714
2016-06-18,0.0
2016-06-19,0.0
2016-06-20,0.535214058575284
2016-06-21,-3.9655454224348463
2016-06-22,47.49217888100164
2016-06-23,-0.0233633228352458
2016-06-24,0.3890657816603804
2016-06-25,0.0
2016-06-26,0.0
2016-06-27,1.875797570964366
2016-06-28,0.6027028279141478
2016-06-29,2.827111723742415
2016-06-30,-1.724142847683474
2016-07-01,0.0577542303612288
2016-07-02,0.0
2016-07-03,0.0
2016-07-04,0.0
2016-07-05,-0.8921051738669528
2016-07-06,-0.662910970508368
2016-07-07,-0.0265135078066913
2016-07-08,-0.0975705121798009
2016-07-09,0.0
2016-07-10,0.0
2016-07-11,1.4729845210165182
2016-07-12,-0.1808107379443368
2016-07-13,0.1875442117530434
2016-07-14,-0.5317480713443734
2016-07-15,0.0415052092367584
2016-07-16,0.0
2016-07-17,0.0
2016-07-18,1.350867865648531
2016-07-19,-0.0375159128467306
2016-07-20,-5.129231992981353
2016-07-21,2.027096749370383
2016-07-22,-1.1484240692258283
2016-07-23,0.0
2016-07-24,0.0
2016-07-25,-2.4823581748262047
2016-07-26,-0.0465685951634209
2016-07-27,-0.4561719047586066
2016-07-28,-0.1452175982094461
2016-07-29,0.5824415608280065
2016-07-30,0.0
2016-07-31,0.0
2016-08-01,0.784711043664843
2016-08-02,-0.2816962323520355
2016-08-03,0.1166955410511372
2016-08-04,-35.161971013338736
2016-08-05,0.0945646021463186
2016-08-06,0.0
2016-08-07,0.0
2016-08-08,0.0679354682349364
2016-08-09,-2.481749501908981
2016-08-10,1.3215531870453878
2016-08-11,-8.114528993659075
2016-08-12,-0.3934599332805821
2016-08-13,0.0
2016-08-14,0.0
2016-08-15,-2.166152189459813
2016-08-16,-0.4734963455638286
2016-08-17,0.0621654784355829
2016-08-18,-0.2313768302463215
2016-08-19,0.1590266430925968
2016-08-20,0.0
2016-08-21,0.0
2016-08-22,-8.739589099440137
2016-08-23,0.6311493728457851
2016-08-24,0.071744177789057
2016-08-25,0.2964199955744595
2016-08-26,-0.0556085290483565
2016-08-27,0.0
2016-08-28,0.0
2016-08-29,-2.4001432726368344
2016-08-30,2.21365595245937
2016-08-31,-1.899697577651616
2016-09-01,13.287378045178766
2016-09-02,-0.0009763898263015
2016-09-03,0.0
2016-09-04,0.0
2016-09-05,0.0
2016-09-06,-4.208888898254393
2016-09-07,-0.0193933565002968
2016-09-08,2.1612726049622832
2016-09-09,-0.8595797733317201
2016-09-10,0.0
2016-09-11,0.0
2016-09-12,0.5386285710502259
2016-09-13,-1.3793783262950332
2016-09-14,-0.0287515580978503
2016-09-15,4.3209874118881775
2016-09-16,1.2236634620170772
2016-09-17,0.0
2016-09-18,0.0
2016-09-19,0.4421708078249375
2016-09-20,-1.039705677207814
2016-09-21,-1.516661829158883
2016-09-22,-0.3702916070120521
2016-09-23,0.4132463048587276
2016-09-24,0.0
2016-09-25,0.0
2016-09-26,0.4611909918520229
2016-09-27,1.009320958740445
2016-09-28,-0.0612460468565223
2016-09-29,3.827890099194309
2016-09-30,2.257292934577526
2016-10-01,0.0
2016-10-02,0.0
2016-10-03,12.705644827230731
2016-10-04,0.117576392802543
2016-10-05,0.1288252990187199
2016-10-06,4.842586738596655
2016-10-07,1.3586730632404898
2016-10-08,0.0
2016-10-09,0.0
2016-10-10,2.5822060650088297
2016-10-11,-1.4502105695190504
2016-10-12,-0.7138138174466291
2016-10-13,-0.012898489575519
2016-10-14,-10.83544052835701
2016-10-15,0.0
2016-10-16,0.0
2016-10-17,-0.2657456587210505
2016-10-18,0.2547000277001165
2016-10-19,2.37032309891827
2016-10-20,0.0765564770409454
2016-10-21,-1.0657562662465092
2016-10-22,0.0
2016-10-23,0.0
2016-10-24,-0.971226567105643
2016-10-25,-0.727108549149047
2016-10-26,0.0082481512490684
2016-10-27,-1.6337030792558993
2016-10-28,-1.1554553720928618
2016-10-29,0.0
2016-10-30,0.0
2016-10-31,0.377578081460328
2016-11-01,5.80765274407673
2016-11-02,0.5500640657862821
2016-11-03,-0.3832347360774313
2016-11-04,1.5409108203005673
2016-11-05,0.0
2016-11-06,0.0
2016-11-07,0.7953061184819088
2016-11-08,-0.2223985963069608
2016-11-09,2.33939442725466
2016-11-10,-0.4746056616542371
2016-11-11,0.1236635991518797
2016-11-12,0.0
2016-11-13,0.0
2016-11-14,-6.193221577716312
2016-11-15,1.4178878876311751
2016-11-16,-0.318065790844535
2016-11-17,-1.4655574407560712
2016-11-18,-0.4960816511102917
2016-11-19,0.0
2016-11-20,0.0
2016-11-21,-3.0712431700854914
2016-11-22,7.423799625330218
2016-11-23,0.3087613287090063
2016-11-24,0.0
2016-11-25,1.5576775454336111
2016-11-26,0.0
2016-11-27,0.0
2016-11-28,-1.5431817318188878
2016-11-29,4.4488885866909245
2016-11-30,-3.286399536203644
2016-12-01,3.674648192182506
2016-12-02,-1.5118056848238526
2016-12-03,0.0
2016-12-04,0.0
2016-12-05,4.087520552444035
2016-12-06,-1.006038429539069
2016-12-07,6.698356314962606
2016-12-08,0.0250693288273984
2016-12-09,-0.4022999427810481
2016-12-10,0.0
2016-12-11,0.0
2016-12-12,-1.219950758644639
2016-12-13,2.907554801644352
2016-12-14,-4.843848608543522
2016-12-15,-0.8299638099487416
2016-12-16,1.8863800075421768
2016-12-17,0.0
2016-12-18,0.0
2016-12-19,-0.7872403863084187
2016-12-20,2.3427623420190447
2016-12-21,0.053967278109912
2016-12-22,-2.9629641096380888
2016-12-23,-1.873472196085024
2016-12-24,0.0
2016-12-25,0.0
2016-12-26,0.0
2016-12-27,1.6849846084151077
2016-12-28,-8.015020910479741
2016-12-29,3.6946128411727175
2016-12-30,0.3351854803869125
2016-12-31,0.0
2017-01-01,0.0
2017-01-02,0.0
2017-01-03,-1.3717156650773
2017-01-04,3.9952466282234367
2017-01-05,-0.1192058412382124
2017-01-06,-3.4935726093849984
2017-01-07,0.0
2017-01-08,0.0
2017-01-09,-0.0140210089091263
2017-01-10,-0.0737164071608731
2017-01-11,-0.1287146543088813
2017-01-12,-7.162911958917984
2017-01-13,3.666950225627841
2017-01-14,0.0
2017-01-15,0.0
2017-01-16,0.0
2017-01-17,-10.53926207092709
2017-01-18,-0.6985610847506929
2017-01-19,-1.3480077099593202
2017-01-20,-1.1006145232803743
2017-01-21,0.0
2017-01-22,0.0
2017-01-23,-5.39835814272287
2017-01-24,0.0633887171666458
2017-01-25,-0.0031472835309132
2017-01-26,1.5990604778980622
2017-01-27,-2.6885165837178597
2017-01-28,0.0
2017-01-29,0.0
2017-01-30,1.9431035561268128
2017-01-31,-1.2473278917240591
2017-02-01,0.3096800953401368
2017-02-02,-0.2149631119296002
2017-02-03,-3.3947004250878265
2017-02-04,0.0
2017-02-05,0.0
2017-02-06,1.5707418006867035
2017-02-07,0.4172716149408728
2017-02-08,-1.1088019355469547
2017-02-09,-0.5734104422350894
2017-02-10,0.0813786752891898
2017-02-11,0.0
2017-02-12,0.0
2017-02-13,1.1731161697390302
2017-02-14,-0.9626256474553064
2017-02-15,0.9938499466064288
2017-02-16,5.24301268208287
2017-02-17,-0.0611390420277357
2017-02-18,0.0
2017-02-19,0.0
2017-02-20,0.0
2017-02-21,0.9712282483754996
2017-02-22,2.5533608199545865
2017-02-23,27.300476044653266
2017-02-24,-0.0711087457545667
2017-02-25,0.0
2017-02-26,0.0
2017-02-27,7.868668571730586
2017-02-28,-3.1138320274581632
2017-03-01,-0.4240298490866045
2017-03-02,-0.3559754062022136
2017-03-03,-1.5937103546214804
2017-03-04,0.0
2017-03-05,0.0
2017-03-06,-0.0125358754173854
2017-03-07,-0.5868499612968536
2017-03-08,-1.8994364695512636
2017-03-09,0.1844176340325631
2017-03-10,-0.111996739276543
2017-03-11,0.0
2017-03-12,0.0
2017-03-13,0.461068878528903
2017-03-14,7.958427717495242
2017-03-15,0.240967293503691
2017-03-16,1.342467060251984
2017-03-17,-0.1534347494075993
2017-03-18,0.0
2017-03-19,0.0
2017-03-20,-0.0156922253602642
2017-03-21,4.202780880249013
2017-03-22,0.9420837570494944
2017-03-23,-0.9970584460286536
2017-03-24,1.0129841006899287
2017-03-25,0.0
2017-03-26,0.0
2017-03-27,2.0949822525652806
2017-03-28,-2.922754278677475
2017-03-29,-0.0091969819369874
2017-03-30,-0.0332297484032961
2017-03-31,-4.8944114377515335
2017-04-01,0.0
2017-04-02,0.0
2017-04-03,14.058531129636798
2017-04-04,-0.1202087664912254
2017-04-05,1.8504376684620685
2017-04-06,-12.732678691655453
2017-04-07,0.175407009135875
2017-04-08,0.0
2017-04-09,0.0
2017-04-10,-6.017350801626009
2017-04-11,1.1449222573720386
2017-04-12,7.040141028114588
2017-04-13,0.9218451710938602
2017-04-14,0.0
2017-04-15,0.0
2017-04-16,0.0
2017-04-17,0.648556569141312
2017-04-18,0.1323710706355285
2017-04-19,-0.497552008507518
2017-04-20,0.274334899622275
2017-04-21,-0.663126263000513
2017-04-22,0.0
2017-04-23,0.0
2017-04-24,-0.4842281583629426
2017-04-25,0.3315337659818951
2017-04-26,-3.879680865822588
2017-04-27,-0.3378902996770017
2017-04-28,-0.6912965522959391
2017-04-29,0.0
2017-04-30,0.0
2017-05-01,1.236559877700638
2017-05-02,1.1119410404551775
2017-05-03,-5.196996645178132
2017-05-04,10.859184926601984
2017-05-05,3.839914396030064
2017-05-06,0.0
2017-05-07,0.0
2017-05-08,-1.6963545302844274
2017-05-09,3.0696137281304603
2017-05-10,-1.0425653322660988
2017-05-11,0.2924110380027267
2017-05-12,-0.027501320929002
2017-05-13,0.0
2017-05-14,0.0
2017-05-15,2.795538630611283
2017-05-16,-12.213864133613605
2017-05-17,3.4088782557589736
2017-05-18,-1.4239181397251444
2017-05-19,-0.1256404511855602
2017-05-20,0.0
2017-05-21,0.0
2017-05-22,-0.4151214074703091
2017-05-23,-1.8993806858248363
2017-05-24,1.044158608370083
2017-05-25,-4.131563467741383
2017-05-26,0.3319373228785727
2017-05-27,0.0
2017-05-28,0.0
2017-05-29,0.0
2017-05-30,2.1605777723766595
2017-05-31,0.4182432773533584
2017-06-01,-0.4998276842294924
2017-06-02,-0.5401255834692309
2017-06-03,0.0
2017-06-04,0.0
2017-06-05,0.9418647547321912
2017-06-06,0.3959785856215925
2017-06-07,0.0536672801167315
2017-06-08,0.8445826922367061
2017-06-09,4.859138840362887
2017-06-10,0.0
2017-06-11,0.0
2017-06-12,-0.4915720435535009
2017-06-13,3.5379500606244285
2017-06-14,-0.756271988999746
2017-06-15,-1.613169710362028
2017-06-16,-9.59232687941791
2017-06-17,0.0
2017-06-18,0.0
2017-06-19,-4.29312378832456
2017-06-20,-0.395094749036573
2017-06-21,-6.112113482698178
2017-06-22,0.3321699710288728
2017-06-23,-0.6078936127224988
2017-06-24,0.0
2017-06-25,0.0
2017-06-26,1.9871327088100128
2017-06-27,4.351093235377235
2017-06-28,1.4693027389836022
2017-06-29,-1.849109673646343
2017-06-30,-1.18727277622922
2017-07-01,0.0
2017-07-02,0.0
2017-07-03,3.038033463781531
2017-07-04,0.0
2017-07-05,21.425865262919007
2017-07-06,7.484509215823132
2017-07-07,-0.5144285980703045
2017-07-08,0.0
2017-07-09,0.0
2017-07-10,-0.8377026068563831
2017-07-11,1.250046190850207
2017-07-12,-2.014733631747878
2017-07-13,-0.0945525321137341
2017-07-14,0.5320889256021699
2017-07-15,0.0
2017-07-16,0.0
2017-07-17,1.323049156192546
2017-07-18,0.6063729222939074
2017-07-19,-0.6423504103013622
2017-07-20,-0.4377931424697001
2017-07-21,-2.380174595353479
2017-07-22,0.0
2017-07-23,0.0
2017-07-24,2.345291730461452
2017-07-25,0.0179833052517786
2017-07-26,-5.107601019173991
2017-07-27,0.8232586765440475
2017-07-28,-0.1685096485319448
2017-07-29,0.0
2017-07-30,0.0
2017-07-31,2.332899402311095
2017-08-01,0.1329831771898604
2017-08-02,1.1169824277433182
2017-08-03,9.58903629928043
2017-08-04,1.1212303646177535
2017-08-05,0.0
2017-08-06,0.0
2017-08-07,-0.0299046567224348
2017-08-08,1.3349188091039244
2017-08-09,-3.0972204578801232
2017-08-10,-0.2746604399309627
2017-08-11,-1.4522322793773743
2017-08-12,0.0
2017-08-13,0.0
2017-08-14,0.551412729446854
2017-08-15,-1.3295012107323978
2017-08-16,-13.584444592612057
2017-08-17,-7.550389165627058
2017-08-18,0.5732922477395652
2017-08-19,0.0
2017-08-20,0.0
2017-08-21,2.954782811613055
2017-08-22,-3.180813542547456
2017-08-23,3.050641727609027
2017-08-24,-1.4066846035303393
2017-08-25,0.4721558835885986
2017-08-26,0.0
2017-08-27,0.0
2017-08-28,-2.181305836584435
2017-08-29,-1.985879485150832
2017-08-30,0.2535909753491827
2017-08-31,-0.3741784170496864
2017-09-01,-0.1241404480929686
2017-09-02,0.0
2017-09-03,0.0
2017-09-04,0.0
2017-09-05,-4.630097369203168
2017-09-06,0.5552138296677445
2017-09-07,0.5467440754654218
2017-09-08,-1.2947700050262467
2017-09-09,0.0
2017-09-10,0.0
2017-09-11,11.189738763699264
2017-09-12,-4.583410593351934
2017-09-13,-0.8089843548529152
2017-09-14,1.5507975084496195
2017-09-15,-12.439412417437046
2017-09-16,0.0
2017-09-17,0.0
2017-09-18,-2.2738161398703105
2017-09-19,3.3566766601593523
2017-09-20,-2.9864783151930085
2017-09-21,1.7914746302269968
2017-09-22,5.658474246948941
2017-09-23,0.0
2017-09-24,0.0
2017-09-25,0.8586381724509984
2017-09-26,-1.2285647299028255
2017-09-27,0.4246334733715828
2017-09-28,-0.0400295914806281
2017-09-29,-3.2429333465622934
2017-09-30,0.0
2017-10-01,0.0
2017-10-02,-0.5829084155495767
2017-10-03,-1.8762302331720049
2017-10-04,1.1180482533663438
2017-10-05,-4.558432684169866
2017-10-06,0.0774206110609299
2017-10-07,0.0
2017-10-08,0.0
2017-10-09,6.37237915962996
2017-10-10,5.074975621500011
2017-10-11,-0.0141651938404763
2017-10-12,-0.9676175014695864
2017-10-13,-0.2208154647765359
2017-10-14,0.0
2017-10-15,0.0
2017-10-16,0.7341794123920886
2017-10-17,-0.2412233042120792
2017-10-18,-0.558409278558003
2017-10-19,0.9309251933263818
2017-10-20,-0.2340859120440575
2017-10-21,0.0
2017-10-22,0.0
2017-10-23,-11.918756723268752
2017-10-24,0.0579564720801117
2017-10-25,4.023835972874457
2017-10-26,-5.629476239029052
2017-10-27,0.0167072673570523
2017-10-28,0.0
2017-10-29,0.0
2017-10-30,-1.8950445412598604
2017-10-31,6.112086899682323
2017-11-01,3.481321127745906
2017-11-02,16.130118861665643
2017-11-03,-1.9463302841418284
2017-11-04,0.0
2017-11-05,0.0
2017-11-06,-0.4415460242757074
2017-11-07,0.6781003861769053
2017-11-08,-0.2410125454748279
2017-11-09,0.0020864348573068
2017-11-10,-0.1823354446742642
2017-11-11,0.0
2017-11-12,0.0
2017-11-13,6.177591807536342
2017-11-14,-0.5375188420740251
2017-11-15,-1.2470078839930898
2017-11-16,0.1238658544046478
2017-11-17,0.2467352439140757
2017-11-18,0.0
2017-11-19,0.0
2017-11-20,-3.254159591266381
2017-11-21,-1.766946367780564
2017-11-22,0.5372524936527512
2017-11-23,0.0
2017-11-24,0.4458762879172129
2017-11-25,0.0
2017-11-26,0.0
2017-11-27,0.1670140488013505
2017-11-28,-0.2544015949532352
2017-11-29,1.45643996259186
2017-11-30,-0.5505333416720326
2017-12-01,-0.965124640642312
2017-12-02,0.0
2017-12-03,0.0
2017-12-04,-0.7571930239830271
2017-12-05,-1.3698768106032433
2017-12-06,3.950876304690909
2017-12-07,-3.495786693129843
2017-12-08,0.6444272659831052
2017-12-09,0.0
2017-12-10,0.0
2017-12-11,5.352359663859296
2017-12-12,3.6559518247107015
2017-12-13,-3.2064683320161547
2017-12-14,-3.4299059106691066
2017-12-15,-19.30096713600704
2017-12-16,0.0
2017-12-17,0.0
2017-12-18,-0.2137545441075028
2017-12-19,2.529515178058195
2017-12-20,0.0897842017693495
2017-12-21,-0.1716927295316028
2017-12-22,2.15243817550248
2017-12-23,0.0
2017-12-24,0.0
2017-12-25,0.0
2017-12-26,3.243284194483609
2017-12-27,-5.535559890900599
2017-12-28,-1.6448402067573475
2017-12-29,0.5524431604960744
2017-12-30,0.0
2017-12-31,0.0
2018-01-01,0.0
2018-01-02,3.99679368457182
2018-01-03,0.2775837871957121
2018-01-04,-1.6381929865645906
2018-01-05,-3.8541685870249855
2018-01-06,0.0
2018-01-07,0.0
2018-01-08,15.583488150437974
2018-01-09,0.2061466568940462
2018-01-10,-0.0092489932099759
2018-01-11,0.2113542718791938
2018-01-12,-4.471818349670875
2018-01-13,0.0
2018-01-14,0.0
2018-01-15,0.0
2018-01-16,0.2822281819202077
2018-01-17,0.6799854626334811
2018-01-18,0.2600199127824387
2018-01-19,0.168851947931814
2018-01-20,0.0
2018-01-21,0.0
2018-01-22,-2.970892509069878
2018-01-23,-0.4787692072788285
2018-01-24,2.0482087600447896
2018-01-25,-4.243325638279827
2018-01-26,-4.97754969875257
2018-01-27,0.0
2018-01-28,0.0
2018-01-29,1.5585330862005309
2018-01-30,0.5704969369315416
2018-01-31,1.4935407413936286
2018-02-01,0.1359370222469236
2018-02-02,-1.4440526558149425
2018-02-03,0.0
2018-02-04,0.0
2018-02-05,4.694824425050848
2018-02-06,-0.2488373405954536
2018-02-07,2.447776360670373
2018-02-08,28.533757184912844
2018-02-09,-0.220753521208139
2018-02-10,0.0
2018-02-11,0.0
2018-02-12,0.3809557701753618
2018-02-13,1.0269148874885836
2018-02-14,-1.9787536737639444
2018-02-15,2.8191487230289525
2018-02-16,-0.2479072874179699
2018-02-17,0.0
2018-02-18,0.0
2018-02-19,0.0
2018-02-20,-0.0012273733762446
2018-02-21,-9.334127132701486
2018-02-22,3.9465785339918513
2018-02-23,0.6529560883453245
2018-02-24,0.0
2018-02-25,0.0
2018-02-26,0.3346243092327228
2018-02-27,0.9479392601780656
2018-02-28,1.2137145411210692
2018-03-01,2.073770091362803
2018-03-02,0.3858920131751375
2018-03-03,0.0
2018-03-04,0.0
2018-03-05,-0.6846087251257016
2018-03-06,0.3681357421784659
2018-03-07,0.4541113944153352
2018-03-08,-0.6522330169936752
2018-03-09,-1.272963510882852
2018-03-10,0.0
2018-03-11,0.0
2018-03-12,6.968535652714736
2018-03-13,-0.6223463532060824
2018-03-14,4.207253846338865
2018-03-15,-1.5119810729992356
2018-03-16,-0.0597271558725576
2018-03-17,0.0
2018-03-18,0.0
2018-03-19,0.6536979694172551
2018-03-20,-1.687038031156074
2018-03-21,0.9471603367736005
2018-03-22,-1.766274192653161
2018-03-23,-17.964658411704303
2018-03-24,0.0
2018-03-25,0.0
2018-03-26,-0.3670506665939155
2018-03-27,20.31363560585941
2018-03-28,10.118711749504604
2018-03-29,2.871188499400601
2018-03-30,0.0
2018-03-31,0.0
2018-04-01,0.0
2018-04-02,0.177786924368184
2018-04-03,7.460556185271594
2018-04-04,8.806040384435732
2018-04-05,5.892030278996496
2018-04-06,-1.7316663375807284
2018-04-07,0.0
2018-04-08,0.0
2018-04-09,0.2773786829416869
2018-04-10,3.320009485263231
2018-04-11,-0.1321320658497993
2018-04-12,0.0071168867908921
2018-04-13,-0.4324198463721784
2018-04-14,0.0
2018-04-15,0.0
2018-04-16,0.5222238663600054
2018-04-17,0.0620487786441081
2018-04-18,0.5043837765400294
2018-04-19,0.4917044259907799
2018-04-20,0.9391865634198472
2018-04-21,0.0
2018-04-22,0.0
2018-04-23,0.4155179043678236
2018-04-24,-4.015908198059037
2018-04-25,-0.0074854795902412
2018-04-26,-1.3106233300958947
2018-04-27,1.3701090294403029
2018-04-28,0.0
2018-04-29,0.0
2018-04-30,-0.1099224185119207
2018-05-01,0.0104079745340435
2018-05-02,-0.0498376010477197
2018-05-03,2.984920138334024
2018-05-04,0.9446540094161016
2018-05-05,0.0
2018-05-06,0.0
2018-05-07,0.3467464006574383
2018-05-08,-0.0769176386244074
2018-05-09,-8.46914366052507
2018-05-10,-9.585475646219743
2018-05-11,-0.6565535731770766
2018-05-12,0.0
2018-05-13,0.0
2018-05-14,-3.349304463970171
2018-05-15,-3.606588101635344
2018-05-16,-9.25164756861393
2018-05-17,-9.899722394601197
2018-05-18,0.7655469346389943
2018-05-19,0.0
2018-05-20,0.0
2018-05-21,-0.365473265152394
2018-05-22,-4.989116628527912
2018-05-23,0.6755624527752468
2018-05-24,-1.30901338187841
2018-05-25,-1.5913351685791222
2018-05-26,0.0
2018-05-27,0.0
2018-05-28,0.0
2018-05-29,-1.5780705832202369
2018-05-30,2.080618567942772
2018-05-31,0.5888291489439812
2018-06-01,0.2958696845594133
2018-06-02,0.0
2018-06-03,0.0
2018-06-04,-2.60768952272612
2018-06-05,-0.7201787177202434
2018-06-06,24.43781785263941
2018-06-07,0.056052174281973
2018-06-08,-0.3716068054326338
2018-06-09,0.0
2018-06-10,0.0
2018-06-11,2.115498293347096
2018-06-12,1.4574264433558692
2018-06-13,-0.4792366527182845
2018-06-14,2.0268584615314555
2018-06-15,-8.275096805667836
2018-06-16,0.0
2018-06-17,0.0
2018-06-18,0.1730048234287462
2018-06-19,6.163605443052522
2018-06-20,0.811327620777269
2018-06-21,4.081271853158963
2018-06-22,3.4562508277707016
2018-06-23,0.0
2018-06-24,0.0
2018-06-25,-0.4189493818458567
2018-06-26,-1.2901088501099056
2018-06-27,-1.9781596621003985
2018-06-28,0.1517830226622107
2018-06-29,0.9964886470376522
2018-06-30,0.0
2018-07-01,0.0
2018-07-02,-0.499400488400803
2018-07-03,10.33651545585046
2018-07-04,0.0
2018-07-05,-2.031634987454478
2018-07-06,-0.1615049653510114
2018-07-07,0.0
2018-07-08,0.0
2018-07-09,1.0214682761607865
2018-07-10,0.090015230966145
2018-07-11,0.0991884493670047
2018-07-12,-0.7601481655889808
2018-07-13,-1.1878804200097126
2018-07-14,0.0
2018-07-15,0.0
2018-07-16,0.7724758738899551
2018-07-17,1.891114436313668
2018-07-18,-0.7662866084688025
2018-07-19,-13.679386988412356
2018-07-20,0.6767730811283235
2018-07-21,0.0
2018-07-22,0.0
2018-07-23,2.1291285168975493
2018-07-24,-3.931559536944485
2018-07-25,0.9290666064374564
2018-07-26,-0.1723368996816465
2018-07-27,-2.277072140300118
2018-07-28,0.0
2018-07-29,0.0
2018-07-30,0.5240081236984606
2018-07-31,-1.2862832793769208
2018-08-01,-3.97131292456514
2018-08-02,45.05909582214349
2018-08-03,-1.949642619864012
2018-08-04,0.0
2018-08-05,0.0
2018-08-06,-1.6590704681083035
2018-08-07,12.15611414731974
2018-08-08,0.2541110676619995
2018-08-09,2.531078313283275
2018-08-10,-0.152245113687155
2018-08-11,0.0
2018-08-12,0.0
2018-08-13,-0.4163265580752195
2018-08-14,0.0804213410680043
2018-08-15,-5.011130524731455
2018-08-16,0.0898051345794348
2018-08-17,9.01226518919036
2018-08-18,0.0
2018-08-19,0.0
2018-08-20,-0.7785942948485003
2018-08-21,1.520645691956668
2018-08-22,-0.1058042889485633
2018-08-23,-0.0249117049634373
2018-08-24,0.0210744412422858
2018-08-25,0.0
2018-08-26,0.0
2018-08-27,-0.5945328918156134
2018-08-28,-0.9260068943992784
2018-08-29,0.3590594134453617
2018-08-30,-0.0620088834921706
2018-08-31,-0.3281412259136806
2018-09-01,0.0
2018-09-02,0.0
2018-09-03,0.0
2018-09-04,0.6221927212445078
2018-09-05,0.3799314239952167
2018-09-06,-1.4031222214951231
2018-09-07,3.3181525390963973
2018-09-08,0.0
2018-09-09,0.0
2018-09-10,5.248084988851831
2018-09-11,-0.07937134298448
2018-09-12,0.6200498259434362
2018-09-13,-0.0720388883354239
2018-09-14,-19.411866537024213
2018-09-15,0.0
2018-09-16,0.0
2018-09-17,0.0191176508093082
2018-09-18,0.7620825537935749
2018-09-19,-11.42692063380064
2018-09-20,-0.3869034696171836
2018-09-21,-2.680938012592604
2018-09-22,0.0
2018-09-23,0.0
2018-09-24,-0.226025007667141
2018-09-25,0.0510395518002582
2018-09-26,1.0546211719148602
2018-09-27,-0.7692456625537081
2018-09-28,28.388480916049087
2018-09-29,0.0
2018-09-30,0.0
2018-10-01,16.377158397177926
2018-10-02,0.6275365665717736
2018-10-03,-1.1301780512417037
2018-10-04,1.1941448837468505
2018-10-05,3.1061633134970013
2018-10-06,0.0
2018-10-07,0.0
2018-10-08,0.714282643599784
2018-10-09,1.920982297326379
2018-10-10,-0.0143396568663023
2018-10-11,-0.0672755066647101
2018-10-12,0.6082112165728182
2018-10-13,0.0
2018-10-14,0.0
2018-10-15,0.0416245726579056
2018-10-16,1.726876575559544
2018-10-17,-0.2915276490799479
2018-10-18,0.4534609093223229
2018-10-19,-2.310214802221966
2018-10-20,0.0
2018-10-21,0.0
2018-10-22,-4.298874332917047
2018-10-23,9.029805642409382
2018-10-24,-0.5985613293173819
2018-10-25,4.142271326562508
2018-10-26,0.9884738022329698
2018-10-27,0.0
2018-10-28,0.0
2018-10-29,0.0175768323229963
2018-10-30,-0.5776891419541519
2018-10-31,-0.8366673990581774
2018-11-01,0.1125509595036433
2018-11-02,-0.0017599860496986
2018-11-03,0.0
2018-11-04,0.0
2018-11-05,0.1912510152807689
2018-11-06,0.0145637333337944
2018-11-07,-0.1619635057138246
2018-11-08,-0.0487798302055697
2018-11-09,-13.92510216952103
2018-11-10,0.0
2018-11-11,0.0
2018-11-12,-15.453420222933476
2018-11-13,-0.8391643739621757
2018-11-14,-0.5385442349849723
2018-11-15,-2.67792712900633
2018-11-16,-7.46577225643974
2018-11-17,0.0
2018-11-18,0.0
2018-11-19,-3.721398864010472
2018-11-20,-0.877456151459377
2018-11-21,0.4132207554594425
2018-11-22,0.0
2018-11-23,1.900970251860024
2018-11-24,0.0
2018-11-25,0.0
2018-11-26,3.046441607889272
2018-11-27,0.2517768444644686
2018-11-28,-3.82556778292501
2018-11-29,0.13403627172206
2018-11-30,-1.487801427608293
2018-12-01,0.0
2018-12-02,0.0
2018-12-03,-0.6518709412914991
2018-12-04,0.0056104606617424
2018-12-05,0.0
2018-12-06,-19.078727111702957
2018-12-07,-0.5374435284337675
2018-12-08,0.0
2018-12-09,0.0
2018-12-10,-15.073611966527366
2018-12-11,-6.428838009765247
2018-12-12,-0.2105441832697008
2018-12-13,0.7372262052444123
2018-12-14,2.5726884762082403
2018-12-15,0.0
2018-12-16,0.0
2018-12-17,6.68939346102797
2018-12-18,2.924612107856861
2018-12-19,-0.1636282797036536
2018-12-20,7.160422694081303
2018-12-21,-0.6343304613889211
2018-12-22,0.0
2018-12-23,0.0
2018-12-24,12.148994401562677
2018-12-25,0.0
2018-12-26,18.29445314999849
2018-12-27,-2.8965294529585184
2018-12-28,3.5795562287501914
2018-12-29,0.0
2018-12-30,0.0
2018-12-31,-0.3433293145047034
2019-01-01,0.0
2019-01-02,5.732443512286722
2019-01-03,0.3425547526169525
2019-01-04,4.277670292630442
2019-01-05,0.0
2019-01-06,0.0
2019-01-07,3.0677712832673176
2019-01-08,-0.7155791335018535
2019-01-09,-1.4143717422713475
2019-01-10,-3.5074232078528667
2019-01-11,0.0053146877520893
2019-01-12,0.0
2019-01-13,0.0
2019-01-14,1.42744434160047
2019-01-15,0.6090398290817145
2019-01-16,-0.7852532887266062
2019-01-17,-0.593869540035108
2019-01-18,19.06633117239056
2019-01-19,0.0
2019-01-20,0.0
2019-01-21,0.0
2019-01-22,-0.1719461191865057
2019-01-23,0.7685500158477465
2019-01-24,-0.2424518126019181
2019-01-25,0.4327779065020909
2019-01-26,0.0
2019-01-27,0.0
2019-01-28,-0.0162203084165146
2019-01-29,-0.8706357462796799
2019-01-30,1.13006676021572
2019-01-31,-1.502435362891397
2019-02-01,-0.3950819979401276
2019-02-02,0.0
2019-02-03,0.0
2019-02-04,-0.0623001847511073
2019-02-05,-1.750700832430252
2019-02-06,-0.0120534002600369
2019-02-07,-4.67532671360763
2019-02-08,-9.6557427685241
2019-02-09,0.0
2019-02-10,0.0
2019-02-11,-0.3560302407142557
2019-02-12,-3.669237719264795
2019-02-13,0.1071942061714459
2019-02-14,-5.869152288463653
2019-02-15,-1.1944881655165718
2019-02-16,0.0
2019-02-17,0.0
2019-02-18,0.0
2019-02-19,-4.583385835002374
2019-02-20,-4.834102824342379
2019-02-21,1.9584418962178995
2019-02-22,0.1250332573541346
2019-02-23,0.0
2019-02-24,0.0
2019-02-25,-0.362014268940225
2019-02-26,-0.2192013442561369
2019-02-27,3.773707062059617
2019-02-28,-1.057453721604762
2019-03-01,9.15180273666536
2019-03-02,0.0
2019-03-03,0.0
2019-03-04,0.8219153653954647
2019-03-05,-26.337843470157573
2019-03-06,-0.1614710699844423
2019-03-07,-3.318375989329081
2019-03-08,1.4822082443448623
2019-03-09,0.0
2019-03-10,0.0
2019-03-11,0.5328079578084566
2019-03-12,1.5845620484548073
2019-03-13,0.9911855546199888
2019-03-14,-3.609304476175024
2019-03-15,5.865687152489341
2019-03-16,0.0
2019-03-17,0.0
2019-03-18,-0.3086649745222214
2019-03-19,-0.107139150006541
2019-03-20,-0.5585267565445529
2019-03-21,-0.0392338635054945
2019-03-22,0.5477108091635374
2019-03-23,0.0
2019-03-24,0.0
2019-03-25,0.2531823261736177
2019-03-26,0.7115724890929043
2019-03-27,2.116118794752864
2019-03-28,0.526043711965829
2019-03-29,-0.1561495416729008
2019-03-30,0.0
2019-03-31,0.0
2019-04-01,2.1084479501132014
2019-04-02,0.1251049051554709
2019-04-03,0.8734301392908428
2019-04-04,11.049384957658038
2019-04-05,1.038690946830445
2019-04-06,0.0
2019-04-07,0.0
2019-04-08,-0.4082890328819144
2019-04-09,0.0001182273987376
2019-04-10,-5.276710807743401
2019-04-11,0.1323103460442398
2019-04-12,-11.414267866804394
2019-04-13,0.0
2019-04-14,0.0
2019-04-15,-2.0514898541403426
2019-04-16,-0.3929910669026371
2019-04-17,0.1290195978503217
2019-04-18,0.145494942919111
2019-04-19,0.0
2019-04-20,0.0
2019-04-21,0.0
2019-04-22,1.4674783799445867
2019-04-23,-1.5313983433129064
2019-04-24,-0.6088866555074013
2019-04-25,2.4115755729049893
2019-04-26,4.547094426985243
2019-04-27,0.0
2019-04-28,0.0
2019-04-29,-2.2641148853757453
2019-04-30,-0.5705402756314704
2019-05-01,0.5201414995217091
2019-05-02,3.143748967688853
2019-05-03,4.472042040034019
2019-05-04,0.0
2019-05-05,0.0
2019-05-06,-2.1589893858052656
2019-05-07,1.57597325869534
2019-05-08,-1.7042798031639772
2019-05-09,-1.6503075724266347
2019-05-10,-0.6378217293998345
2019-05-11,0.0
2019-05-12,0.0
2019-05-13,4.4581771347071975
2019-05-14,-1.3214158123629027
2019-05-15,0.0244310678574999
2019-05-16,-1.446154049924031
2019-05-17,-2.1943443911750515
2019-05-18,0.0
2019-05-19,0.0
2019-05-20,-1.956922094407321
2019-05-21,0.129206431829032
2019-05-22,5.6200137617105295
2019-05-23,0.0548174595283335
2019-05-24,-0.1741658932178147
2019-05-25,0.0
2019-05-26,0.0
2019-05-27,0.0
2019-05-28,-0.1523308011474822
2019-05-29,0.5323789931799272
2019-05-30,-2.8342413542643
2019-05-31,-0.0170559183991336
2019-06-01,0.0
2019-06-02,0.0
2019-06-03,-0.0248451504156865
2019-06-04,14.639613074583234
2019-06-05,0.6911892835260058
2019-06-06,4.4921248124334845
2019-06-07,-1.947652944161116
2019-06-08,0.0
2019-06-09,0.0
2019-06-10,-0.2619970164454366
2019-06-11,-0.5556939848147646
2019-06-12,1.5398433336647033
2019-06-13,0.5880320975527598
2019-06-14,-3.010933197422283
2019-06-15,0.0
2019-06-16,0.0
2019-06-17,0.3293100716943442
2019-06-18,-0.0322541521823427
2019-06-19,-1.1495872000802154
2019-06-20,1.1157363277845225
2019-06-21,0.1660749849412113
2019-06-22,0.0
2019-06-23,0.0
2019-06-24,0.0827357360765113
2019-06-25,-3.837649482746064
2019-06-26,-1.008379308313101
2019-06-27,0.5346851071223346
2019-06-28,-0.338961661023085
2019-06-29,0.0
2019-06-30,0.0
2019-07-01,-10.902773117383743
2019-07-02,-1.483935384205315
2019-07-03,3.618659286098724
2019-07-04,0.0
2019-07-05,-9.406288756086225
2019-07-06,0.0
2019-07-07,0.0
2019-07-08,0.6157105623440184
2019-07-09,-2.2708055072018896
2019-07-10,1.650199405848296
2019-07-11,0.1987177991811917
2019-07-12,0.1499015329833097
2019-07-13,0.0
2019-07-14,0.0
2019-07-15,-0.2338701804001419
2019-07-16,-4.53838897046448
2019-07-17,-13.635242330186047
2019-07-18,0.5617837953296956
2019-07-19,-5.119926906415717
2019-07-20,0.0
2019-07-21,0.0
2019-07-22,0.3394405158019253
2019-07-23,-4.022489354075876
2019-07-24,-0.1773951116757266
2019-07-25,68.37361997272868
2019-07-26,-0.5249167252376674
2019-07-27,0.0
2019-07-28,0.0
2019-07-29,1.4450306842389349
2019-07-30,-1.9320947581647483
2019-07-31,0.0193460040239346
2019-08-01,1.7823916512534232
2019-08-02,-1.5734011248060398
2019-08-03,0.0
2019-08-04,0.0
2019-08-05,1.0653874627908122
2019-08-06,0.0656444032326453
2019-08-07,-0.4008794075484156
2019-08-08,0.4804214271419749
2019-08-09,0.105072484311508
2019-08-10,0.0
2019-08-11,0.0
2019-08-12,1.110397257062945
2019-08-13,0.5588584694942833
2019-08-14,6.361503923519551
2019-08-15,-2.529547048795455
2019-08-16,0.6294861521954687
2019-08-17,0.0
2019-08-18,0.0
2019-08-19,1.2264295151175109
2019-08-20,0.0176870992292021
2019-08-21,-1.4803977523256018
2019-08-22,0.095265432108671
2019-08-23,1.5901439620639612
2019-08-24,0.0
2019-08-25,0.0
2019-08-26,-1.3629879137502576
2019-08-27,0.0004260173846137
2019-08-28,-0.1033943105380408
2019-08-29,1.4621437140150515
2019-08-30,-0.0408039761727097
2019-08-31,0.0
2019-09-01,0.0
2019-09-02,0.0
2019-09-03,-0.0337871411844381
2019-09-04,-0.3747384728012726
2019-09-05,1.9188598215210015
2019-09-06,-31.189258001170217
2019-09-07,0.0
2019-09-08,0.0
2019-09-09,0.9058480240906164
2019-09-10,-2.259796448511575
2019-09-11,4.189687888202864
2019-09-12,0.0523758290610132
2019-09-13,-2.9026922193517657
2019-09-14,0.0
2019-09-15,0.0
2019-09-16,0.3355962928222045
2019-09-17,-1.981690524784141
2019-09-18,-0.0510842128649935
2019-09-19,0.0682783989629953
2019-09-20,0.7566246376677022
2019-09-21,0.0
2019-09-22,0.0
2019-09-23,-0.5696212304106107
2019-09-24,13.940914366278156
2019-09-25,-0.1693485748293088
2019-09-26,-3.110651647050777
2019-09-27,-1.035722677920281
2019-09-28,0.0
2019-09-29,0.0
2019-09-30,-0.4467605595889878
2019-10-01,-1.473907981802991
2019-10-02,0.080331295085223
2019-10-03,3.2896059148474377
2019-10-04,0.119396286314477
2019-10-05,0.0
2019-10-06,0.0
2019-10-07,-4.991431372960564
2019-10-08,-0.3423046562411769
2019-10-09,0.3509485094416398
2019-10-10,0.0119917653553347
2019-10-11,-1.2625902068743478
2019-10-12,0.0
2019-10-13,0.0
2019-10-14,2.138243892334501
2019-10-15,-0.1231221246917435
2019-10-16,-1.476461482540714
2019-10-17,-3.0735063035128296
2019-10-18,1.0065062545039805
2019-10-19,0.0
2019-10-20,0.0
2019-10-21,0.1436876987073176
2019-10-22,-0.3879895691175639
2019-10-23,-5.76218047907836
2019-10-24,58.65138754597303
2019-10-25,7.716284605121371
2019-10-26,0.0
2019-10-27,0.0
2019-10-28,-0.2707681127929073
2019-10-29,2.07363359454742
2019-10-30,-0.0390139405391121
2019-10-31,0.0559755344256895
2019-11-01,-0.9054413771028448
2019-11-02,0.0
2019-11-03,0.0
2019-11-04,-0.0241068614753703
2019-11-05,-8.06318221807415
2019-11-06,0.1707109453724431
2019-11-07,-2.43082009718949
2019-11-08,-0.1548964424910037
2019-11-09,0.0
2019-11-10,0.0
2019-11-11,-0.177302976291227
2019-11-12,-0.0131437835950598
2019-11-13,0.2376316534829836
2019-11-14,-3.877636751673319
2019-11-15,-0.5371722079024033
2019-11-16,0.0
2019-11-17,0.0
2019-11-18,0.285266662117789
2019-11-19,0.2401224149467085
2019-11-20,1.4590055324113391
2019-11-21,-0.1409117634276202
2019-11-22,7.109083339989741
2019-11-23,0.0
2019-11-24,0.0
2019-11-25,-0.8173681470221017
2019-11-26,1.084973952933321
2019-11-27,1.4748674570519428e-05
2019-11-28,0.0
2019-11-29,0.1647186576581916
2019-11-30,0.0
2019-12-01,0.0
2019-12-02,-0.8283615469992456
2019-12-03,-0.5684494002458962
2019-12-04,0.4059558179989597
2019-12-05,0.1525735704847042
2019-12-06,-34.34086233289605
2019-12-07,0.0
2019-12-08,0.0
2019-12-09,-23.686284289904457
2019-12-10,2.9264206524991287
2019-12-11,-6.436706358808031
2019-12-12,0.9005309320884392
2019-12-13,0.2050596120164671
2019-12-14,0.0
2019-12-15,0.0
2019-12-16,14.376578498641091
2019-12-17,0.4350670330724338
2019-12-18,3.129799697448643
2019-12-19,-0.258985004785961
2019-12-20,-1.4365421926231914
2019-12-21,0.0
2019-12-22,0.0
2019-12-23,2.447676913971697
2019-12-24,-0.7287820417603341
2019-12-25,0.0
2019-12-26,-0.0296077527481286
2019-12-27,-0.8999765215335187
2019-12-28,0.0
2019-12-29,0.0
2019-12-30,6.527243339639299
2019-12-31,0.0112313475028935
2020-01-01,0.0
2020-01-02,0.995152429820223
2020-01-03,0.3030384783640816
2020-01-04,0.0
2020-01-05,0.0
2020-01-06,-2.039365310705976
2020-01-07,2.6872926047948558
2020-01-08,-13.5990881191704
2020-01-09,4.724728385960564
2020-01-10,-3.132653195022239
2020-01-11,0.0
2020-01-12,0.0
2020-01-13,22.106177148460212
2020-01-14,-0.8452849335946144
2020-01-15,7.059400869898025
2020-01-16,1.095886912385602
2020-01-17,-0.3640074529312587
2020-01-18,0.0
2020-01-19,0.0
2020-01-20,0.0
2020-01-21,5.280942430359192
2020-01-22,1.0787120995739974
2020-01-23,0.2453334774416449
2020-01-24,1.5611336905630102
2020-01-25,0.0
2020-01-26,0.0
2020-01-27,1.4638714365722727
2020-01-28,-0.0358232354147891
2020-01-29,-0.5558373149277762
2020-01-30,8.367027765230528
2020-01-31,-0.9612655012374294
2020-02-01,0.0
2020-02-02,0.0
2020-02-03,36.404951465969184
2020-02-04,9.323079392612431
2020-02-05,29.181232577334622
2020-02-06,-0.0820777466726929
2020-02-07,0.1754347905705389
2020-02-08,0.0
2020-02-09,0.0
2020-02-10,0.0437192075921633
2020-02-11,-0.0868520784218285
2020-02-12,-1.0947120900435925
2020-02-13,0.2306365416744782
2020-02-14,0.2924796761705206
2020-02-15,0.0
2020-02-16,0.0
2020-02-17,0.0
2020-02-18,1.065283616454038
2020-02-19,0.8421319731060528
2020-02-20,0.687124892743407
2020-02-21,-0.1594409697349919
2020-02-22,0.0
2020-02-23,0.0
2020-02-24,3.2729043583724198
2020-02-25,1.180822433873674
2020-02-26,-1.743181481917777
2020-02-27,8.542820305501442
2020-02-28,-0.497168188311381
2020-02-29,0.0
2020-03-01,0.0
2020-03-02,3.127640506781426
2020-03-03,-0.0788177492618502
2020-03-04,-1.109084315374642
2020-03-05,0.3100078437059839
2020-03-06,0.4585678611876975
2020-03-07,0.0
2020-03-08,0.0
2020-03-09,7.236764906095039
2020-03-10,0.8368984230774812
2020-03-11,0.096453143295494
2020-03-12,4.214180743214357
2020-03-13,-2.610475963416448
2020-03-14,0.0
2020-03-15,0.0
2020-03-16,10.071472749477838
2020-03-17,-9.33114993811822
2020-03-18,-0.3085531228378513
2020-03-19,2.803363390038993
2020-03-20,-0.288749304714897
2020-03-21,0.0
2020-03-22,0.0
2020-03-23,0.2312190175324247
2020-03-24,6.61866988856985
2020-03-25,1.3721977018153808
2020-03-26,0.0144188876509021
2020-03-27,-0.7965977306047312
2020-03-28,0.0
2020-03-29,0.0
2020-03-30,-0.0061967814782182
2020-03-31,-0.9369688605071258
2020-04-01,-0.7134220177339112
2020-04-02,0.3044984138071971
2020-04-03,1.2523693461506502
2020-04-04,0.0
2020-04-05,0.0
2020-04-06,1.1164030966895
2020-04-07,0.9217891182458304
2020-04-08,0.0284473950056485
2020-04-09,-3.1263897483583936
2020-04-10,0.0
2020-04-11,0.0
2020-04-12,0.0
2020-04-13,3.939586763275482
2020-04-14,-0.8909769492384756
2020-04-15,0.1825755632957726
2020-04-16,0.0935615640588416
2020-04-17,-0.2368667722624895
2020-04-18,0.0
2020-04-19,0.0
2020-04-20,-0.1862947565448247
2020-04-21,-3.355259560500101
2020-04-22,0.1221759394447463
2020-04-23,0.2886290717259987
2020-04-24,-3.966950281064863
2020-04-25,0.0
2020-04-26,0.0
2020-04-27,1.56867688930995
2020-04-28,-12.256495975717774
2020-04-29,-0.7944141248761638
2020-04-30,-13.074495710539058
2020-05-01,-2.185883280699552
2020-05-02,0.0
2020-05-03,0.0
2020-05-04,1.7096891473161957
2020-05-05,0.0384126873605783
2020-05-06,-8.266316967974452
2020-05-07,-1.2887092190483451
2020-05-08,0.0574826993526844
2020-05-09,0.0
2020-05-10,0.0
2020-05-11,-0.589585607134957
2020-05-12,-0.6821056726423746
2020-05-13,0.3638593966875048
2020-05-14,-5.61442617611373
2020-05-15,-3.257518374083124
2020-05-16,0.0
2020-05-17,0.0
2020-05-18,-0.8769973026280908
2020-05-19,-1.78955751581944
2020-05-20,-1.147021500757539
2020-05-21,-0.0374752210864248
2020-05-22,-0.1804891873488756
2020-05-23,0.0
2020-05-24,0.0
2020-05-25,0.0
2020-05-26,-10.382162438733332
2020-05-27,-5.891286997026257
2020-05-28,-0.0840712892098638
2020-05-29,0.7260386085659265
2020-05-30,0.0
2020-05-31,0.0
2020-06-01,4.430723599915432
2020-06-02,0.3094817333008981
2020-06-03,-7.596407042594599
2020-06-04,-2.626527654221833
2020-06-05,-1.759065946060323
2020-06-06,0.0
2020-06-07,0.0
2020-06-08,3.903364528956521
2020-06-09,-8.601502239218217
2020-06-10,5.098985985674909
2020-06-11,2.9820972174334326
2020-06-12,1.293242789316107
2020-06-13,0.0
2020-06-14,0.0
2020-06-15,-12.959783931073709
2020-06-16,-7.001063541195308
2020-06-17,0.0019302784666441
2020-06-18,-0.1431343377053862
2020-06-19,-0.0074016529112319
2020-06-20,0.0
2020-06-21,0.0
2020-06-22,-2.5685501682763623
2020-06-23,-0.4789727363449403
2020-06-24,3.79996509313858
2020-06-25,-0.8123707708304839
2020-06-26,1.7016203026783527
2020-06-27,0.0
2020-06-28,0.0
2020-06-29,2.727027339650978
2020-06-30,4.933195581927574
2020-07-01,0.524731537776213
2020-07-02,5.439741829057421
2020-07-03,0.0
2020-07-04,0.0
2020-07-05,0.0
2020-07-06,14.042838981867046
2020-07-07,-0.8429924616742857
2020-07-08,0.9289098687734532
2020-07-09,-0.2198289448615997
2020-07-10,4.954056600069667
2020-07-11,0.0
2020-07-12,0.0
2020-07-13,2.065705817419694
2020-07-14,-2.409258896725941
2020-07-15,-1.1542156073562015
2020-07-16,1.7546369641916248
2020-07-17,-1.0380011855263491
2020-07-18,0.0
2020-07-19,0.0
2020-07-20,4.232461802780874
2020-07-21,1.2632740001220055
2020-07-22,-0.5586146006868464
2020-07-23,-0.463780818108539
2020-07-24,1.4961517593203857
2020-07-25,0.0
2020-07-26,0.0
2020-07-27,1.345877700057052
2020-07-28,1.034476781118654
2020-07-29,-0.3716972729746359
2020-07-30,0.330533869954297
2020-07-31,1.924037074474572
2020-08-01,0.0
2020-08-02,0.0
2020-08-03,0.2603093753485108
2020-08-04,-0.1770819417134528
2020-08-05,0.1261378674573432
2020-08-06,-2.105955556976302
2020-08-07,0.9916570355031684
2020-08-08,0.0
2020-08-09,0.0
2020-08-10,-0.1757356367654727
2020-08-11,0.2685511559743059
2020-08-12,6.515832685853651
2020-08-13,0.1855978053363571
2020-08-14,-2.674852166799402
2020-08-15,0.0
2020-08-16,0.0
2020-08-17,-2.899960511608524
2020-08-18,0.2123918847735328
2020-08-19,-0.3861409655945613
2020-08-20,1.8495456932680288
2020-08-21,-5.773331292035067
2020-08-22,0.0
2020-08-23,0.0
2020-08-24,-0.7186630789242421
2020-08-25,0.0124596937495891
2020-08-26,2.01273324165685
2020-08-27,-0.7835241845894458
2020-08-28,0.3278449467826849
2020-08-29,0.0
2020-08-30,0.0
2020-08-31,3.76045533406284
2020-09-01,0.1135694423558097
2020-09-02,3.616134637142476
2020-09-03,4.620287828242731
2020-09-04,-3.4361832561013994
2020-09-05,0.0
2020-09-06,0.0
2020-09-07,0.0
2020-09-08,29.934911411434072
2020-09-09,2.83594232435489
2020-09-10,-0.007748002744945
2020-09-11,-0.0768906573788474
2020-09-12,0.0
2020-09-13,0.0
2020-09-14,3.2903105186537607
2020-09-15,0.8590968611304151
2020-09-16,0.2771821083532133
2020-09-17,0.9208850055437924
2020-09-18,0.275883985139691
2020-09-19,0.0
2020-09-20,0.0
2020-09-21,-0.4842585897464335
2020-09-22,1.189240069583919
2020-09-23,3.961711856482242
2020-09-24,-3.8555368934832135
2020-09-25,0.1789590283437059
2020-09-26,0.0
2020-09-27,0.0
2020-09-28,0.1727912144332544
2020-09-29,-3.1430996224103613
2020-09-30,-0.059614560751886
2020-10-01,0.4669147399935625
2020-10-02,0.9340940725864444
2020-10-03,0.0
2020-10-04,0.0
2020-10-05,0.0215761119547686
2020-10-06,0.1590679411783924
2020-10-07,0.2106496475510866
2020-10-08,-1.231761688952493
2020-10-09,-0.3965391647957395
2020-10-10,0.0
2020-10-11,0.0
2020-10-12,0.0873294618882525
2020-10-13,-4.894531160842297
2020-10-14,-0.3229553953527753
2020-10-15,-1.0558011860914651
2020-10-16,-3.35809642154874
2020-10-17,0.0
2020-10-18,0.0
2020-10-19,-0.0691186481432737
2020-10-20,-26.99997072689837
2020-10-21,-7.464241017035878
2020-10-22,-0.0662365168925926
2020-10-23,0.2418017472931355
2020-10-24,0.0
2020-10-25,0.0
2020-10-26,-12.858062558902006
2020-10-27,-5.791137657882128
2020-10-28,2.045289481989321
2020-10-29,-1.850892931698167
2020-10-30,1.10679389816426
2020-10-31,0.0
2020-11-01,0.0
2020-11-02,1.1015220181485708
2020-11-03,0.4311917577556556
2020-11-04,-16.580284174609094
2020-11-05,1.8796635626087577
2020-11-06,-2.919710421368238
2020-11-07,0.0
2020-11-08,0.0
2020-11-09,-1.1135671148802873
2020-11-10,1.2028454884927209
2020-11-11,-0.5372940556604089
2020-11-12,-3.671631507942597
2020-11-13,-11.80386028400795
2020-11-14,0.0
2020-11-15,0.0
2020-11-16,-1.7665123886415055
2020-11-17,13.356108955693813
2020-11-18,15.747155734194251
2020-11-19,0.6413859254119858
2020-11-20,0.5845304810321084
2020-11-21,0.0
2020-11-22,0.0
2020-11-23,4.813712736419173
2020-11-24,4.16903994522797
2020-11-25,0.0449525848781329
2020-11-26,0.0
2020-11-27,-1.3979631466310316
2020-11-28,0.0
2020-11-29,0.0
2020-11-30,0.9657255777408612
2020-12-01,-0.5887816191481599
2020-12-02,0.5970941030372101
2020-12-03,1.1626011215149834
2020-12-04,-0.0148174901298259
2020-12-05,0.0
2020-12-06,0.0
2020-12-07,3.0968160528022315
2020-12-08,-0.2645901726927024
2020-12-09,8.251045491211407
2020-12-10,-2.863694831208874
2020-12-11,1.8042392832306573
2020-12-12,0.0
2020-12-13,0.0
2020-12-14,-4.299958262972092
2020-12-15,0.4988802691314964
2020-12-16,-0.9796114830592396
2020-12-17,1.1430160412396528
2020-12-18,1.339684212652359
2020-12-19,0.0
2020-12-20,0.0
2020-12-21,5.8213292791930105
2020-12-22,-0.3426762111940151
2020-12-23,-1.5870900242788255
2020-12-24,0.0777657350349514
2020-12-25,0.0
2020-12-26,0.0
2020-12-27,0.0
2020-12-28,-0.6559728273132781
2020-12-29,-0.4238537561863098
2020-12-30,0.3211720857622779
2020-12-31,-4.003369463349504
2021-01-01,0.0
2021-01-02,0.0
2021-01-03,0.0
2021-01-04,-7.357017095664853
2021-01-05,-0.1528974744106959
2021-01-06,-1.1614385795159057
2021-01-07,1.8301299242044375
2021-01-08,1.7840947679867991
2021-01-09,0.0
2021-01-10,0.0
2021-01-11,10.042531152240963
2021-01-12,1.0999725213246323
2021-01-13,-1.9255095590714588
2021-01-14,0.3016490974507402
2021-01-15,-0.3901467297032113
2021-01-16,0.0
2021-01-17,0.0
2021-01-18,0.0
2021-01-19,-0.8393617542716614
2021-01-20,0.0185320780576647
2021-01-21,-3.3349833615672897
2021-01-22,0.0411918843654435
2021-01-23,0.0
2021-01-24,0.0
2021-01-25,-7.04433664316687
2021-01-26,-0.6790660467315246
2021-01-27,-0.5661802398770899
2021-01-28,0.707443681837816
2021-01-29,4.125617789046387
2021-01-30,0.0
2021-01-31,0.0
2021-02-01,1.9751272195632108
2021-02-02,-1.1016206260426875
2021-02-03,-1.941320232906996
2021-02-04,-6.981371327164931
2021-02-05,-0.7624519972702304
2021-02-06,0.0
2021-02-07,0.0
2021-02-08,0.0161987831302612
2021-02-09,0.592763725341694
2021-02-10,5.22492510498016
2021-02-11,-0.0071037648526672
2021-02-12,-1.7225275290621234
2021-02-13,0.0
2021-02-14,0.0
2021-02-15,0.0
2021-02-16,0.9931039565961752
2021-02-17,-1.1931744419095502
2021-02-18,0.3242786780044415
2021-02-19,-0.8082485083725333
2021-02-20,0.0
2021-02-21,0.0
2021-02-22,2.1380129315619723
2021-02-23,-8.694299338023182
2021-02-24,-2.420889780118629
2021-02-25,5.738417598719958
2021-02-26,-0.2558594760386556
2021-02-27,0.0
2021-02-28,0.0
2021-03-01,6.615724817115143
2021-03-02,1.671808661989016
2021-03-03,1.1512128024840695
2021-03-04,1.6484254046275293
2021-03-05,0.8716923786870279
2021-03-06,0.0
2021-03-07,0.0
2021-03-08,2.3757816849787616
2021-03-09,32.32618034768129
2021-03-10,-0.0867928344698509
2021-03-11,1.7460342208823088
2021-03-12,-0.4537603337557261
2021-03-13,0.0
2021-03-14,0.0
2021-03-15,-0.947273079743749
2021-03-16,-1.476192399492604
2021-03-17,-0.1366309809414212
2021-03-18,2.51399573658313
2021-03-19,0.0745551667873378
2021-03-20,0.0
2021-03-21,0.0
2021-03-22,0.5278631849382709
2021-03-23,-0.2769168617218986
2021-03-24,0.9524885576149832
2021-03-25,-0.871917468562089
2021-03-26,0.2461238387235775
2021-03-27,0.0
2021-03-28,0.0
2021-03-29,-0.1303488553755283
2021-03-30,1.227063852286414
2021-03-31,1.8369489779555657
2021-04-01,-0.0277046743684783
2021-04-02,0.0
2021-04-03,0.0
2021-04-04,0.0
2021-04-05,1.3364167961011475
2021-04-06,-4.3375121833727714
2021-04-07,0.2511335906241863
2021-04-08,-2.1100441806561343
2021-04-09,-4.412569645292386
2021-04-10,0.0
2021-04-11,0.0
2021-04-12,0.8132964656837549
2021-04-13,2.00381574281121
2021-04-14,-0.3150584257831434
2021-04-15,-1.85066897672358
2021-04-16,-2.091292596904748
2021-04-17,0.0
2021-04-18,0.0
2021-04-19,-0.2420210437097059
2021-04-20,-3.338999028475942
2021-04-21,-26.19685299391774
2021-04-22,1.6860413065535873
2021-04-23,-2.5442429930885524
2021-04-24,0.0
2021-04-25,0.0
2021-04-26,0.0031154291356694
2021-04-27,2.676675984768329
2021-04-28,-2.5319964090065428
2021-04-29,-0.9987436751215272
2021-04-30,-4.77993370244667
2021-05-01,0.0
2021-05-02,0.0
2021-05-03,2.2470286603126555
2021-05-04,-0.2794859185614951
2021-05-05,-0.2005736506124789
2021-05-06,-3.847832100457216
2021-05-07,-0.1192167790675213
2021-05-08,0.0
2021-05-09,0.0
2021-05-10,5.520031289508953
2021-05-11,0.3392529077281825
2021-05-12,0.5199387445946613
2021-05-13,-3.214037009763593
2021-05-14,1.9832487625569104
2021-05-15,0.0
2021-05-16,0.0
2021-05-17,-3.1968627847493103
2021-05-18,0.0236125370183026
2021-05-19,-0.3661142843341514
2021-05-20,2.499467583799153
2021-05-21,0.0022041719750509
2021-05-22,0.0
2021-05-23,0.0
2021-05-24,0.9640040622505008
2021-05-25,-13.068183239343345
2021-05-26,-0.4416507699308902
2021-05-27,0.7775503557853503
2021-05-28,-0.0661420344676977
2021-05-29,0.0
2021-05-30,0.0
2021-05-31,0.0
2021-06-01,-1.7789794470012166
2021-06-02,1.0968908624310547
2021-06-03,1.1025507585857408
2021-06-04,4.066260221120466
2021-06-05,0.0
2021-06-06,0.0
2021-06-07,-0.2219273978717795
2021-06-08,-0.6139067671227738
2021-06-09,-3.136557212854818
2021-06-10,0.9298587770422806
2021-06-11,-0.8984977156507257
2021-06-12,0.0
2021-06-13,0.0
2021-06-14,-4.79043028689593
2021-06-15,-0.6414382131297636
2021-06-16,0.0320968909525598
2021-06-17,1.1296961931705374
2021-06-18,0.2246061011713429
2021-06-19,0.0
2021-06-20,0.0
2021-06-21,-0.5316322575924182
2021-06-22,-9.859925878152708
2021-06-23,5.73260427607214
2021-06-24,-3.447193922856906
2021-06-25,-2.780059712677552
2021-06-26,0.0
2021-06-27,0.0
2021-06-28,-0.7996956993833515
2021-06-29,-1.330618774097203
2021-06-30,0.1043101632537402
2021-07-01,-2.6234948876555757
2021-07-02,-3.776113071228904
2021-07-03,0.0
2021-07-04,0.0
2021-07-05,0.0
2021-07-06,2.936641409982621
2021-07-07,-2.8988661529855464
2021-07-08,0.2604820534319652
2021-07-09,-1.4535981012397614
2021-07-10,0.0
2021-07-11,0.0
2021-07-12,4.532113295432549
2021-07-13,1.976789795190204
2021-07-14,1.773265157500492
2021-07-15,-2.979434557852412
2021-07-16,-10.290221396762789
2021-07-17,0.0
2021-07-18,0.0
2021-07-19,-6.777655202103372
2021-07-20,1.3534738843910654
2021-07-21,0.3678698124955692
2021-07-22,0.1190927931582042
2021-07-23,-0.6119226345746576
2021-07-24,0.0
2021-07-25,0.0
2021-07-26,1.6240044934354714
2021-07-27,1.4564124365333608
2021-07-28,-4.219635605585815
2021-07-29,7.5392532492885245
2021-07-30,-0.4748775902242319
2021-07-31,0.0
2021-08-01,0.0
2021-08-02,2.8188548469738173
2021-08-03,-0.1872194089490242
2021-08-04,0.0272619175534449
2021-08-05,-8.625219115452632
2021-08-06,-2.260578356910925
2021-08-07,0.0
2021-08-08,0.0
2021-08-09,0.888568252935662
2021-08-10,-2.231764462682984
2021-08-11,-0.6821547813763318
2021-08-12,1.5624457648342638
2021-08-13,0.2761255484824643
2021-08-14,0.0
2021-08-15,0.0
2021-08-16,8.96538072341173
2021-08-17,0.321495075204159
2021-08-18,1.9391818640261071
2021-08-19,1.7345233927256398
2021-08-20,0.1862825402068724
2021-08-21,0.0
2021-08-22,0.0
2021-08-23,-1.4690611964881084
2021-08-24,-2.6437096640822944
2021-08-25,-2.487683367438187
2021-08-26,0.9535215306231136
2021-08-27,-0.0448778181309172
2021-08-28,0.0
2021-08-29,0.0
2021-08-30,2.007941529570756
2021-08-31,-1.216917043188015
2021-09-01,-0.3913793940227728
2021-09-02,-0.5300903525087386
2021-09-03,-0.6795982787451305
2021-09-04,0.0
2021-09-05,0.0
2021-09-06,0.0
2021-09-07,0.6513749497083277
2021-09-08,-2.385180802143128
2021-09-09,0.0493290929013179
2021-09-10,-3.929558137143197
2021-09-11,0.0
2021-09-12,0.0
2021-09-13,-0.4398178891555471
2021-09-14,-4.221575916131314
2021-09-15,0.8581150958751227
2021-09-16,0.0006218374688726
2021-09-17,-0.0409209795081189
2021-09-18,0.0
2021-09-19,0.0
2021-09-20,5.381220822611343
2021-09-21,-1.1181203329252989
2021-09-22,0.8416669244389219
2021-09-23,-0.1135366484844913
2021-09-24,1.3238110577701745
2021-09-25,0.0
2021-09-26,0.0
2021-09-27,1.1159532025268426
2021-09-28,-8.13193971563615
2021-09-29,-6.360716940552336
2021-09-30,-4.312436752927917
2021-10-01,-4.561040357245494
2021-10-02,0.0
2021-10-03,0.0
2021-10-04,-0.1166549016166196
2021-10-05,-7.888285909493941
2021-10-06,0.0021496756518635
2021-10-07,0.8542625973378071
2021-10-08,-1.0067689225711662
2021-10-09,0.0
2021-10-10,0.0
2021-10-11,-0.926341999926561
2021-10-12,-2.80562178863063
2021-10-13,0.0041727359867183
2021-10-14,-0.0197235918041882
2021-10-15,5.244281037214327
2021-10-16,0.0
2021-10-17,0.0
2021-10-18,5.292867620941477
2021-10-19,-2.134191884705905
2021-10-20,-0.0234315113348482
2021-10-21,5.170555896306328
2021-10-22,-5.959170596271712
2021-10-23,0.0
2021-10-24,0.0
2021-10-25,69.06748145604863
2021-10-26,0.5624124162187494
2021-10-27,0.1297506287161631
2021-10-28,1.51030617015262
2021-10-29,0.9691157008939076
2021-10-30,0.0
2021-10-31,0.0
2021-11-01,3.736525447305028
2021-11-02,4.9549824204981
2021-11-03,0.7927089758618999
2021-11-04,-0.3833383276641178
2021-11-05,0.7536791159240552
2021-11-06,0.0
2021-11-07,0.0
2021-11-08,7.93191704716889
2021-11-09,28.598766506944195
2021-11-10,1.1159191460760942
2021-11-11,-0.1137490516136874
2021-11-12,1.4554138379284651
2021-11-13,0.0
2021-11-14,0.0
2021-11-15,0.8365948166689119
2021-11-16,0.8278237121490228
2021-11-17,0.3950829136424971
2021-11-18,0.0086617998381166
2021-11-19,0.1393751068586191
2021-11-20,0.0
2021-11-21,0.0
2021-11-22,0.0043331919056477
2021-11-23,2.768206105822868
2021-11-24,0.0028373065004361
2021-11-25,0.0
2021-11-26,1.5418649022988395
2021-11-27,0.0
2021-11-28,0.0
2021-11-29,1.0680928773002751
2021-11-30,-0.4218888955629163
2021-12-01,2.2538856010816843
2021-12-02,0.2219319531362673
2021-12-03,3.752812250380444
2021-12-04,0.0
2021-12-05,0.0
2021-12-06,-0.0695995539505389
2021-12-07,-10.047671436383856
2021-12-08,0.1628790122341961
2021-12-09,3.4596224844750667
2021-12-10,-1.1577824675229609
2021-12-11,0.0
2021-12-12,0.0
2021-12-13,0.8327653019794212
2021-12-14,-7.260078003272497
2021-12-15,0.0597453727287256
2021-12-16,0.1281917885232797
2021-12-17,-0.2787175734396019
2021-12-18,0.0
2021-12-19,0.0
2021-12-20,0.6966704095506149
2021-12-21,0.9260802236436216
2021-12-22,-10.34610717419272
2021-12-23,1.6928503895301097
2021-12-24,0.0
2021-12-25,0.0
2021-12-26,0.0
2021-12-27,0.7105868508658686
2021-12-28,-1.054151445305607
2021-12-29,-0.5599533873413165
2021-12-30,-1.5571220389755336
2021-12-31,-1.152137222777283
2022-01-01,0.0
2022-01-02,0.0
2022-01-03,19.16128360214797
2022-01-04,0.7130069561277486
2022-01-05,2.3683275783932256
2022-01-06,-1.0968542165327388
2022-01-07,0.9735763111942796
2022-01-08,0.0
2022-01-09,0.0
2022-01-10,0.1282735594358985
2022-01-11,-2.2759363584709646
2022-01-12,1.4125918286042485
2022-01-13,2.5011111734073666
2022-01-14,0.2491599742971084
2022-01-15,0.0
2022-01-16,0.0
2022-01-17,0.0
2022-01-18,-3.484384974748189
2022-01-19,1.0427318500303873
2022-01-20,-1.6295844889295583
2022-01-21,2.037995870687248
2022-01-22,0.0
2022-01-23,0.0
2022-01-24,-3.068411178682229
2022-01-25,-0.1568505817309162
2022-01-26,-1.7836562961537572
2022-01-27,13.17586903200354
2022-01-28,0.0929367693819571
2022-01-29,0.0
2022-01-30,0.0
2022-01-31,6.1500484185204485
2022-02-01,0.0006714071209001
2022-02-02,-0.3347894650408078
2022-02-03,-1.0901600553768986
2022-02-04,-2.926695595279505
2022-02-05,0.0
2022-02-06,0.0
2022-02-07,-2.583698479163743
2022-02-08,-0.3621556440043916
2022-02-09,0.2063272134433136
2022-02-10,0.4493732305797193
2022-02-11,1.4275355148413382
2022-02-12,0.0
2022-02-13,0.0
2022-02-14,0.4406614172821177
2022-02-15,-11.519327905904852
2022-02-16,-1.0757343263843475
2022-02-17,-0.2413914676693718
2022-02-18,0.0172128331239251
2022-02-19,0.0
2022-02-20,0.0
2022-02-21,0.0
2022-02-22,0.382976013995373
2022-02-23,2.3962282962027404
2022-02-24,2.746320998766727
2022-02-25,-1.6810252454926844
2022-02-26,0.0
2022-02-27,0.0
2022-02-28,2.3314316167354576
2022-03-01,-0.475762550871317
2022-03-02,0.3530160536565629
2022-03-03,0.7852097045932593
2022-03-04,-0.0168993884326451
2022-03-05,0.0
2022-03-06,0.0
2022-03-07,-0.9355724933545972
2022-03-08,0.6417580516232535
2022-03-09,1.5935281262360768
2022-03-10,-0.0780380780471046
2022-03-11,-10.543465476648617
2022-03-12,0.0
2022-03-13,0.0
2022-03-14,0.7105337029282399
2022-03-15,-9.418900205145208
2022-03-16,3.210763558744567
2022-03-17,1.0207331137544795
2022-03-18,1.4055105196967732
2022-03-19,0.0
2022-03-20,0.0
2022-03-21,-1.0745868287861282
2022-03-22,5.804641759430518
2022-03-23,-0.1725050985898812
2022-03-24,0.0807922369209457
2022-03-25,-1.090712276816308
2022-03-26,0.0
2022-03-27,0.0
2022-03-28,2.007741526330076
2022-03-29,-0.1083826123347453
2022-03-30,-1.952665656815289
2022-03-31,0.4213260125499163
2022-04-01,-3.622802399439196
2022-04-02,0.0
2022-04-03,0.0
2022-04-04,1.3269966703036262
2022-04-05,0.7439655862269579
2022-04-06,-4.457789867922635
2022-04-07,-1.6353662005469285
2022-04-08,1.83610471537814
2022-04-09,0.0
2022-04-10,0.0
2022-04-11,-1.5711619778234651
2022-04-12,-0.0882993683094857
2022-04-13,0.9222438469511428
2022-04-14,-1.1388117824160604
2022-04-15,0.0
2022-04-16,0.0
2022-04-17,0.0
2022-04-18,0.17194290113407
2022-04-19,-2.526398339044356
2022-04-20,3.811057403922047
2022-04-21,-0.6842419215231543
2022-04-22,-0.9873926890960228
2022-04-23,0.0
2022-04-24,0.0
2022-04-25,-4.190841123082345
2022-04-26,20.217741375230204
2022-04-27,-1.6047556194755286
2022-04-28,-1.8596720001424203
2022-04-29,-1.2211066782320756
2022-04-30,0.0
2022-05-01,0.0
2022-05-02,-0.1324432750106075
2022-05-03,-0.2608547838613972
2022-05-04,-3.843677801028045
2022-05-05,7.483222084192587
2022-05-06,-0.3549827350356249
2022-05-07,0.0
2022-05-08,0.0
2022-05-09,7.27242188947721
2022-05-10,-5.935784331178507
2022-05-11,4.782333051158716
2022-05-12,-0.0371645014079935
2022-05-13,3.9185264400473097
2022-05-14,0.0
2022-05-15,0.0
2022-05-16,1.5695146374299809
2022-05-17,-0.4585602182833881
2022-05-18,1.5568144554977348
2022-05-19,-0.5089932573801859
2022-05-20,1.587317917849429
2022-05-21,0.0
2022-05-22,0.0
2022-05-23,0.5364338882338116
2022-05-24,1.507551775169147
2022-05-25,2.2405985338367573
2022-05-26,3.2499110438252377
2022-05-27,3.706976607366364
2022-05-28,0.0
2022-05-29,0.0
2022-05-30,0.0
2022-05-31,-0.4517271585640636
2022-06-01,-0.5697425575226345
2022-06-02,0.7944798957696619
2022-06-03,3.4237641248048734
2022-06-04,0.0
2022-06-05,0.0
2022-06-06,0.3907583086273369
2022-06-07,0.0952796578610248
2022-06-08,-8.259047981197442
2022-06-09,-0.0964760506995343
2022-06-10,0.3895424672227587
2022-06-11,0.0
2022-06-12,0.0
2022-06-13,2.7229070907715647
2022-06-14,-0.6334619622474613
2022-06-15,2.2938399226985373
2022-06-16,1.671547558649844
2022-06-17,-2.874037082170555
2022-06-18,0.0
2022-06-19,0.0
2022-06-20,0.0
2022-06-21,5.715065184870172
2022-06-22,-4.583391526914438
2022-06-23,-0.2465038713799772
2022-06-24,-3.052906895259533
2022-06-25,0.0
2022-06-26,0.0
2022-06-27,-0.0384752715091529
2022-06-28,-0.4981505831682997
2022-06-29,-2.067998202106536
2022-06-30,-1.7940020116979485
2022-07-01,-3.136818545278597
2022-07-02,0.0
2022-07-03,0.0
2022-07-04,0.0
2022-07-05,0.5140841474675417
2022-07-06,-3.3666883141438064
2022-07-07,1.9528137932569576
2022-07-08,-4.225771175456261
2022-07-09,0.0
2022-07-10,0.0
2022-07-11,2.701346122393544
2022-07-12,-4.034727025605189
2022-07-13,-4.295187345984508
2022-07-14,0.0521124472141254
2022-07-15,-0.4027355370582297
2022-07-16,0.0
2022-07-17,0.0
2022-07-18,-2.141777608715012
2022-07-19,-9.1894032077652
2022-07-20,-0.2016418630262584
2022-07-21,9.45500008631015
2022-07-22,-0.0645180128602929
2022-07-23,0.0
2022-07-24,0.0
2022-07-25,0.1590967104746043
2022-07-26,0.3505381428030141
2022-07-27,-3.4662084086545364
2022-07-28,-0.0543925046631921
2022-07-29,0.28716122516379
2022-07-30,0.0
2022-07-31,0.0
2022-08-01,-10.94679107521822
2022-08-02,-0.0489792539116629
2022-08-03,-8.711816200508594
2022-08-04,-0.22876089942786
2022-08-05,8.86344584428167
2022-08-06,0.0
2022-08-07,0.0
2022-08-08,-2.003394351616528
2022-08-09,1.170478948836018
2022-08-10,-3.282344535969095
2022-08-11,0.7585705793856201
2022-08-12,0.994049720032586
2022-08-13,0.0
2022-08-14,0.0
2022-08-15,0.5962536346328706
2022-08-16,0.1529405308391185
2022-08-17,0.122355495677362
2022-08-18,-2.7988014661907035
2022-08-19,0.5684918222437885
2022-08-20,0.0
2022-08-21,0.0
2022-08-22,-7.096799913045537
2022-08-23,0.0831810891154916
2022-08-24,-0.0885745490785239
2022-08-25,0.1944528162044934
2022-08-26,1.9531213425846072
2022-08-27,0.0
2022-08-28,0.0
2022-08-29,0.4648043743193275
2022-08-30,1.0798205387095194
2022-08-31,0.1795968732014818
2022-09-01,-14.197176840513093
2022-09-02,1.3977204061665471
2022-09-03,0.0
2022-09-04,0.0
2022-09-05,0.0
2022-09-06,0.0546438487064593
2022-09-07,-1.0036586309453033
2022-09-08,-6.660974499685635
2022-09-09,1.7556683588740851
2022-09-10,0.0
2022-09-11,0.0
2022-09-12,-6.866359158610392
2022-09-13,4.56325428863964
2022-09-14,2.782457018839968
2022-09-15,-1.1689032995345627
2022-09-16,-0.0474406997025056
2022-09-17,0.0
2022-09-18,0.0
2022-09-19,-11.61528678815994
2022-09-20,-0.0639663200339479
2022-09-21,0.222120227547129
2022-09-22,1.1282221674738355
2022-09-23,4.336483627292331
2022-09-24,0.0
2022-09-25,0.0
2022-09-26,-6.492600446718921
2022-09-27,-1.111718211637458
2022-09-28,1.1095273767405267
2022-09-29,13.450637439866586
2022-09-30,0.1133284130668599
2022-10-01,0.0
2022-10-02,0.0
2022-10-03,15.794764575287324
2022-10-04,1.634324990007352
2022-10-05,0.0983254982876769
2022-10-06,-0.1253952995274976
2022-10-07,5.572341591008367
2022-10-08,0.0
2022-10-09,0.0
2022-10-10,-0.4226005309961089
2022-10-11,0.6682602281171013
2022-10-12,-0.2093057169210488
2022-10-13,1.2557509353664065
2022-10-14,7.024769696972544
2022-10-15,0.0
2022-10-16,0.0
2022-10-17,7.246754903063746
2022-10-18,-0.4629850241734012
2022-10-19,-1.7114697917909316
2022-10-20,3.226950470779477
2022-10-21,-0.1519447250587169
2022-10-22,0.0
2022-10-23,0.0
2022-10-24,-0.8612563180239619
2022-10-25,3.4065291088620557
2022-10-26,-1.8142619046777164
2022-10-27,-0.0518555007793852
2022-10-28,0.6257905565661304
2022-10-29,0.0
2022-10-30,0.0
2022-10-31,-0.8911615747538737
2022-11-01,0.0550778159143172
2022-11-02,2.2880539081319595
2022-11-03,-0.9017063571269636
2022-11-04,-0.7276794967118305
2022-11-05,0.0
2022-11-06,0.0
2022-11-07,1.7182827275251888
2022-11-08,-1.1667521772212974
2022-11-09,2.861532299562985
2022-11-10,4.183675568445411
2022-11-11,1.3988518027029162
2022-11-12,0.0
2022-11-13,0.0
2022-11-14,-6.191697842611954
2022-11-15,-0.7273464818600583
2022-11-16,0.2624402072795018
2022-11-17,0.1416773492094458
2022-11-18,-3.5838021360457883
2022-11-19,0.0
2022-11-20,0.0
2022-11-21,4.424502643212813
2022-11-22,0.0095925776553151
2022-11-23,6.921972563072587
2022-11-24,0.0
2022-11-25,-0.6453518436869476
2022-11-26,0.0
2022-11-27,0.0
2022-11-28,-5.243346534298765
2022-11-29,-5.760000042719482
2022-11-30,7.147753547610836
2022-12-01,-0.1470592777661039
2022-12-02,-4.582959872753134
2022-12-03,0.0
2022-12-04,0.0
2022-12-05,2.7576744555631194
2022-12-06,-0.0095451412768343
2022-12-07,-3.012907115777008
2022-12-08,-0.3609571315486892
2022-12-09,1.7255698852684187
2022-12-10,0.0
2022-12-11,0.0
2022-12-12,2.8141894711970705
2022-12-13,0.9643089856904652
2022-12-14,0.025680336645939
2022-12-15,-1.9896623269514024
2022-12-16,1.3178107856520738
2022-12-17,0.0
2022-12-18,0.0
2022-12-19,-0.6136442920254392
2022-12-20,3.8581261642211873
2022-12-21,-0.2381832490809032
2022-12-22,2.662028138141248
2022-12-23,-6.976136365070063
2022-12-24,0.0
2022-12-25,0.0
2022-12-26,0.0
2022-12-27,9.29059566170558
2022-12-28,2.316604670129241
2022-12-29,6.526508882281923
2022-12-30,0.0484752265178078
2022-12-31,0.0
2023-01-01,0.0
2023-01-02,0.0
2023-01-03,9.683257821010894
2023-01-04,2.790440475963707
2023-01-05,-1.795067335216105
2023-01-06,0.4926740102602078
2023-01-07,0.0
2023-01-08,0.0
2023-01-09,-1.7825485194189694
2023-01-10,-0.0716599671111484
2023-01-11,1.468702214015627
2023-01-12,0.1530779317397979
2023-01-13,-4.954529035493993
2023-01-14,0.0
2023-01-15,0.0
2023-01-16,0.0
2023-01-17,4.855010098370172
2023-01-18,-0.0939809826805637
2023-01-19,-1.7816836930543145
2023-01-20,2.242390571672237
2023-01-21,0.0
2023-01-22,0.0
2023-01-23,3.835824956758716
2023-01-24,0.0260099274485225
2023-01-25,-0.8014446854681112
2023-01-26,4.669619341884457
2023-01-27,4.671689715371197
2023-01-28,0.0
2023-01-29,0.0
2023-01-30,1.8439788135831137
2023-01-31,0.6087441532613536
2023-02-01,-0.5128173457248919
2023-02-02,0.3884264023920281
2023-02-03,-4.154714643413804
2023-02-04,0.0
2023-02-05,0.0
2023-02-06,0.0120149197736729
2023-02-07,-5.94653733211572
2023-02-08,-0.6197367120663544
2023-02-09,-12.129542888494637
2023-02-10,3.6946621536690714
2023-02-11,0.0
2023-02-12,0.0
2023-02-13,-2.0316741710263986
2023-02-14,2.2311926445033547
2023-02-15,-17.48512466010522
2023-02-16,5.516422491030681
2023-02-17,-2.206852910486823
2023-02-18,0.0
2023-02-19,0.0
2023-02-20,0.0
2023-02-21,5.125176546368859
2023-02-22,-1.393753651431684
2023-02-23,-0.4537068437593161
2023-02-24,1.3032238751919722
2023-02-25,0.0
2023-02-26,0.0
2023-02-27,1.0217233142813864
2023-02-28,-0.0065847438999844
2023-03-01,-1.922909890037261
2023-03-02,3.802931753977545
2023-03-03,-0.2001306330829844
2023-03-04,0.0
2023-03-05,0.0
2023-03-06,-0.0276431749264172
2023-03-07,-1.9241245995853085
2023-03-08,1.291882718775561
2023-03-09,2.8289707728874625
2023-03-10,-8.372101044369751
2023-03-11,0.0
2023-03-12,0.0
2023-03-13,-10.824466949530445
2023-03-14,-2.61540115068144
2023-03-15,-1.2906497247999416
2023-03-16,-2.2181286173908576
2023-03-17,-1.3114219357881374
2023-03-18,0.0
2023-03-19,0.0
2023-03-20,0.3291530420521882
2023-03-21,6.8592060405713084
2023-03-22,1.1696942613818484
2023-03-23,-0.6198175990274168
2023-03-24,-1.1569048666173587
2023-03-25,0.0
2023-03-26,0.0
2023-03-27,-3.002893632314574
2023-03-28,0.0695585201291093
2023-03-29,-6.519624010177639
2023-03-30,-0.8988611244750033
2023-03-31,0.7403851766667913
2023-04-01,0.0
2023-04-02,0.0
2023-04-03,4.310965725793992
2023-04-04,-3.742412693748309
2023-04-05,1.3323863316495157
2023-04-06,-0.1125294774990792
2023-04-07,0.0
2023-04-08,0.0
2023-04-09,0.0
2023-04-10,-0.8067199167595351
2023-04-11,-4.40866708508687
2023-04-12,1.413006942828332
2023-04-13,1.511010313593064
2023-04-14,-5.342908319029172
2023-04-15,0.0
2023-04-16,0.0
2023-04-17,-2.0860638687037136
2023-04-18,-0.3161803935370577
2023-04-19,-1.032382856497871
2023-04-20,15.63331492336879
2023-04-21,-2.950942604126494
2023-04-22,0.0
2023-04-23,0.0
2023-04-24,0.2339990639996125
2023-04-25,0.0189780250443805
2023-04-26,-1.859261446226157
2023-04-27,2.9599854716784613
2023-04-28,0.3927614611060059
2023-04-29,0.0
2023-04-30,0.0
2023-05-01,-0.283440758679121
2023-05-02,-0.5948906477531546
2023-05-03,-9.778518803018745
2023-05-04,-1.0934381089695355
2023-05-05,5.763084117964623
2023-05-06,0.0
2023-05-07,0.0
2023-05-08,0.2568009685697037
2023-05-09,0.0197008481372717
2023-05-10,-0.15115360465211
2023-05-11,-0.3154465529371486
2023-05-12,0.3992818113376373
2023-05-13,0.0
2023-05-14,0.0
2023-05-15,-7.367301256450364
2023-05-16,-6.1073884844107145
2023-05-17,4.554623805154145
2023-05-18,-1.605987425481259
2023-05-19,0.7500018450653068
2023-05-20,0.0
2023-05-21,0.0
2023-05-22,4.310441363683859
2023-05-23,0.2534104755972821
2023-05-24,-1.670845095194884
2023-05-25,-1.4615205970874734
2023-05-26,3.8378052799316498
2023-05-27,0.0
2023-05-28,0.0
2023-05-29,0.0
2023-05-30,2.473525330595727
2023-05-31,-0.3285648705027455
2023-06-01,-0.7084918114169336
2023-06-02,-22.17505172573624
2023-06-03,0.0
2023-06-04,0.0
2023-06-05,0.1334048603138349
2023-06-06,-1.677045158013235
2023-06-07,-1.4376493954263547
2023-06-08,-6.832990256889815
2023-06-09,-0.2238722865080866
2023-06-10,0.0
2023-06-11,0.0
2023-06-12,-0.2320723220511467
2023-06-13,-1.7628958165467057
2023-06-14,-0.350809627477644
2023-06-15,0.643051952387097
2023-06-16,-0.515229820563845
2023-06-17,0.0
2023-06-18,0.0
2023-06-19,0.0
2023-06-20,-0.40372186041433
2023-06-21,17.108425045676935
2023-06-22,-2.348995470972614
2023-06-23,4.74248864025939
2023-06-24,0.0
2023-06-25,0.0
2023-06-26,13.475261261587136
2023-06-27,-1.403545350097335
2023-06-28,-0.9459757813656268
2023-06-29,-0.1877187473438346
2023-06-30,-1.782184076848492
2023-07-01,0.0
2023-07-02,0.0
2023-07-03,5.771382168293027
2023-07-04,0.0
2023-07-05,0.044645731291415
2023-07-06,0.2182444723505927
2023-07-07,-0.8657262597238979
2023-07-08,0.0
2023-07-09,0.0
2023-07-10,0.2513279397650336
2023-07-11,0.2536452910189224
2023-07-12,-2.2630026035668998
2023-07-13,-1.56553522291194
2023-07-14,-0.0120193537716861
2023-07-15,0.0
2023-07-16,0.0
2023-07-17,0.798022504572593
2023-07-18,-0.813914136079763
2023-07-19,0.5302809930133989
2023-07-20,22.660070855429936
2023-07-21,0.2499721603673954
2023-07-22,0.0
2023-07-23,0.0
2023-07-24,-1.0283402768164085
2023-07-25,-1.413308712342598
2023-07-26,-0.5143683147937117
2023-07-27,-0.0202953886987211
2023-07-28,2.314491126098428
2023-07-29,0.0
2023-07-30,0.0
2023-07-31,-0.0248183239421551
2023-08-01,0.4498334826307015
2023-08-02,-3.0712163844629714
2023-08-03,-3.8444256454006953
2023-08-04,0.0147551598503881
2023-08-05,0.0
2023-08-06,0.0
2023-08-07,-1.3063766079066563
2023-08-08,-6.610623291091811
2023-08-09,-0.8567039518206476
2023-08-10,-0.8238822648996114
2023-08-11,0.0835613591526618
2023-08-12,0.0
2023-08-13,0.0
2023-08-14,-0.5201210005565282
2023-08-15,-9.243433346420415
2023-08-16,0.8933057504344699
2023-08-17,0.6036464005798159
2023-08-18,0.1984779815217496
2023-08-19,0.0
2023-08-20,0.0
2023-08-21,12.705104237191156
2023-08-22,0.2588144957833993
2023-08-23,0.4490777423171277
2023-08-24,-0.2904001269646405
2023-08-25,2.599618466165343
2023-08-26,0.0
2023-08-27,0.0
2023-08-28,-2.3518497545536587
2023-08-29,10.381586726379568
2023-08-30,0.003236063417189
2023-08-31,-15.954454551685426
2023-09-01,5.034547376978016
2023-09-02,0.0
2023-09-03,0.0
2023-09-04,0.0
2023-09-05,1.8189837526752628
2023-09-06,0.2011058858780723
2023-09-07,-0.0060158069624449
2023-09-08,-1.6596559171484948
2023-09-09,0.0
2023-09-10,0.0
2023-09-11,13.320168667676358
2023-09-12,0.7553040144163692
2023-09-13,-0.6182238747016178
2023-09-14,-0.8934009655640285
2023-09-15,-0.3780723947829467
2023-09-16,0.0
2023-09-17,0.0
2023-09-18,1.0857860349033688
2023-09-19,-0.1731154338239671
2023-09-20,0.2905520439050901
2023-09-21,-0.3505355938514976
2023-09-22,2.6166897313636195
2023-09-23,0.0
2023-09-24,0.0
2023-09-25,-0.0815460537528234
2023-09-26,-0.0102252382731982
2023-09-27,-0.8830180304120194
2023-09-28,-0.9629658208716974
2023-09-29,-1.3289995319377912
2023-09-30,0.0
2023-10-01,0.0
2023-10-02,-0.7210792213855788
2023-10-03,-6.129182355796203
2023-10-04,4.971999205498379
2023-10-05,-0.1386042898308126
2023-10-06,-1.697409864307864
2023-10-07,0.0
2023-10-08,0.0
2023-10-09,-1.7037590064758246
2023-10-10,0.2352441530697024
2023-10-11,-9.0323689245016
2023-10-12,0.528300851798047
2023-10-13,1.7395953771601969
2023-10-14,0.0
2023-10-15,0.0
2023-10-16,-5.13250017546466
2023-10-17,-4.47194192795023
2023-10-18,4.6446374156766
2023-10-19,17.676146429313743
2023-10-20,1.5660406960599005
2023-10-21,0.0
2023-10-22,0.0
2023-10-23,-17.347851617158838
2023-10-24,1.2932538304773369
2023-10-25,-0.7338987652168893
2023-10-26,-0.3653561640713842
2023-10-27,0.6043456480735898
2023-10-28,0.0
2023-10-29,0.0
2023-10-30,2.094231483618314
2023-10-31,1.0992331859725146
2023-11-01,2.049133380148937
2023-11-02,7.750793826207447
2023-11-03,-2.3532129130509394
2023-11-04,0.0
2023-11-05,0.0
2023-11-06,-0.2681280148715048
2023-11-07,0.3778133505401904
2023-11-08,-0.2433066459376909
2023-11-09,3.3482932874126625
2023-11-10,0.5154399689289546
2023-11-11,0.0
2023-11-12,0.0
2023-11-13,3.221947613502807
2023-11-14,5.2791595206825415
2023-11-15,-4.158068833467377
2023-11-16,1.914655079464556
2023-11-17,0.0207208280991855
2023-11-18,0.0
2023-11-19,0.0
2023-11-20,0.1154076417730465
2023-11-21,0.5426307227595517
2023-11-22,0.9612527532768756
2023-11-23,0.0
2023-11-24,-0.1031913498573455
2023-11-25,0.0
2023-11-26,0.0
2023-11-27,-1.0527498825067094
2023-11-28,2.722694177516005
2023-11-29,0.0861653880878332
2023-11-30,-2.835419022313268
2023-12-01,-15.147848048228251
2023-12-02,0.0
2023-12-03,0.0
2023-12-04,-2.787980689798808
2023-12-05,0.1681822888448536
2023-12-06,-0.6152436119307825
2023-12-07,-0.9348690232743871
2023-12-08,-3.009232660818739
2023-12-09,0.0
2023-12-10,0.0
2023-12-11,1.1238280891868513
2023-12-12,-6.298180967360844
2023-12-13,-0.308323928858234
2023-12-14,3.6574569778660138
2023-12-15,-7.492872693020402
2023-12-16,0.0
2023-12-17,0.0
2023-12-18,0.2926754251977526
2023-12-19,0.4684034941422554
2023-12-20,5.133859468688029
2023-12-21,1.5490341644047056
2023-12-22,-9.22699761651743
2023-12-23,0.0
2023-12-24,0.0
2023-12-25,0.0
2023-12-26,-0.4609559791193707
2023-12-27,-3.3650794524235472
2023-12-28,-6.032320698405147
2023-12-29,-0.1448190554879547
2023-12-30,0.0
2023-12-31,0.0
2024-01-01,0.0
2024-01-02,-6.052838893774637
2024-01-03,7.089188782742584
2024-01-04,-0.0674589068750064
2024-01-05,-2.006863400843517
2024-01-06,0.0
2024-01-07,0.0
2024-01-08,-2.754938440430033
2024-01-09,2.0687397175463085
2024-01-10,0.0347988299114865
2024-01-11,-5.12794119336678
2024-01-12,4.586563744498129
2024-01-13,0.0
2024-01-14,0.0
2024-01-15,0.0
2024-01-16,-0.4596306087112811
2024-01-17,1.0824492750440615
2024-01-18,0.3155578155417338
2024-01-19,-0.9923173372155648
2024-01-20,0.0
2024-01-21,0.0
2024-01-22,0.3556016703509135
2024-01-23,-1.1365521885203234
2024-01-24,-0.3933416382171595
2024-01-25,47.29810057172345
2024-01-26,0.2585949669438925
2024-01-27,0.0
2024-01-28,0.0
2024-01-29,3.735734277872238
2024-01-30,-5.230707071388984
2024-01-31,-0.3720016516102986
2024-02-01,0.5901635237646419
2024-02-02,-1.6728120124513968
2024-02-03,0.0
2024-02-04,0.0
2024-02-05,-0.3092050358796561
2024-02-06,-1.0287115348450282
2024-02-07,1.0831817807395172
2024-02-08,-0.4963670322621127
2024-02-09,0.2671347933545176
2024-02-10,0.0
2024-02-11,0.0
2024-02-12,-0.285860159625384
2024-02-13,0.1373226448515785
2024-02-14,2.167546919765728
2024-02-15,6.31832154823575
2024-02-16,-0.003596211280088
2024-02-17,0.0
2024-02-18,0.0
2024-02-19,0.0
2024-02-20,1.011128844994191
2024-02-21,-0.3671836725356758
2024-02-22,0.1909063574498493
2024-02-23,0.7624089929370914
2024-02-24,0.0
2024-02-25,0.0
2024-02-26,2.1085089939434587
2024-02-27,-1.7137738431548089
2024-02-28,0.240241964559118
2024-02-29,-0.4835386818248688
2024-03-01,-0.3272754581084891
2024-03-02,0.0
2024-03-03,0.0
2024-03-04,7.901771633309762
2024-03-05,1.5650719076563346
2024-03-06,0.3849054513255456
2024-03-07,0.3934424156923022
2024-03-08,-23.43372506953529
2024-03-09,0.0
2024-03-10,0.0
2024-03-11,0.4556632231385027
2024-03-12,-4.174833146361834
2024-03-13,4.338887441650385
2024-03-14,2.391666148222993
2024-03-15,-0.0930242957004279
2024-03-16,0.0
2024-03-17,0.0
2024-03-18,8.484302407528666
2024-03-19,-1.9635502224908288
2024-03-20,0.2818261426779767
2024-03-21,-0.0826643791421166
2024-03-22,-0.2128029982487178
2024-03-23,0.0
2024-03-24,0.0
2024-03-25,-0.7669887716307611
2024-03-26,0.6565311578745847
2024-03-27,-0.4753836060178429
2024-03-28,-0.5117994021179961
2024-03-29,0.0
2024-03-30,0.0
2024-03-31,0.0
2024-04-01,-8.190418530414822
2024-04-02,4.516855532774033
2024-04-03,-0.9041297589107544
2024-04-04,0.7014173748028707
2024-04-05,1.3911587050914775
2024-04-06,0.0
2024-04-07,0.0
2024-04-08,4.459333816589628
2024-04-09,-2.01418879886186
2024-04-10,1.128014874288108
2024-04-11,0.3535038516529365
2024-04-12,0.4095599397586413
2024-04-13,0.0
2024-04-14,0.0
2024-04-15,4.598143231751806
2024-04-16,-7.370417098874382
2024-04-17,-2.379120632166587
2024-04-18,1.3009674605091393
2024-04-19,-0.2839821355365646
2024-04-20,0.0
2024-04-21,0.0
2024-04-22,1.2961152195124948
2024-04-23,0.4227800541673598
2024-04-24,24.99708451162244
2024-04-25,0.5900973609502369
2024-04-26,-2.1472165382309227
2024-04-27,0.0
2024-04-28,0.0
2024-04-29,22.82726354774212
2024-04-30,0.40045003471747
2024-05-01,0.116272349842772
2024-05-02,-0.4889957949644641
2024-05-03,-0.2425219932290057
2024-05-04,0.0
2024-05-05,0.0
2024-05-06,0.101917757770531
2024-05-07,1.3350772555591472
2024-05-08,-0.4278362255255574
2024-05-09,0.0416129062195791
2024-05-10,-0.0749071724231331
2024-05-11,0.0
2024-05-12,0.0
2024-05-13,0.3788759045651124
2024-05-14,-1.3744118330470734
2024-05-15,0.3500339661329787
2024-05-16,-0.1871919889640638
2024-05-17,-1.1519870275325417
2024-05-18,0.0
2024-05-19,0.0
2024-05-20,-1.7247411147367275
2024-05-21,3.253947460037221
2024-05-22,0.3563377894326924
2024-05-23,0.94670464060711
2024-05-24,0.4034538661568332
2024-05-25,0.0
2024-05-26,0.0
2024-05-27,0.0
2024-05-28,-2.8284196126696526
2024-05-29,-0.8116885659575579
2024-05-30,-0.1019265705795691
2024-05-31,-1.4848198049466133
2024-06-01,0.0
2024-06-02,0.0
2024-06-03,-0.3589144546716105
2024-06-04,-1.3807517536463587
2024-06-05,-0.105614270104426
2024-06-06,-12.147430934777717
2024-06-07,-2.6880151719742007
2024-06-08,0.0
2024-06-09,0.0
2024-06-10,0.4512460100726478
2024-06-11,-32.03484477029367
2024-06-12,-3.75426856332618
2024-06-13,1.6203908105188791
2024-06-14,1.8111128704869417
2024-06-15,0.0
2024-06-16,0.0
2024-06-17,7.168161904095372
2024-06-18,-0.3761418017092399
2024-06-19,0.0
2024-06-20,-2.9697792571475423
2024-06-21,-0.8106564744692069
2024-06-22,0.0
2024-06-23,0.0
2024-06-24,-0.8021958754180547
2024-06-25,-0.0395059011161103
2024-06-26,4.308358363217657
2024-06-27,-2.0672034804020134
2024-06-28,-1.5523352259098957
2024-06-29,0.0
2024-06-30,0.0
2024-07-01,7.563084063202541
2024-07-02,17.347951323640174
2024-07-03,3.7748493814286688
2024-07-04,0.0
2024-07-05,-4.55442266235252
2024-07-06,0.0
2024-07-07,0.0
2024-07-08,-3.7311558299642056
2024-07-09,-3.42294032394288
2024-07-10,-0.4568101357031562
2024-07-11,17.470163407009952
2024-07-12,0.2165894267060597
2024-07-13,0.0
2024-07-14,0.0
2024-07-15,0.0405816228847388
2024-07-16,-0.3507348343330441
2024-07-17,2.100304860677782
2024-07-18,-0.4791237697189365
2024-07-19,3.7046388112283335
2024-07-20,0.0
2024-07-21,0.0
2024-07-22,1.9888140026942835
2024-07-23,1.050334708734324
2024-07-24,21.44983573596575
2024-07-25,-0.4634079062656671
2024-07-26,-0.7070021186577624
2024-07-27,0.0
2024-07-28,0.0
2024-07-29,1.5114129446951896
2024-07-30,1.1689043872143756
2024-07-31,-0.6553117741661896
2024-08-01,4.164807747346644
2024-08-02,1.381224601293907
2024-08-03,0.0
2024-08-04,0.0
2024-08-05,1.623882956818723
2024-08-06,0.0044027185712947
2024-08-07,1.2022377953107677
2024-08-08,-0.6297009546652466
2024-08-09,0.003586613454698
2024-08-10,0.0
2024-08-11,0.0
2024-08-12,0.1147113787563824
2024-08-13,-0.6145776448131635
2024-08-14,-6.822087702181701
2024-08-15,-0.217564828224992
2024-08-16,-0.3796962276951254
2024-08-17,0.0
2024-08-18,0.0
2024-08-19,0.9277280869917082
2024-08-20,-1.4321633768181077
2024-08-21,0.130465162712845
2024-08-22,-3.56523615853136
2024-08-23,1.1626745225081558
2024-08-24,0.0
2024-08-25,0.0
2024-08-26,0.251121141187749
2024-08-27,-0.2735123797460215
2024-08-28,-0.4867231020129203
2024-08-29,-0.0059158868059405
2024-08-30,0.4375156465026286
2024-08-31,0.0
2024-09-01,0.0
2024-09-02,0.0
2024-09-03,-2.627032143035734
2024-09-04,1.7442669847449688
2024-09-05,-14.530802911805674
2024-09-06,8.9623506848983
2024-09-07,0.0
2024-09-08,0.0
2024-09-09,0.7626731477989201
2024-09-10,-1.0184856229374928
2024-09-11,-1.779000039881784
2024-09-12,-1.8396258506468088
2024-09-13,-5.5248738033151
2024-09-14,0.0
2024-09-15,0.0
2024-09-16,-2.2984052403360544
2024-09-17,-3.000049396705473
2024-09-18,0.0470715373136254
2024-09-19,2.2206439951419688
2024-09-20,0.1066038748790187
2024-09-21,0.0
2024-09-22,0.0
2024-09-23,2.30100510549478
2024-09-24,-0.4443307065956636
2024-09-25,-2.471286492552649
2024-09-26,-1.6368787233629
2024-09-27,-3.851214180841112
2024-09-28,0.0
2024-09-29,0.0
2024-09-30,-0.0057305947512187
2024-10-01,-0.3331160188364435
2024-10-02,2.2331281424443183
2024-10-03,1.9883715604294805
2024-10-04,-3.923583290823829
2024-10-05,0.0
2024-10-06,0.0
2024-10-07,0.1958899643134115
2024-10-08,-1.875969264963584
2024-10-09,-0.3210244598905509
2024-10-10,-0.4144426214301888
2024-10-11,13.775990177097896
2024-10-12,0.0
2024-10-13,0.0
2024-10-14,-1.601860716613146
2024-10-15,-0.4012418742190826
2024-10-16,-2.0554860134347157
2024-10-17,-3.2355535706352745
2024-10-18,-12.048554401742006
2024-10-19,0.0
2024-10-20,0.0
2024-10-21,-1.0109114686666976
2024-10-22,-3.9620030179566954
2024-10-23,0.4730915698249127
2024-10-24,61.17956896243346
2024-10-25,0.6223955537399295
2024-10-26,0.0
2024-10-27,0.0
2024-10-28,0.3855387969220913
2024-10-29,0.1999487725710125
2024-10-30,0.0689160674963274
2024-10-31,-2.831081970935345
2024-11-01,-0.480543827757085
2024-11-02,0.0
2024-11-03,0.0
2024-11-04,-1.3774524406881317
2024-11-05,0.8014715970005248
2024-11-06,14.319846177177808
2024-11-07,0.2184805693782099
2024-11-08,3.096833175726932
2024-11-09,0.0
2024-11-10,0.0
2024-11-11,3.520750827107056
2024-11-12,2.59652489050175
2024-11-13,-1.0374088984552388
2024-11-14,1.5179089449157246
2024-11-15,-0.2232397875557179
2024-11-16,0.0
2024-11-17,0.0
2024-11-18,-0.1312578651132767
2024-11-19,0.043092234572617
2024-11-20,-0.0692351596257245
2024-11-21,-0.0527097464538495
2024-11-22,-5.816812894850887
2024-11-23,0.0
2024-11-24,0.0
2024-11-25,1.7903267099631082
2024-11-26,0.047533660295862
2024-11-27,0.4938489482758879
2024-11-28,0.0
2024-11-29,0.1246551488806035
2024-11-30,0.0
2024-12-01,0.0
2024-12-02,0.0436653829282374
2024-12-03,0.2425163629934168
2024-12-04,-0.2282783515183739
2024-12-05,-0.6806698931583921
2024-12-06,-20.52487817694509
2024-12-07,0.0
2024-12-08,0.0
2024-12-09,-0.2478139947151403
2024-12-10,-1.1472544019597186
2024-12-11,1.0070606607320842
2024-12-12,0.4221645275642505
2024-12-13,-1.5147546911531418
2024-12-14,0.0
2024-12-15,0.0
2024-12-16,0.9953665444262016
2024-12-17,-1.8433512214715344
2024-12-18,10.26339680120163
2024-12-19,-11.791702740344157
2024-12-20,2.0505837788200143
2024-12-21,0.0
2024-12-22,0.0
2024-12-23,-4.457874297206132
2024-12-24,-2.1964828907521383
2024-12-25,0.0
2024-12-26,-5.283274751334977
2024-12-27,4.432108139341739
2024-12-28,0.0
2024-12-29,0.0
2024-12-30,-3.344469041296816
2024-12-31,1.5528389498383977
2025-01-01,0.0
2025-01-02,2.6709160662585774
2025-01-03,5.702696339291702
2025-01-04,0.0
2025-01-05,0.0
2025-01-06,-0.2859805754940825
2025-01-07,2.0469079298778947
2025-01-08,-1.048389692962581
2025-01-09,0.0
2025-01-10,-1.986656511697682
2025-01-11,0.0
2025-01-12,0.0
2025-01-13,0.2185976191182437
2025-01-14,0.0676580193847087
2025-01-15,4.142619151100924
2025-01-16,0.7899379011073959
2025-01-17,0.120302231984315
2025-01-18,0.0
2025-01-19,0.0
2025-01-20,0.0
2025-01-21,-0.0119326050671109
2025-01-22,-0.0442551142935121
2025-01-23,-2.177542361706619
2025-01-24,0.2425701579980677
2025-01-25,0.0
2025-01-26,0.0
2025-01-27,-0.1888556529740737
2025-01-28,-3.398698794139965
2025-01-29,0.2479411313686119
2025-01-30,-1.114774644886496
2025-01-31,-4.092422027050969
2025-02-01,0.0
2025-02-02,0.0
2025-02-03,0.5504181321524859
2025-02-04,-6.769322279673162
2025-02-05,1.31248144668894
2025-02-06,-1.1791619839534806
2025-02-07,0.175726676487109
2025-02-08,0.0
2025-02-09,0.0
2025-02-10,-7.600544854117395
2025-02-11,4.488480760377933
2025-02-12,-0.7911674947943093
2025-02-13,4.492105292793092
2025-02-14,-1.0162854209652683
2025-02-15,0.0
2025-02-16,0.0
2025-02-17,0.0
2025-02-18,-4.793892017287482
2025-02-19,-9.679590636023738
2025-02-20,0.2169516746162614
2025-02-21,0.9173557912829812
2025-02-22,0.0
2025-02-23,0.0
2025-02-24,0.3727688796340223
2025-02-25,10.541024177748003
2025-02-26,-0.0688440801912992
2025-02-27,0.4996950175342629
2025-02-28,-7.981889365363792
2025-03-01,0.0
2025-03-02,0.0
2025-03-03,-0.3389261952645661
2025-03-04,-1.5717691921489862
2025-03-05,2.612065889934168
2025-03-06,2.939252522700131
2025-03-07,0.1160735635324039
2025-03-08,0.0
2025-03-09,0.0
2025-03-10,30.1912432594712
2025-03-11,2.842158902214486
2025-03-12,6.476060547818441
2025-03-13,0.1216688398815168
2025-03-14,0.7099205429457633
2025-03-15,0.0
2025-03-16,0.0
2025-03-17,0.221455893690492
2025-03-18,0.09421140990582
2025-03-19,1.7946966150013344
2025-03-20,-0.0582315381215337
2025-03-21,3.0689415840017498
2025-03-22,0.0
2025-03-23,0.0
2025-03-24,9.55727523236487
2025-03-25,0.6976778615794377
2025-03-26,-0.493888217444216
2025-03-27,-0.4679484048781712
2025-03-28,-1.9650359216687785
2025-03-29,0.0
2025-03-30,0.0
2025-03-31,-0.0341414919910576
2025-04-01,1.180683602180399
2025-04-02,1.6875590862521994
2025-04-03,1.212190231595267
2025-04-04,4.526269619630496
2025-04-05,0.0
2025-04-06,0.0
2025-04-07,0.0517913135797964
2025-04-08,-2.1781935524638474
2025-04-09,20.399736690483586
2025-04-10,1.595222408205221
2025-04-11,-0.6300494433525761
2025-04-12,0.0
2025-04-13,0.0
2025-04-14,-0.2010531825906714
2025-04-15,-0.593711605057734
2025-04-16,0.4891735514404471
2025-04-17,-1.0277009191279718
2025-04-18,0.0
2025-04-19,0.0
2025-04-20,0.0
2025-04-21,1.0995885484208934
2025-04-22,-9.467589537592824
2025-04-23,0.5456810119206734
2025-04-24,-1.7250459512370808
2025-04-25,3.021384498759283
2025-04-26,0.0
2025-04-27,0.0
2025-04-28,-0.4491195003952564
2025-04-29,-1.1612018085814912
2025-04-30,-0.9145058906190328
2025-05-01,-0.6038555991686678
2025-05-02,0.1256903967332023
2025-05-03,0.0
2025-05-04,0.0
2025-05-05,-0.5503750251305783
2025-05-06,-5.480624177782056
2025-05-07,-0.6175499008017948
2025-05-08,-1.2068105468806656
2025-05-09,0.9927829992813608
2025-05-10,0.0
2025-05-11,0.0
2025-05-12,1.039854296383225
2025-05-13,0.5337624307163003
2025-05-14,0.1338912164832839
2025-05-15,-0.7419249873677924
2025-05-16,-1.9807715546311224
2025-05-17,0.0
2025-05-18,0.0
2025-05-19,-7.228716661789458
2025-05-20,-0.8606901593812277
2025-05-21,-1.487354752110115
2025-05-22,-27.54063209558526
2025-05-23,-8.702073371914498
2025-05-24,0.0
2025-05-25,0.0
2025-05-26,0.0
2025-05-27,4.275241315164591
2025-05-28,0.8934570389548258
2025-05-29,0.0411699924775188
2025-05-30,-2.389980999723451
2025-05-31,0.0
2025-06-01,0.0
2025-06-02,0.4932594252102573
2025-06-03,-7.18814360923572
2025-06-04,2.0319187081390355
2025-06-05,31.50199766815596
2025-06-06,0.0884788985603846
2025-06-07,0.0
2025-06-08,0.0
2025-06-09,-5.776502719874122
2025-06-10,2.5930126228485677
2025-06-11,-0.2695633318231416
2025-06-12,-0.7160517727876847
2025-06-13,0.1044878287316253
2025-06-14,0.0
2025-06-15,0.0
2025-06-16,-0.2919737882036033
2025-06-17,1.045295875126162
2025-06-18,-0.3027537402800928
2025-06-19,0.0
2025-06-20,0.01818036231227
2025-06-21,0.0
2025-06-22,0.0
2025-06-23,4.374852805170226
2025-06-24,-0.675509453851697
2025-06-25,-1.9554717039258265
2025-06-26,-2.101364389450344
2025-06-27,-1.632622477351564
2025-06-28,0.0
2025-06-29,0.0
2025-06-30,0.124009827769167
2025-07-01,1.9496528102245887
2025-07-02,2.225220487956902
2025-07-03,-0.0523231980210758
2025-07-04,0.0
2025-07-05,0.0
2025-07-06,0.0
2025-07-07,3.46449149244632
2025-07-08,-0.2050633077249841
