date,target_tesla_change_stockprice_next
2014-09-17,0.0
2014-09-18,0.9335048035260528
2014-09-19,-1.7057041633622203
2014-09-20,0.0
2014-09-21,0.0
2014-09-22,-3.582445993668726
2014-09-23,0.1519821878065874
2014-09-24,0.6908683086271461
2014-09-25,-2.058384201761687
2014-09-26,-0.1417246170087205
2014-09-27,0.0
2014-09-28,0.0
2014-09-29,-0.5433855089076345
2014-09-30,-1.051950204719554
2014-10-01,-1.0054370988181185
2014-10-02,4.653675593786688
2014-10-03,1.5074365885482166
2014-10-04,0.0
2014-10-05,0.0
2014-10-06,2.119820596674793
2014-10-07,-0.4028836811141634
2014-10-08,-0.1117206489982147
2014-10-09,-0.8754986072816884
2014-10-10,-7.820713466800234
2014-10-11,0.0
2014-10-12,0.0
2014-10-13,-5.200284592749238
2014-10-14,1.0997785411050565
2014-10-15,1.162685939406205
2014-10-16,-1.458418043552201
2014-10-17,0.4992222719669259
2014-10-18,0.0
2014-10-19,0.0
2014-10-20,1.3144066622043482
2014-10-21,2.113069059993156
2014-10-22,-1.8016457872609195
2014-10-23,1.8130665059079565
2014-10-24,-0.0212488318462322
2014-10-25,0.0
2014-10-26,0.0
2014-10-27,-5.768578223387944
2014-10-28,9.518660989105744
2014-10-29,-1.9236391993001645
2014-10-30,0.2352022867035952
2014-10-31,1.2737701294161408
2014-11-01,0.0
2014-11-02,0.0
2014-11-03,0.3682279898016505
2014-11-04,-1.5087152168234197
2014-11-05,-3.3315236153232286
2014-11-06,4.437806256705623
2014-11-07,-0.4228554484803526
2014-11-08,0.0
2014-11-09,0.0
2014-11-10,0.720246491077825
2014-11-11,3.7820774125843615
2014-11-12,-0.788593100955548
2014-11-13,1.0437622808061375
2014-11-14,2.773134756903417
2014-11-15,0.0
2014-11-16,0.0
2014-11-17,-1.8169177508961187
2014-11-18,1.4646888155828597
2014-11-19,-3.864956610594905
2014-11-20,0.391539992246348
2014-11-21,-2.3843083752586147
2014-11-22,0.0
2014-11-23,0.0
2014-11-24,1.622868668699251
2014-11-25,0.5552856854110999
2014-11-26,0.1410849076513232
2014-11-27,0.0
2014-11-28,-1.5778579595025488
2014-11-29,0.0
2014-11-30,0.0
2014-12-01,-5.267455698428614
2014-12-02,-0.090657520220394
2014-12-03,-0.9203659508237204
2014-12-04,-0.4448310436831915
2014-12-05,-2.001932706932097
2014-12-06,0.0
2014-12-07,0.0
2014-12-08,-4.179515862877037
2014-12-09,1.180258727981931
2014-12-10,-3.250497470272151
2014-12-11,-0.4574923550736298
2014-12-12,-0.900034721817955
2014-12-13,0.0
2014-12-14,0.0
2014-12-15,-1.4299516894858533
2014-12-16,-3.053325883044977
2014-12-17,4.049336122183522
2014-12-18,6.044123309512317
2014-12-19,0.4719127929382782
2014-12-20,0.0
2014-12-21,0.0
2014-12-22,1.5094182569247885
2014-12-23,-0.7322599227755133
2014-12-24,0.5837926805094318
2014-12-25,0.0
2014-12-26,2.5015736527408405
2014-12-27,0.0
2014-12-28,0.0
2014-12-29,-0.926171742255244
2014-12-30,-1.541797479470497
2014-12-31,0.0809977313811938
2015-01-01,0.0
2015-01-02,-1.3938176640412303
2015-01-03,0.0
2015-01-04,0.0
2015-01-05,-4.204102817052724
2015-01-06,0.5664237314159992
2015-01-07,-0.1561930627232644
2015-01-08,-0.1564306258181269
2015-01-09,-1.8801629106854008
2015-01-10,0.0
2015-01-11,0.0
2015-01-12,-2.1532914950603166
2015-01-13,1.0088497728839352
2015-01-14,-5.659733676235856
2015-01-15,-0.4255528597720825
2015-01-16,0.6254228739435819
2015-01-17,0.0
2015-01-18,0.0
2015-01-19,0.0
2015-01-20,-0.5904610882275119
2015-01-21,2.4175518017267583
2015-01-22,2.569055090301542
2015-01-23,-0.1636694770544622
2015-01-24,0.0
2015-01-25,0.0
2015-01-26,2.6131476717216278
2015-01-27,-0.275963003255375
2015-01-28,-3.209052877530916
2015-01-29,2.924214605280495
2015-01-30,-0.7797333058198963
2015-01-31,0.0
2015-02-01,0.0
2015-02-02,3.60511389604945
2015-02-03,3.5175838502893297
2015-02-04,0.0870125199237126
2015-02-05,1.1164535201251935
2015-02-06,-1.6426056915829212
2015-02-07,0.0
2015-02-08,0.0
2015-02-09,0.0552039459369879
2015-02-10,-0.5471765552931496
2015-02-11,-1.6135698387415576
2015-02-12,-4.661658846022309
2015-02-13,0.4386864226918918
2015-02-14,0.0
2015-02-15,0.0
2015-02-16,0.0
2015-02-17,0.2846280361423536
2015-02-18,0.0538323147895258
2015-02-19,3.5459277020091884
2015-02-20,2.5506564298148016
2015-02-21,0.0
2015-02-22,0.0
2015-02-23,-4.500019733692007
2015-02-24,-1.5578320500655662
2015-02-25,-0.1714777553045277
2015-02-26,1.6833573717678796
2015-02-27,-1.85820116516362
2015-02-28,0.0
2015-03-01,0.0
2015-03-02,-2.955644716492256
2015-03-03,1.1300918070464627
2015-03-04,1.4431779204035822
2015-03-05,-0.8940979178158281
2015-03-06,-3.36440083328029
2015-03-07,0.0
2015-03-08,0.0
2015-03-09,-1.5473474370690687
2015-03-10,-0.293379260386295
2015-03-11,1.7969786081706296
2015-03-12,-1.3781390917263936
2015-03-13,-1.250849663327791
2015-03-14,0.0
2015-03-15,0.0
2015-03-16,3.720588386927704
2015-03-17,-0.4956572246090029
2015-03-18,3.0709164308927006
2015-03-19,-2.5210528438961437
2015-03-20,1.2420115455768377
2015-03-21,0.0
2015-03-22,0.0
2015-03-23,0.7825204316233458
2015-03-24,1.0469325694766771
2015-03-25,-3.6783689389238594
2015-03-26,-2.0020535165919617
2015-03-27,-2.8412417028683024
2015-03-28,0.0
2015-03-29,0.0
2015-03-30,3.01081690945022
2015-03-31,-0.9445338842494766
2015-04-01,-0.6251070401743664
2015-04-02,1.8177920738268627
2015-04-03,0.0
2015-04-04,0.0
2015-04-05,0.0
2015-04-06,6.335084074758979
2015-04-07,0.0738569343427641
2015-04-08,2.17466597645517
2015-04-09,1.1653015949509626
2015-04-10,0.3855551632791165
2015-04-11,0.0
2015-04-12,0.0
2015-04-13,-0.5310595640134919
2015-04-14,-1.1059221524362672
2015-04-15,0.1783484991040973
2015-04-16,-0.5437155028403029
2015-04-17,0.043545130008038
2015-04-18,0.0
2015-04-19,0.0
2015-04-20,-0.7350472676152298
2015-04-21,2.0168560205215518
2015-04-22,4.789641514821552
2015-04-23,-0.3827909147392394
2015-04-24,-0.0777619784563476
2015-04-25,0.0
2015-04-26,0.0
2015-04-27,6.006504265665535
2015-04-28,-0.4621129472000662
2015-04-29,0.854744301337429
2015-04-30,-2.7532837607318283
2015-05-01,-0.0088406307033883
2015-05-02,0.0
2015-05-03,0.0
2015-05-04,1.9820332628235349
2015-05-05,1.0585201507501196
2015-05-06,-1.081772507834955
2015-05-07,2.7643952080381284
2015-05-08,-0.0802367109835278
2015-05-09,0.0
2015-05-10,0.0
2015-05-11,1.2171892568897835
2015-05-12,2.192160780199504
2015-05-13,-0.6374116918974937
2015-05-14,0.3783166977597174
2015-05-15,1.9418271142708663
2015-05-16,0.0
2015-05-17,0.0
2015-05-18,-0.0361709476236371
2015-05-19,-0.6472295749399448
2015-05-20,-1.1289082211751178
2015-05-21,0.5197378373454464
2015-05-22,0.8590523912465953
2015-05-23,0.0
2015-05-24,0.0
2015-05-25,0.0
2015-05-26,-0.1089875018348451
2015-05-27,-0.0121280733798134
2015-05-28,1.6246998689338543
2015-05-29,-0.2584990420778088
2015-05-30,0.0
2015-05-31,0.0
2015-06-01,-0.5382784466743784
2015-06-02,-0.44096113401344
2015-06-03,0.2576936573191579
2015-06-04,-1.232978096437809
2015-06-05,1.309367069639822
2015-06-06,0.0
2015-06-07,0.0
2015-06-08,2.8698768522178453
2015-06-09,-0.1131504462219989
2015-06-10,-2.0703187995237737
2015-06-11,0.2832150275032585
2015-06-12,-0.2863867732690983
2015-06-13,0.0
2015-06-14,0.0
2015-06-15,-0.1236668522734629
2015-06-16,1.0943373157369374
2015-06-17,2.8800573289696096
2015-06-18,0.5683373161624372
2015-06-19,0.2367453053780721
2015-06-20,0.0
2015-06-21,0.0
2015-06-22,-1.0361630404811084
2015-06-23,3.0332307745169373
2015-06-24,-0.9339929636816736
2015-06-25,1.3651601690611417
2015-06-26,-0.6324607704336294
2015-06-27,0.0
2015-06-28,0.0
2015-06-29,-1.8982328906347767
2015-06-30,2.381499635902573
2015-07-01,0.3317596250232091
2015-07-02,4.038639915454456
2015-07-03,0.0
2015-07-04,0.0
2015-07-05,0.0
2015-07-06,-0.1071274437521974
2015-07-07,-4.232804124569678
2015-07-08,-4.823057784907436
2015-07-09,1.160972038595531
2015-07-10,0.4768851945843755
2015-07-11,0.0
2015-07-12,0.0
2015-07-13,1.1614881028806812
2015-07-14,1.3312443878506386
2015-07-15,-0.9448430502932648
2015-07-16,1.3452917723576483
2015-07-17,2.9923479333326286
2015-07-18,0.0
2015-07-19,0.0
2015-07-20,2.767054757869825
2015-07-21,-5.487850737839029
2015-07-22,0.4123425201304931
2015-07-23,-0.2501192226416759
2015-07-24,-0.6699098017553085
2015-07-25,0.0
2015-07-26,0.0
2015-07-27,-4.672023139133175
2015-07-28,4.667806507496031
2015-07-29,-0.3776200204621105
2015-07-30,1.1257673505236987
2015-07-31,-0.2398823976786701
2015-08-01,0.0
2015-08-02,0.0
2015-08-03,-2.314488492861744
2015-08-04,2.419330078904558
2015-08-05,1.4458436896063187
2015-08-06,-8.884613070827719
2015-08-07,-1.4707655017798138
2015-08-08,0.0
2015-08-09,0.0
2015-08-10,-0.5649254943673188
2015-08-11,-1.5634065274604203
2015-08-12,0.3370262549503122
2015-08-13,1.8222278547613824
2015-08-14,0.2638993084160601
2015-08-15,0.0
2015-08-16,0.0
2015-08-17,4.869422505161958
2015-08-18,2.2471468870960187
2015-08-19,-2.098032399177252
2015-08-20,-5.120474567775368
2015-08-21,-4.711361302636186
2015-08-22,0.0
2015-08-23,0.0
2015-08-24,-5.156653613722728
2015-08-25,0.5299957738899019
2015-08-26,2.1860631008791875
2015-08-27,8.072407396744573
2015-08-28,2.2593474526899198
2015-08-29,0.0
2015-08-30,0.0
2015-08-31,0.233425311787383
2015-09-01,-4.187746789935954
2015-09-02,3.79667326201818
2015-09-03,-0.8559158628931418
2015-09-04,-1.4822516253377382
2015-09-05,0.0
2015-09-06,0.0
2015-09-07,0.0
2015-09-08,2.57924872165749
2015-09-09,0.2981841490309778
2015-09-10,-0.1727579256865064
2015-09-11,0.7083127758706009
2015-09-12,0.0
2015-09-13,0.0
2015-09-14,1.1788685834209334
2015-09-15,0.1500853368818111
2015-09-16,3.423117949694654
2015-09-17,-0.0686427307326376
2015-09-18,-0.5532854221774852
2015-09-19,0.0
2015-09-20,0.0
2015-09-21,1.37364673073066
2015-09-22,-1.2339109416155347
2015-09-23,0.0459842504490382
2015-09-24,0.7890882645230857
2015-09-25,-2.360137483948066
2015-09-26,0.0
2015-09-27,0.0
2015-09-28,-3.300761554870424
2015-09-29,-0.716505256437161
2015-09-30,0.7095082009808129
2015-10-01,-3.429950833940998
2015-10-02,3.205775812464396
2015-10-03,0.0
2015-10-04,0.0
2015-10-05,-0.5735797824596434
2015-10-06,-1.905337856419076
2015-10-07,-3.934404066335062
2015-10-08,-2.2590068231747584
2015-10-09,-2.659664782558424
2015-10-10,0.0
2015-10-11,0.0
2015-10-12,-2.3154721971044845
2015-10-13,1.7023869860745666
2015-10-14,-1.0809577491181055
2015-10-15,2.042601248689824
2015-10-16,2.5755735523108614
2015-10-17,0.0
2015-10-18,0.0
2015-10-19,0.480158072748571
2015-10-20,-6.606755350432659
2015-10-21,-1.380088042634786
2015-10-22,0.7758630374929743
2015-10-23,-1.242211222596079
2015-10-24,0.0
2015-10-25,0.0
2015-10-26,2.950887527409196
2015-10-27,-2.2809699646425985
2015-10-28,1.2407945034625278
2015-10-29,-0.6245254663083677
2015-10-30,-2.2208650663342766
2015-10-31,0.0
2015-11-01,0.0
2015-11-02,3.3151394131743395
2015-11-03,-2.5445558566223325
2015-11-04,11.173506172895433
2015-11-05,0.0604368386555753
2015-11-06,0.2545689557216679
2015-11-07,0.0
2015-11-08,0.0
2015-11-09,-3.0254799225420848
2015-11-10,-3.918698599624981
2015-11-11,1.1916854312549408
2015-11-12,-2.8026284636262444
2015-11-13,-2.7002902472425205
2015-11-14,0.0
2015-11-15,0.0
2015-11-16,3.43645181239427
2015-11-17,-0.1446397969102286
2015-11-18,3.3037326654939525
2015-11-19,0.3302141017617943
2015-11-20,-0.8070393546729449
2015-11-21,0.0
2015-11-22,0.0
2015-11-23,-1.027216650813623
2015-11-24,0.2296176103410374
2015-11-25,5.21878107839393
2015-11-26,0.0
2015-11-27,0.8578708564050741
2015-11-28,0.0
2015-11-29,0.0
2015-11-30,-0.5828773569144019
2015-12-01,3.009640513952827
2015-12-02,-2.1923391675773174
2015-12-03,0.3103603835810542
2015-12-04,-1.0012412396462889
2015-12-05,0.0
2015-12-06,0.0
2015-12-07,0.3255441103327872
2015-12-08,-1.9080150110557748
2015-12-09,-0.97035897243698
2015-12-10,1.1357503870956798
2015-12-11,-4.425942285755435
2015-12-12,0.0
2015-12-13,0.0
2015-12-14,0.7188217785247808
2015-12-15,1.1483228662796163
2015-12-16,6.069926383234869
2015-12-17,-0.4775935638145823
2015-12-18,-1.2554042584855152
2015-12-19,0.0
2015-12-20,0.0
2015-12-21,0.9112170445755297
2015-12-22,-1.1222896648004357
2015-12-23,-0.1087238493853948
2015-12-24,0.3787586036986479
2015-12-25,0.0
2015-12-26,0.0
2015-12-27,0.0
2015-12-28,-0.7026053028503343
2015-12-29,3.599040660703245
2015-12-30,0.3794452891639599
2015-12-31,0.8064193426244648
2016-01-01,0.0
2016-01-02,0.0
2016-01-03,0.0
2016-01-04,-6.916383417344562
2016-01-05,0.0089515018769636
2016-01-06,-1.9648196488239345
2016-01-07,-1.5476613580219345
2016-01-08,-2.1562746019443413
2016-01-09,0.0
2016-01-10,0.0
2016-01-11,-1.4928912731952293
2016-01-12,1.019968109607805
2016-01-13,-4.600657570629507
2016-01-14,2.930452476111012
2016-01-15,-0.5771584676250496
2016-01-16,0.0
2016-01-17,0.0
2016-01-18,0.0
2016-01-19,-0.13171814898143
2016-01-20,-2.940598345394596
2016-01-21,0.6391513633018819
2016-01-22,1.2901930307042342
2016-01-23,0.0
2016-01-24,0.0
2016-01-25,-3.046159650450919
2016-01-26,-1.43598934641187
2016-01-27,-2.8363311180212625
2016-01-28,0.866696594809202
2016-01-29,0.7907252180474389
2016-01-30,0.0
2016-01-31,0.0
2016-02-01,3.002083893062091
2016-02-02,-7.190002137704655
2016-02-03,-5.088083130264021
2016-02-04,1.0664105137480284
2016-02-05,-7.260598006471019
2016-02-06,0.0
2016-02-07,0.0
2016-02-08,-8.985239514773324
2016-02-09,0.1756844759010611
2016-02-10,-3.089374112383303
2016-02-11,4.733064290572564
2016-02-12,0.3788141309478465
2016-02-13,0.0
2016-02-14,0.0
2016-02-15,0.0
2016-02-16,2.734385248001603
2016-02-17,8.706565860035354
2016-02-18,-1.1323158733693717
2016-02-19,-0.1139296837177505
2016-02-20,0.0
2016-02-21,0.0
2016-02-22,6.699479062990088
2016-02-23,-0.298182862417029
2016-02-24,1.010100439324635
2016-02-25,4.709491491533591
2016-02-26,1.5525816600528095
2016-02-27,0.0
2016-02-28,0.0
2016-02-29,0.8353468768718564
2016-03-01,-2.907308025957478
2016-03-02,1.0678823954508363
2016-03-03,3.9290607872446426
2016-03-04,2.707681972740761
2016-03-05,0.0
2016-03-06,0.0
2016-03-07,2.1140033080220944
2016-03-08,-1.3103370952345372
2016-03-09,3.02073034174748
2016-03-10,-1.696052509474277
2016-03-11,1.1307091998520535
2016-03-12,0.0
2016-03-13,0.0
2016-03-14,3.686748727241152
2016-03-15,1.4826854254383903
2016-03-16,1.6442233909399029
2016-03-17,2.005139734476491
2016-03-18,2.809434045604342
2016-03-19,0.0
2016-03-20,0.0
2016-03-21,2.3975234953553137
2016-03-22,-1.711979903690175
2016-03-23,-4.977800018235589
2016-03-24,2.322759065700808
2016-03-25,0.0
2016-03-26,0.0
2016-03-27,0.0
2016-03-28,1.1020873910291271
2016-03-29,-0.0564600364766132
2016-03-30,-1.407897296076599
2016-03-31,1.2693337980441255
2016-04-01,3.4033995706784337
2016-04-02,0.0
2016-04-03,0.0
2016-04-04,3.9563979070301736
2016-04-05,3.433343457363125
2016-04-06,3.894785316335248
2016-04-07,-3.0969800698537053
2016-04-08,-2.772166475041915
2016-04-09,0.0
2016-04-10,0.0
2016-04-11,-0.0599845776824925
2016-04-12,-0.8402652353309281
2016-04-13,2.70760454618868
2016-04-14,-1.0489893292484176
2016-04-15,1.052169423541249
2016-04-16,0.0
2016-04-17,0.0
2016-04-18,-0.2475334060495493
2016-04-19,-2.564203697895895
2016-04-20,1.0510619221744344
2016-04-21,-0.6720777009723511
2016-04-22,2.199043252962962
2016-04-23,0.0
2016-04-24,0.0
2016-04-25,-0.7605979610801672
2016-04-26,0.7624509088934195
2016-04-27,-0.8946136908751234
2016-04-28,-1.4952135009967504
2016-04-29,-2.8056989923414988
2016-04-30,0.0
2016-05-01,0.0
2016-05-02,0.4319697802968258
2016-05-03,-3.920601056164674
2016-05-04,-4.201105333661326
2016-05-05,-4.955961442777834
2016-05-06,1.6073354609201562
2016-05-07,0.0
2016-05-08,0.0
2016-05-09,-2.796256243720363
2016-05-10,-0.1100888509737996
2016-05-11,0.1293759758121515
2016-05-12,-0.803978103371572
2016-05-13,0.1592002938870074
2016-05-14,0.0
2016-05-15,0.0
2016-05-16,0.327534138207608
2016-05-17,-1.742759842604591
2016-05-18,3.180885470243422
2016-05-19,1.9131473535199064
2016-05-20,2.355840619441185
2016-05-21,0.0
2016-05-22,0.0
2016-05-23,-1.8431050749258548
2016-05-24,0.7816075741021722
2016-05-25,0.7663749778195506
2016-05-26,2.522997924071091
2016-05-27,-0.923954578720032
2016-05-28,0.0
2016-05-29,0.0
2016-05-30,0.0
2016-05-31,0.0851867534534145
2016-06-01,-1.6440468601288782
2016-06-02,-0.2732735675403885
2016-06-03,0.0137001399348024
2016-06-04,0.0
2016-06-05,0.0
2016-06-06,0.7717276207808599
2016-06-07,5.283668197567204
2016-06-08,1.3686831518021192
2016-06-09,-2.6154878987485475
2016-06-10,-4.608472325253499
2016-06-11,0.0
2016-06-12,0.0
2016-06-13,-0.4204967396840731
2016-06-14,-1.3356605490256523
2016-06-15,1.2746565418183309
2016-06-16,0.1056554617381522
2016-06-17,-1.1288062840889457
2016-06-18,0.0
2016-06-19,0.0
2016-06-20,1.9631474173017691
2016-06-21,-0.0409619834897956
2016-06-22,-10.450341756812144
2016-06-23,-0.1322128315258908
2016-06-24,-1.6547827629193046
2016-06-25,0.0
2016-06-26,0.0
2016-06-27,2.7957518513328727
2016-06-28,1.6318349791359932
2016-06-29,4.162739299981633
2016-06-30,0.994341248072428
2016-07-01,1.9879378262587453
2016-07-02,0.0
2016-07-03,0.0
2016-07-04,0.0
2016-07-05,-1.1639738141737022
2016-07-06,0.2149711537805965
2016-07-07,0.6994990541306034
2016-07-08,0.3889952501772153
2016-07-09,0.0
2016-07-10,0.0
2016-07-11,3.6903805062947104
2016-07-12,-0.0578301346868759
2016-07-13,-0.9436981531152132
2016-07-14,-0.4493707690691684
2016-07-15,-0.5100971389125797
2016-07-16,0.0
2016-07-17,0.0
2016-07-18,2.6542674288099866
2016-07-19,-0.4375689688323136
2016-07-20,1.3761894071912415
2016-07-21,-3.4419348964429552
2016-07-22,0.8027213064534022
2016-07-23,0.0
2016-07-24,0.0
2016-07-25,3.482249963460071
2016-07-26,-0.2173785411705653
2016-07-27,-0.4444240282544531
2016-07-28,0.92782587991731
2016-07-29,1.81258915884297
2016-07-30,0.0
2016-07-31,0.0
2016-08-01,-2.035866545145193
2016-08-02,-1.2216845667703868
2016-08-03,-0.6205976906180188
2016-08-04,2.134724289646428
2016-08-05,-0.251507260151429
2016-08-06,0.0
2016-08-07,0.0
2016-08-08,-1.68238552332044
2016-08-09,1.2911226187923397
2016-08-10,-1.4972973712197857
2016-08-11,-0.3279367580152681
2016-08-12,0.3112321193226242
2016-08-13,0.0
2016-08-14,0.0
2016-08-15,-0.0088642128141525
2016-08-16,-0.8776982760304364
2016-08-17,-0.1654674620534812
2016-08-18,0.1209501174802119
2016-08-19,0.6666333002271596
2016-08-20,0.0
2016-08-21,0.0
2016-08-22,-0.9199968973795604
2016-08-23,0.856766810594789
2016-08-24,-0.9873672296182744
2016-08-25,-0.7456626175134207
2016-08-26,-0.4389940220988597
2016-08-27,0.0
2016-08-28,0.0
2016-08-29,-2.177369892972058
2016-08-30,-1.7936898094209286
2016-08-31,0.3170288138355737
2016-09-01,-5.301630375559707
2016-09-02,-1.4892723045455414
2016-09-03,0.0
2016-09-04,0.0
2016-09-05,0.0
2016-09-06,2.55334510261378
2016-09-07,-0.552188841897916
2016-09-08,-2.156561115945044
2016-09-09,-1.4643244819832146
2016-09-10,0.0
2016-09-11,0.0
2016-09-12,1.969452362101887
2016-09-13,-1.1346487834701158
2016-09-14,0.1836279143616392
2016-09-15,2.04164528413362
2016-09-16,2.484780383791363
2016-09-17,0.0
2016-09-18,0.0
2016-09-19,0.457645297210707
2016-09-20,-0.8238786856348712
2016-09-21,0.2834179856757268
2016-09-22,0.5896172409194822
2016-09-23,0.4941130603694166
2016-09-24,0.0
2016-09-25,0.0
2016-09-26,0.7423489184726018
2016-09-27,-1.521603125645976
2016-09-28,0.2235048163077513
2016-09-29,-2.700342693045543
2016-09-30,1.6591937232549814
2016-10-01,0.0
2016-10-02,0.0
2016-10-03,4.739499048253792
2016-10-04,-1.0715983364832038
2016-10-05,-1.3953932130380098
2016-10-06,-3.5786256357047463
2016-10-07,-2.184077937114126
2016-10-08,0.0
2016-10-09,0.0
2016-10-10,2.207415798926582
2016-10-11,-0.4229886150648454
2016-10-12,0.7046466386483541
2016-10-13,-0.6302456879140772
2016-10-14,-1.862758335422932
2016-10-15,0.0
2016-10-16,0.0
2016-10-17,-1.297644435175116
2016-10-18,2.650023191602613
2016-10-19,2.240090564098618
2016-10-20,-2.19100995679794
2016-10-21,0.497237481730628
2016-10-22,0.0
2016-10-23,0.0
2016-10-24,1.3344029700076645
2016-10-25,-0.2071405495898792
2016-10-26,-0.0494181839545637
2016-10-27,0.8751979915121444
2016-10-28,-1.9802987560840315
2016-10-29,0.0
2016-10-30,0.0
2016-10-31,-1.1201655407329314
2016-11-01,-3.509842661102902
2016-11-02,-1.4518503789442303
2016-11-03,-0.3191146745655016
2016-11-04,1.6753821362995858
2016-11-05,0.0
2016-11-06,0.0
2016-11-07,1.3906348645120523
2016-11-08,0.8954005217394645
2016-11-09,-2.503336319008032
2016-11-10,-2.478165808216759
2016-11-11,1.7318643404319325
2016-11-12,0.0
2016-11-13,0.0
2016-11-14,-3.770682709596152
2016-11-15,1.2785831275338833
2016-11-16,0.0870668279355557
2016-11-17,2.571630763626209
2016-11-18,-1.9293934240147916
2016-11-19,0.0
2016-11-20,0.0
2016-11-21,-0.2702446513161427
2016-11-22,3.603947721674805
2016-11-23,1.0304965252273537
2016-11-24,0.0
2016-11-25,1.8173287121064248
2016-11-26,0.0
2016-11-27,0.0
2016-11-28,-0.2695093872907783
2016-11-29,-3.339797817354073
2016-11-30,-0.0896701402055222
2016-12-01,-3.970439621692412
2016-12-02,-0.2254227571355849
2016-12-03,0.0
2016-12-04,0.0
2016-12-05,2.9371246552803765
2016-12-06,-0.5085590996538158
2016-12-07,3.927898836940713
2016-12-08,-0.4452545532701246
2016-12-09,-0.05720111783587
2016-12-10,0.0
2016-12-11,0.0
2016-12-12,0.1300843896052894
2016-12-13,2.97250961802078
2016-12-14,0.2725227226802351
2016-12-15,-0.5586619127426196
2016-12-16,2.485070240083087
2016-12-17,0.0
2016-12-18,0.0
2016-12-19,0.1185228451954012
2016-12-20,2.989199578262647
2016-12-21,-0.5220520683151042
2016-12-22,0.361092210958347
2016-12-23,2.3458878645067798
2016-12-24,0.0
2016-12-25,0.0
2016-12-26,0.0
2016-12-27,2.9014693821664217
2016-12-28,0.0956584924052039
2016-12-29,-2.302717301331636
2016-12-30,-0.4611513658092536
2016-12-31,0.0
2017-01-01,0.0
2017-01-02,0.0
2017-01-03,1.5442882835696947
2017-01-04,4.608509628379487
2017-01-05,-0.1057301693226708
2017-01-06,0.9966895409707854
2017-01-07,0.0
2017-01-08,0.0
2017-01-09,0.9912262252654848
2017-01-10,-0.6096497424114333
2017-01-11,-0.0609057968353865
2017-01-12,-0.0609429146031459
2017-01-13,3.554165910672369
2017-01-14,0.0
2017-01-15,0.0
2017-01-16,0.0
2017-01-17,-0.9127294759965988
2017-01-18,1.1800718170465796
2017-01-19,2.265484584252664
2017-01-20,0.3979211340805033
2017-01-21,0.0
2017-01-22,0.0
2017-01-23,1.7121013222806347
2017-01-24,2.2858758549190616
2017-01-25,-0.0549933056269269
2017-01-26,-0.7702287210641479
2017-01-27,0.1742492293105746
2017-01-28,0.0
2017-01-29,0.0
2017-01-30,-0.9171674163915622
2017-01-31,0.5186895116227497
2017-02-01,-1.0677646659077555
2017-02-02,0.9268250070681772
2017-02-03,-0.0874627941917394
2017-02-04,0.0
2017-02-05,0.0
2017-02-06,2.562376061798921
2017-02-07,-0.1125118830062832
2017-02-08,1.7865504360315532
2017-02-09,2.716727290193832
2017-02-10,0.0111486369436253
2017-02-11,0.0
2017-02-12,0.0
2017-02-13,4.223151490536248
2017-02-14,0.1354244698619444
2017-02-15,-0.4341936732680684
2017-02-16,-3.86402737238839
2017-02-17,1.2195542272078752
2017-02-18,0.0
2017-02-19,0.0
2017-02-20,0.0
2017-02-21,1.8954553212526597
2017-02-22,-1.3987544509128869
2017-02-23,-6.405612128285886
2017-02-24,0.3945460066550499
2017-02-25,0.0
2017-02-26,0.0
2017-02-27,-4.190663914295778
2017-02-28,1.527033141297096
2017-03-01,0.0119938876951053
2017-03-02,0.1839948405004232
2017-03-03,0.4351614767985623
2017-03-04,0.0
2017-03-05,0.0
2017-03-06,-0.1431023214010118
2017-03-07,-1.0429562301419115
2017-03-08,-0.6918982373962046
2017-03-09,-0.7979851500776736
2017-03-10,-0.4940842600990924
2017-03-11,0.0
2017-03-12,0.0
2017-03-13,1.0176830680722393
2017-03-14,4.805628371511106
2017-03-15,-0.8798421425113223
2017-03-16,2.471345021912174
2017-03-17,-0.2098847828182704
2017-03-18,0.0
2017-03-19,0.0
2017-03-20,0.1606111626727413
2017-03-21,-4.291381746799239
2017-03-22,1.7273078068332337
2017-03-23,-0.090202828464514
2017-03-24,3.289120992821504
2017-03-25,0.0
2017-03-26,0.0
2017-03-27,2.6827796887382016
2017-03-28,2.6755994839105623
2017-03-29,-0.0252330967898228
2017-03-30,0.1946749781900791
2017-03-31,0.1367303794684859
2017-04-01,0.0
2017-04-02,0.0
2017-04-03,7.265538500445645
2017-04-04,1.735235570532212
2017-04-05,-2.864668535390913
2017-04-06,1.254233586312381
2017-04-07,1.2855637977449377
2017-04-08,0.0
2017-04-09,0.0
2017-04-10,3.2557731358312747
2017-04-11,-1.1780116939354768
2017-04-12,-3.8450363788538833
2017-04-13,2.412072506749219
2017-04-14,0.0
2017-04-15,0.0
2017-04-16,0.0
2017-04-17,-0.8421007061268471
2017-04-18,-0.3947763554076555
2017-04-19,1.7552054419372576
2017-04-20,-0.9852043760390616
2017-04-21,1.0214507204857617
2017-04-22,0.0
2017-04-23,0.0
2017-04-24,0.7951603024820564
2017-04-25,1.8699422064641924
2017-04-26,-1.1536362728744365
2017-04-27,-0.4965028404995242
2017-04-28,1.7626304762964562
2017-04-29,0.0
2017-04-30,0.0
2017-05-01,2.7891854114518333
2017-05-02,-1.2204567888302154
2017-05-03,-2.467931806646917
2017-05-04,-5.002899014132822
2017-05-05,4.362697085089429
2017-05-06,0.0
2017-05-07,0.0
2017-05-08,-0.3761964382840044
2017-05-09,4.580225758072332
2017-05-10,1.2326461540900224
2017-05-11,-0.6518631617831172
2017-05-12,0.5292405210798323
2017-05-13,0.0
2017-05-14,0.0
2017-05-15,-2.7492985952879856
2017-05-16,0.3577365637979612
2017-05-17,-3.4383807013219414
2017-05-18,2.270424662501891
2017-05-19,-0.7123221570720428
2017-05-20,0.0
2017-05-21,0.0
2017-05-22,-0.154423259454639
2017-05-23,-2.0911878559512043
2017-05-24,2.0930680784285505
2017-05-25,2.1307436381619915
2017-05-26,2.622861761650785
2017-05-27,0.0
2017-05-28,0.0
2017-05-29,0.0
2017-05-30,3.063293685484769
2017-05-31,1.7636485991062267
2017-06-01,-0.1876725739886064
2017-06-02,-0.1527722510787699
2017-06-03,0.0
2017-06-04,0.0
2017-06-05,2.198024871409743
2017-06-06,1.592187427150238
2017-06-07,1.9271708483604264
2017-06-08,2.877799997915797
2017-06-09,-3.4270336343387164
2017-06-10,0.0
2017-06-11,0.0
2017-06-12,0.4729671679755576
2017-06-13,4.718532194258196
2017-06-14,1.2528228772248573
2017-06-15,-1.3975690849574174
2017-06-16,-1.049715056325562
2017-06-17,0.0
2017-06-18,0.0
2017-06-19,-0.4308019545855468
2017-06-20,0.6598147050542957
2017-06-21,1.117554424882039
2017-06-22,1.6498465012477537
2017-06-23,0.2195437453250681
2017-06-24,0.0
2017-06-25,0.0
2017-06-26,-1.5543088109582714
2017-06-27,-4.005401754342364
2017-06-28,2.44776661468924
2017-06-29,-2.825664865721356
2017-06-30,0.2383908289916192
2017-07-01,0.0
2017-07-02,0.0
2017-07-03,-2.486101754187464
2017-07-04,0.0
2017-07-05,-7.2400872311006115
2017-07-06,-5.5825591745167
2017-07-07,1.4214882525563466
2017-07-08,0.0
2017-07-09,0.0
2017-07-10,0.90352135473033
2017-07-11,3.534252795483339
2017-07-12,0.7028925342357439
2017-07-13,-1.8542123378747168
2017-07-14,1.3512209263288222
2017-07-15,0.0
2017-07-16,0.0
2017-07-17,-2.5047262567950312
2017-07-18,2.713025438905192
2017-07-19,-0.9078761803985258
2017-07-20,1.432701705152439
2017-07-21,-0.4607190366594405
2017-07-22,0.0
2017-07-23,0.0
2017-07-24,4.29963656993666
2017-07-25,-0.8525099770780531
2017-07-26,1.2514701075326595
2017-07-27,-2.7308396738741525
2017-07-28,0.1823831604937487
2017-07-29,0.0
2017-07-30,0.0
2017-07-31,-3.4619599719763694
2017-08-01,-1.205677008226358
2017-08-02,1.977657395431476
2017-08-03,6.505265137352168
2017-08-04,2.829238336833151
2017-08-05,0.0
2017-08-06,0.0
2017-08-07,-0.4875225943531958
2017-08-08,2.8296312633764087
2017-08-09,-0.4627365110779324
2017-08-10,-2.236403470594972
2017-08-11,0.6949935317051237
2017-08-12,0.0
2017-08-13,0.0
2017-08-14,1.6570221297372625
2017-08-15,-0.4040664276399042
2017-08-16,0.1600792650172211
2017-08-17,-3.028304189387088
2017-08-18,-1.267331111471515
2017-08-19,0.0
2017-08-20,0.0
2017-08-21,-2.762905378494352
2017-08-22,1.0329693388882788
2017-08-23,3.345540420719151
2017-08-24,0.0453601541904546
2017-08-25,-1.3827155730014251
2017-08-26,0.0
2017-08-27,0.0
2017-08-28,-0.6866784012039551
2017-08-29,0.4918102123601553
2017-08-30,1.6754972691133796
2017-08-31,0.7701464032346061
2017-09-01,-0.1404947921586297
2017-09-02,0.0
2017-09-03,0.0
2017-09-04,0.0
2017-09-05,-1.6347760005731904
2017-09-06,-1.4474113221184748
2017-09-07,1.7647279615777611
2017-09-08,-2.056417827336221
2017-09-09,0.0
2017-09-10,0.0
2017-09-11,5.908562240162607
2017-09-12,-0.258466740618446
2017-09-13,0.9593398738436676
2017-09-14,3.1155332074128017
2017-09-15,0.5746213391062849
2017-09-16,0.0
2017-09-17,0.0
2017-09-18,1.366475329186012
2017-09-19,-2.5714352807659324
2017-09-20,-0.3172448142527928
2017-09-21,-1.9871143403731968
2017-09-22,-4.199406935716921
2017-09-23,0.0
2017-09-24,0.0
2017-09-25,-1.7374506834339831
2017-09-26,0.0753673369837226
2017-09-27,-1.239682707786527
2017-09-28,-0.401795135245564
2017-09-29,0.4416978099188728
2017-09-30,0.0
2017-10-01,0.0
2017-10-02,0.1260661839917132
2017-10-03,1.9354062073632996
2017-10-04,1.9733448385671928
2017-10-05,0.0901398307724177
2017-10-06,0.4362107763772327
2017-10-07,0.0
2017-10-08,0.0
2017-10-09,-3.906072378558045
2017-10-10,3.688687271526536
2017-10-11,-0.2784104719605662
2017-10-12,0.3045706658163727
2017-10-13,-0.0309284561665124
2017-10-14,0.0
2017-10-15,0.0
2017-10-16,-1.397755017833835
2017-10-17,1.4689141609866674
2017-10-18,1.0962764159067495
2017-10-19,-2.179898158245863
2017-10-20,-1.9072835359806528
2017-10-21,0.0
2017-10-22,0.0
2017-10-23,-2.3413464914415094
2017-10-24,0.0949429709730331
2017-10-25,-3.409014097073426
2017-10-26,0.1012737451986156
2017-10-27,-1.62492452064249
2017-10-28,0.0
2017-10-29,0.0
2017-10-30,-0.2462011664685293
2017-10-31,3.5772261217255963
2017-11-01,-3.15205293699512
2017-11-02,-6.795811899941895
2017-11-03,2.282298244867653
2017-11-04,0.0
2017-11-05,0.0
2017-11-06,-1.0813823575954284
2017-11-07,1.0799941188298634
2017-11-08,-0.5423931052012332
2017-11-09,-0.4599405105758847
2017-11-10,0.0
2017-11-11,0.0
2017-11-12,0.0
2017-11-13,4.095845355377215
2017-11-14,-2.1242868646299984
2017-11-15,0.8422362244803194
2017-11-16,0.3854798987162677
2017-11-17,0.8160004160156609
2017-11-18,0.0
2017-11-19,0.0
2017-11-20,-2.002852395999022
2017-11-21,2.937742586698744
2017-11-22,-1.6393380639855182
2017-11-23,0.0
2017-11-24,0.9436982537875503
2017-11-25,0.0
2017-11-26,0.0
2017-11-27,0.3993010599430358
2017-11-28,0.2335796191780703
2017-11-29,-3.1522607487023624
2017-11-30,0.4259625415678147
2017-12-01,-0.751174839672486
2017-12-02,0.0
2017-12-03,0.0
2017-12-04,-0.4338902370729869
2017-12-05,-0.4914735046490981
2017-12-06,3.147841020585296
2017-12-07,-0.6448398065580729
2017-12-08,1.249845338924227
2017-12-09,0.0
2017-12-10,0.0
2017-12-11,4.372799282987505
2017-12-12,3.6848923969736935
2017-12-13,-0.5864581318139273
2017-12-14,-0.336254384720569
2017-12-15,1.6455137466531822
2017-12-16,0.0
2017-12-17,0.0
2017-12-18,-1.3335307046188238
2017-12-19,-2.292913127888252
2017-12-20,-0.6402953688585011
2017-12-21,0.8146410493583334
2017-12-22,-1.947774727779672
2017-12-23,0.0
2017-12-24,0.0
2017-12-25,0.0
2017-12-26,-2.432353347942262
2017-12-27,-1.780707079988264
2017-12-28,1.193690362646893
2017-12-29,-1.2715657450566908
2017-12-30,0.0
2017-12-31,0.0
2018-01-01,0.0
2018-01-02,2.9484572024129463
2018-01-03,-1.0233112708571634
2018-01-04,-0.8289977599700626
2018-01-05,0.6229740634655645
2018-01-06,0.0
2018-01-07,0.0
2018-01-08,6.263821959024418
2018-01-09,-0.808538113492141
2018-01-10,0.3326413914539472
2018-01-11,0.9408646715617364
2018-01-12,-0.5119110235858537
2018-01-13,0.0
2018-01-14,0.0
2018-01-15,0.0
2018-01-16,1.142111624141484
2018-01-17,2.087858455510405
2018-01-18,-0.7460532163804823
2018-01-19,1.5816873268893028
2018-01-20,0.0
2018-01-21,0.0
2018-01-22,0.4399674810198428
2018-01-23,0.3498722972625545
2018-01-24,-1.9558338950656065
2018-01-25,-2.385156263182675
2018-01-26,1.5430662178036458
2018-01-27,0.0
2018-01-28,0.0
2018-01-29,1.9483745784611983
2018-01-30,-1.0614261699658625
2018-01-31,2.455034360487063
2018-02-01,-1.4281293846785892
2018-02-02,-1.5747955382294787
2018-02-03,0.0
2018-02-04,0.0
2018-02-05,-3.089455173037159
2018-02-06,0.2521527021648762
2018-02-07,3.302687941110416
2018-02-08,-8.62898619278617
2018-02-09,-1.5258637910555597
2018-02-10,0.0
2018-02-11,0.0
2018-02-12,1.7105860055229627
2018-02-13,2.511634203743452
2018-02-14,-0.4171050736881954
2018-02-15,3.6486630791516816
2018-02-16,0.4250554934988493
2018-02-17,0.0
2018-02-18,0.0
2018-02-19,0.0
2018-02-20,-0.2146044443118056
2018-02-21,-0.4391140631703649
2018-02-22,3.861385365210501
2018-02-23,1.698588323931571
2018-02-24,0.0
2018-02-25,0.0
2018-02-26,1.525350712013207
2018-02-27,-1.7990057260484416
2018-02-28,-2.259318947873201
2018-03-01,-3.535822749677753
2018-03-02,1.2661277814635996
2018-03-03,0.0
2018-03-04,0.0
2018-03-05,-0.5281691493587704
2018-03-06,-1.5449266428910424
2018-03-07,1.2492436638843696
2018-03-08,-0.9629843215428148
2018-03-09,-0.5864531827206032
2018-03-10,0.0
2018-03-11,0.0
2018-03-12,5.605653312252645
2018-03-13,-1.062199570237954
2018-03-14,-4.449449765294677
2018-03-15,-0.3153405592199232
2018-03-16,-1.305288982206032
2018-03-17,0.0
2018-03-18,0.0
2018-03-19,-2.4241461624452176
2018-03-20,-0.9599427576407972
2018-03-21,1.925614507298312
2018-03-22,-2.3473260104713622
2018-03-23,-2.4458090225057294
2018-03-24,0.0
2018-03-25,0.0
2018-03-26,0.8755086892873409
2018-03-27,-8.218823758246662
2018-03-28,-7.66530355251378
2018-03-29,3.2392000767142104
2018-03-30,0.0
2018-03-31,0.0
2018-04-01,0.0
2018-04-02,-5.1290712302559545
2018-04-03,5.960860827013281
2018-04-04,7.255264788199489
2018-04-05,6.544916484533281
2018-04-06,-2.0999583742291605
2018-04-07,0.0
2018-04-08,0.0
2018-04-09,-3.220844689083846
2018-04-10,5.192293313418306
2018-04-11,-1.237282086437819
2018-04-12,-2.2762782382571456
2018-04-13,2.128673845621321
2018-04-14,0.0
2018-04-15,0.0
2018-04-16,-3.0398916175857997
2018-04-17,-1.2087505392479825
2018-04-18,1.9674020987929584
2018-04-19,2.294182395058919
2018-04-20,-3.2791263163394646
2018-04-21,0.0
2018-04-22,0.0
2018-04-23,-2.3670076256160355
2018-04-24,0.0317633431029751
2018-04-25,-0.9772049765610302
2018-04-26,1.7065024181957211
2018-04-27,3.0124724287798665
2018-04-28,0.0
2018-04-29,0.0
2018-04-30,-0.0612131270442017
2018-05-01,2.048323157183307
2018-05-02,0.4101130176541678
2018-05-03,-5.545415542303256
2018-05-04,3.3890021653050884
2018-05-05,0.0
2018-05-06,0.0
2018-05-07,2.9514774071228267
2018-05-08,-0.2642361564227591
2018-05-09,1.6160606885176954
2018-05-10,-0.5963813211613544
2018-05-11,-1.2982751883414467
2018-05-12,0.0
2018-05-13,0.0
2018-05-14,-3.019336089884739
2018-05-15,-2.668080078854762
2018-05-16,0.8093479277920368
2018-05-17,-0.6771859790704271
2018-05-18,-2.713155456686789
2018-05-19,0.0
2018-05-20,0.0
2018-05-21,2.770754354269944
2018-05-22,-3.3322787235185114
2018-05-23,1.4763174167753412
2018-05-24,-0.4371756014124761
2018-05-25,0.3599112439287566
2018-05-26,0.0
2018-05-27,0.0
2018-05-28,0.0
2018-05-29,1.7608039140968978
2018-05-30,2.8051857754248344
2018-05-31,-2.3961312441811438
2018-06-01,2.4900736382056587
2018-06-02,0.0
2018-06-03,0.0
2018-06-04,1.6859761047419486
2018-06-05,-1.890546640101076
2018-06-06,9.744783937389844
2018-06-07,-1.067291441269691
2018-06-08,0.4966987221204366
2018-06-09,0.0
2018-06-10,0.0
2018-06-11,4.54573538627594
2018-06-12,3.212891816285257
2018-06-13,0.5863940944921264
2018-06-14,3.7531198826580514
2018-06-15,0.1257995940245893
2018-06-16,0.0
2018-06-17,0.0
2018-06-18,3.534633777963325
2018-06-19,-4.929487816484701
2018-06-20,2.7428816276547696
2018-06-21,-4.06106959223671
2018-06-22,-3.994128279636167
2018-06-23,0.0
2018-06-24,0.0
2018-06-25,-0.1858382840757455
2018-06-26,2.699616299368457
2018-06-27,0.7309997535504653
2018-06-28,1.576195226568089
2018-06-29,-1.9946872439894128
2018-06-30,0.0
2018-07-01,0.0
2018-07-02,-2.2977114068266413
2018-07-03,-7.225349003910242
2018-07-04,0.0
2018-07-05,-0.5468763302039825
2018-07-06,-0.0841020088516275
2018-07-07,0.0
2018-07-08,0.0
2018-07-09,3.111040761289652
2018-07-10,1.243288821044897
2018-07-11,-1.0884699093960617
2018-07-12,-0.7054158152785206
2018-07-13,0.6820076610119186
2018-07-14,0.0
2018-07-15,0.0
2018-07-16,-2.750339739194429
2018-07-17,4.059986456040265
2018-07-18,0.3594786801081273
2018-07-19,-1.1177999356501769
2018-07-20,-2.0766382110007697
2018-07-21,0.0
2018-07-22,0.0
2018-07-23,-3.3101575077221224
2018-07-24,-1.903033212777805
2018-07-25,3.8025739298795047
2018-07-26,-0.6769469139103035
2018-07-27,-3.088206837831076
2018-07-28,0.0
2018-07-29,0.0
2018-07-30,-2.358837237467593
2018-07-31,2.74665882877021
2018-08-01,0.9056163722603872
2018-08-02,16.188013070702013
2018-08-03,-0.3919521066382159
2018-08-04,0.0
2018-08-05,0.0
2018-08-06,-1.7749896605615767
2018-08-07,10.988623587715573
2018-08-08,-2.4316999264261008
2018-08-09,-4.83068984460443
2018-08-10,0.8625279557523235
2018-08-11,0.0
2018-08-12,0.0
2018-08-13,0.2588031042529692
2018-08-14,-2.4606514038646665
2018-08-15,-2.574509095993638
2018-08-16,-0.9566252885921388
2018-08-17,-8.928302310985092
2018-08-18,0.0
2018-08-19,0.0
2018-08-20,0.962361955643587
2018-08-21,4.363885291946024
2018-08-22,-0.0807645748638785
2018-08-23,-0.4787970396720964
2018-08-24,0.8497354291167936
2018-08-25,0.0
2018-08-26,0.0
2018-08-27,-1.0996885063753514
2018-08-28,-2.320917226401842
2018-08-29,-2.1964997834462707
2018-08-30,-0.6098187840544389
2018-08-31,-0.4915032852453871
2018-09-01,0.0
2018-09-02,0.0
2018-09-03,0.0
2018-09-04,-4.213355721254053
2018-09-05,-2.84131921334192
2018-09-06,0.0748019836589231
2018-09-07,-6.303609176210712
2018-09-08,0.0
2018-09-09,0.0
2018-09-10,8.456157301917578
2018-09-11,-2.1225884732538947
2018-09-12,3.9722289113205855
2018-09-13,-0.3717242227533113
2018-09-14,1.983007424861816
2018-09-15,0.0
2018-09-16,0.0
2018-09-17,-0.1219520705005638
2018-09-18,-3.3509697095844397
2018-09-19,4.93402960660736
2018-09-20,-0.230760980210809
2018-09-21,0.2581087173404661
2018-09-22,0.0
2018-09-23,0.0
2018-09-24,0.1939105839958932
2018-09-25,0.4371346808820453
2018-09-26,2.8539129305709343
2018-09-27,-0.6654156583666082
2018-09-28,-13.901536785757184
2018-09-29,0.0
2018-09-30,0.0
2018-10-01,17.34713349848751
2018-10-02,-3.115540760046809
2018-10-03,-2.06631011122842
2018-10-04,-4.399589402452852
2018-10-05,-7.053903829718033
2018-10-06,0.0
2018-10-07,0.0
2018-10-08,-4.3481542224090175
2018-10-09,4.885057241581614
2018-10-10,-2.252663592700077
2018-10-11,-1.810191714594478
2018-10-12,2.5968466473239804
2018-10-13,0.0
2018-10-14,0.0
2018-10-15,0.3130010700919561
2018-10-16,6.548787831763603
2018-10-17,-1.7390290644313078
2018-10-18,-2.8957302566477883
2018-10-19,-1.481572143560017
2018-10-20,0.0
2018-10-21,0.0
2018-10-22,0.365396673158247
2018-10-23,12.718904700256497
2018-10-24,-1.9174515010206397
2018-10-25,9.136917152114975
2018-10-26,5.094321706509364
2018-10-27,0.0
2018-10-28,0.0
2018-10-29,1.1937184073759433
2018-10-30,-1.4782734852513355
2018-10-31,2.2491681222557736
2018-11-01,2.0633172207841666
2018-11-02,0.6186833410645631
2018-11-03,0.0
2018-11-04,0.0
2018-11-05,-1.4462615214999477
2018-11-06,-0.0995910849051151
2018-11-07,2.0817452625894184
2018-11-08,0.930604908804078
2018-11-09,-0.2532746256407536
2018-11-10,0.0
2018-11-11,0.0
2018-11-12,-5.486289846261738
2018-11-13,2.2488583932654294
2018-11-14,1.5558041777538725
2018-11-15,1.2907039788430774
2018-11-16,1.6846485069498485
2018-11-17,0.0
2018-11-18,0.0
2018-11-19,-0.237079490750669
2018-11-20,-1.691797240752324
2018-11-21,-2.6763395900558984
2018-11-22,0.0
2018-11-23,-3.654747725516738
2018-11-24,0.0
2018-11-25,0.0
2018-11-26,6.190348159174119
2018-11-27,-0.6011620879413759
2018-11-28,1.1485270415007465
2018-11-29,-1.9260070246266747
2018-11-30,2.7288440954263304
2018-12-01,0.0
2018-12-02,0.0
2018-12-03,2.285430627704254
2018-12-04,0.337530335871139
2018-12-05,0.0
2018-12-06,0.9341156591416766
2018-12-07,-1.4019689883274733
2018-12-08,0.0
2018-12-09,0.0
2018-12-10,2.005745063582776
2018-12-11,0.4409180127082468
2018-12-12,-0.0436220975254975
2018-12-13,2.7795937737711496
2018-12-14,-2.9406295404663663
2018-12-15,0.0
2018-12-16,0.0
2018-12-17,-4.727787408573192
2018-12-18,-3.269048317800327
2018-12-19,-1.2046381459097089
2018-12-20,-5.282757690336403
2018-12-21,1.3919750202525003
2018-12-22,0.0
2018-12-23,0.0
2018-12-24,-7.6242317549288785
2018-12-25,0.0
2018-12-26,10.39303204018276
2018-12-27,-3.0543696163891854
2018-12-28,5.611616189772195
2018-12-29,0.0
2018-12-30,0.0
2018-12-31,-0.3204822238153437
2019-01-01,0.0
2019-01-02,-6.81489998068292
2019-01-03,-3.147171266518334
2019-01-04,5.76973909120706
2019-01-05,0.0
2019-01-06,0.0
2019-01-07,5.436123871697496
2019-01-08,0.1164276402344066
2019-01-09,0.9482625353500752
2019-01-10,1.9023398389568456
2019-01-11,0.6638316576923708
2019-01-12,0.0
2019-01-13,0.0
2019-01-14,-3.7032804709524303
2019-01-15,2.999402727229117
2019-01-16,0.4703414429845676
2019-01-17,0.3641076501960549
2019-01-18,-12.97111611448506
2019-01-19,0.0
2019-01-20,0.0
2019-01-21,0.0
2019-01-22,-1.105014002693694
2019-01-23,-3.790309945117787
2019-01-24,1.3630522645296628
2019-01-25,1.8970237843449531
2019-01-26,0.0
2019-01-27,0.0
2019-01-28,-0.2221954458842989
2019-01-29,0.3643996002792526
2019-01-30,3.8021902704256094
2019-01-31,-0.5667655087972956
2019-02-01,1.6904375467739818
2019-02-02,0.0
2019-02-03,0.0
2019-02-04,0.2178046704109926
2019-02-05,2.7038217137096865
2019-02-06,-1.2851945460094385
2019-02-07,-3.060966158452272
2019-02-08,-0.5560810155770257
2019-02-09,0.0
2019-02-10,0.0
2019-02-11,2.3021597541653227
2019-02-12,-0.3292499161602569
2019-02-13,-1.1673755836671518
2019-02-14,-1.4277820308407851
2019-02-15,1.3529981687833148
2019-02-16,0.0
2019-02-17,0.0
2019-02-18,0.0
2019-02-19,-0.7275592114103224
2019-02-20,-1.0077140160174023
2019-02-21,-3.744719150082565
2019-02-22,1.194933681598198
2019-02-23,0.0
2019-02-24,0.0
2019-02-25,1.3776227055194656
2019-02-26,-0.3045839953545015
2019-02-27,5.6671041222803975
2019-02-28,1.6330846005180533
2019-03-01,-7.84356604323052
2019-03-02,0.0
2019-03-03,0.0
2019-03-04,-3.198883658491347
2019-03-05,-3.090829156245878
2019-03-06,-0.1084858801788657
2019-03-07,0.1266974118224073
2019-03-08,2.729675994497449
2019-03-09,0.0
2019-03-10,0.0
2019-03-11,2.3861458586003748
2019-03-12,-2.598651055019441
2019-03-13,1.976282669386076
2019-03-14,0.3460732816337186
2019-03-15,-5.011042604829264
2019-03-16,0.0
2019-03-17,0.0
2019-03-18,-2.1566273770704303
2019-03-19,-0.7495627621330492
2019-03-20,2.291845522943481
2019-03-21,0.1535081046109665
2019-03-22,-3.463255713040714
2019-03-23,0.0
2019-03-24,0.0
2019-03-25,-1.5536892576059724
2019-03-26,2.8223624718877183
2019-03-27,2.6365922874079573
2019-03-28,1.3790332193247767
2019-03-29,0.4450491478388718
2019-03-30,0.0
2019-03-31,0.0
2019-04-01,3.3302405197562117
2019-04-02,-1.141164041935272
2019-04-03,2.0743017324461155
2019-04-04,-8.234816239503528
2019-04-05,2.681314318395822
2019-04-06,0.0
2019-04-07,0.0
2019-04-08,-0.6400987082007648
2019-04-09,-0.3257712404775459
2019-04-10,1.3771070245990558
2019-04-11,-2.767510733759237
2019-04-12,-0.268238221889483
2019-04-13,0.0
2019-04-14,0.0
2019-04-15,-0.4930856117047799
2019-04-16,2.6203202008537207
2019-04-17,-0.7791933226055425
2019-04-18,0.7484354720840525
2019-04-19,0.0
2019-04-20,0.0
2019-04-21,0.0
2019-04-22,-3.846152638080802
2019-04-23,0.4376739071872082
2019-04-24,-1.9855977462206356
2019-04-25,-4.26428039397303
2019-04-26,-5.043819414148299
2019-04-27,0.0
2019-04-28,0.0
2019-04-29,2.6920128922461872
2019-04-30,-1.1512753335668258
2019-05-01,-1.9607038171323363
2019-05-02,4.311774592818329
2019-05-03,4.477682789311133
2019-05-04,0.0
2019-05-05,0.0
2019-05-06,0.1215511201830388
2019-05-07,-3.2427353951582027
2019-05-08,-0.8985714919320764
2019-05-09,-1.1681069548660885
2019-05-10,-1.0166102021160528
2019-05-11,0.0
2019-05-12,0.0
2019-05-13,-5.222949436031376
2019-05-14,2.334699863237777
2019-05-15,-0.154966432150061
2019-05-16,-1.560679096708617
2019-05-17,-7.576748791335907
2019-05-18,0.0
2019-05-19,0.0
2019-05-20,-2.686823480397704
2019-05-21,-0.1363499737560669
2019-05-22,-6.022036210467108
2019-05-23,1.4320552722358215
2019-05-24,-2.486063325357668
2019-05-25,0.0
2019-05-26,0.0
2019-05-27,0.0
2019-05-28,-1.012434110963345
2019-05-29,0.6147333130873234
2019-05-30,-0.8637920413351985
2019-05-31,-1.6257608189742534
2019-06-01,0.0
2019-06-02,0.0
2019-06-03,-3.343059616543187
2019-06-04,8.174561896341825
2019-06-05,1.544420373527533
2019-06-06,4.76117502048552
2019-06-07,-0.7040519976872828
2019-06-08,0.0
2019-06-09,0.0
2019-06-10,4.097803335938788
2019-06-11,1.982334850283829
2019-06-12,-3.611234292213117
2019-06-13,2.2221120858935794
2019-06-14,0.4721603986466594
2019-06-15,0.0
2019-06-16,0.0
2019-06-17,4.704074421740101
2019-06-18,-0.1288687236967955
2019-06-19,0.7519764691878983
2019-06-20,-3.007555183009203
2019-06-21,1.019947826256895
2019-06-22,0.0
2019-06-23,0.0
2019-06-24,0.8023076459826362
2019-06-25,-1.73492693830819
2019-06-26,-0.2229738728571129
2019-06-27,1.6281291255971777
2019-06-28,0.2782256239630465
2019-06-29,0.0
2019-06-30,0.0
2019-07-01,1.6602537125377292
2019-07-02,-1.1533195712382427
2019-07-03,4.60921555160565
2019-07-04,0.0
2019-07-05,-0.7662828015858048
2019-07-06,0.0
2019-07-07,0.0
2019-07-08,-1.1840412851381266
2019-07-09,-0.1215630446356974
2019-07-10,3.851176310639493
2019-07-11,-0.1339383089848267
2019-07-12,2.715843406118545
2019-07-13,0.0
2019-07-14,0.0
2019-07-15,3.4356089485530594
2019-07-16,-0.4418164415035952
2019-07-17,0.9826533897421276
2019-07-18,-0.517938756868408
2019-07-19,1.830088813133579
2019-07-20,0.0
2019-07-21,0.0
2019-07-22,-0.9683129904604848
2019-07-23,1.7561027246856264
2019-07-24,1.8103499372800649
2019-07-25,-13.613708110635002
2019-07-26,-0.3408795800965869
2019-07-27,0.0
2019-07-28,0.0
2019-07-29,3.3897550189597503
2019-07-30,2.752683338998274
2019-07-31,-0.2683168467668695
2019-08-01,-3.2117800120570084
2019-08-02,0.2095391899579857
2019-08-03,0.0
2019-08-04,0.0
2019-08-05,-2.5689260005491543
2019-08-06,1.0643000906475075
2019-08-07,1.1570931609834243
2019-08-08,2.090659940038875
2019-08-09,-1.3806206102419003
2019-08-10,0.0
2019-08-11,0.0
2019-08-12,-2.5530805242071963
2019-08-13,2.6156104216395137
2019-08-14,-6.544687260065951
2019-08-15,-1.8122136062087235
2019-08-16,1.994065540164347
2019-08-17,0.0
2019-08-18,0.0
2019-08-19,3.132666502806747
2019-08-20,-0.4276335746339899
2019-08-21,-2.2270402776456644
2019-08-22,0.597746887764683
2019-08-23,-4.839075995863595
2019-08-24,0.0
2019-08-25,0.0
2019-08-26,1.7029312154726028
2019-08-27,-0.4279025860254859
2019-08-28,0.7053461155446694
2019-08-29,2.8387214669075345
2019-08-30,1.7590496412817291
2019-08-31,0.0
2019-09-01,0.0
2019-09-02,0.0
2019-09-03,-0.265945406340462
2019-09-04,-1.924359313509616
2019-09-05,4.03298836753283
2019-09-06,-0.9277824735237415
2019-09-07,0.0
2019-09-08,0.0
2019-09-09,1.9081180789296328
2019-09-10,1.6178436782244845
2019-09-11,4.907867630625118
2019-09-12,-0.4977786258313466
2019-09-13,-0.2724994440746031
2019-09-14,0.0
2019-09-15,0.0
2019-09-16,-0.974719734676288
2019-09-17,0.8154522822672039
2019-09-18,-0.5310523689140867
2019-09-19,1.2772552981913154
2019-09-20,-2.4249895148037104
2019-09-21,0.0
2019-09-22,0.0
2019-09-23,0.2535231296753704
2019-09-24,-7.470053133450349
2019-09-25,2.459568391983602
2019-09-26,6.0603458159791845
2019-09-27,-0.1772805586920722
2019-09-28,0.0
2019-09-29,0.0
2019-09-30,-0.5203793381044264
2019-10-01,1.5859214917846032
2019-10-02,-0.6375418940066435
2019-10-03,-4.154166681375992
2019-10-04,-0.6866001099940289
2019-10-05,0.0
2019-10-06,0.0
2019-10-07,2.7178790132110557
2019-10-08,0.9801398882838708
2019-10-09,1.8662857531057897
2019-10-10,0.0858786586034332
2019-10-11,1.2870745566869737
2019-10-12,0.0
2019-10-13,0.0
2019-10-14,3.658887193698624
2019-10-15,0.3619256367852541
2019-10-16,0.7212409177860479
2019-10-17,0.8546610329575488
2019-10-18,-1.916253072266028
2019-10-19,0.0
2019-10-20,0.0
2019-10-21,-1.342671065408474
2019-10-22,0.820521085401027
2019-10-23,-0.3521482689961441
2019-10-24,17.66923235319593
2019-10-25,9.493463935290958
2019-10-26,0.0
2019-10-27,0.0
2019-10-28,-0.1279974888776403
2019-10-29,-3.506152059118417
2019-10-30,-0.3826398822368126
2019-10-31,-0.0285729907311238
2019-11-01,-0.511244768449004
2019-11-02,0.0
2019-11-03,0.0
2019-11-04,1.327762689323264
2019-11-05,-0.0787463948831446
2019-11-06,2.950627108033665
2019-11-07,2.743587753370691
2019-11-08,0.4768428440276695
2019-11-09,0.0
2019-11-10,0.0
2019-11-11,2.358073903734903
2019-11-12,1.4025304743831235
2019-11-13,-1.0916495379750035
2019-11-14,0.9361251460125342
2019-11-15,0.8072121852793046
2019-11-16,0.0
2019-11-17,0.0
2019-11-18,-0.6190230846208622
2019-11-19,2.722937893509192
2019-11-20,-2.0304890883314552
2019-11-21,0.741013246629163
2019-11-22,-6.140963459164972
2019-11-23,0.0
2019-11-24,0.0
2019-11-25,0.9908688492819008
2019-11-26,-2.206102704718937
2019-11-27,0.7205442797936445
2019-11-28,0.0
2019-11-29,-0.407498645226334
2019-11-30,0.0
2019-12-01,0.0
2019-12-02,1.4942111414791182
2019-12-03,0.3971701615311351
2019-12-04,-0.9428951066637326
2019-12-05,-0.7987205077007897
2019-12-06,1.6708539482366058
2019-12-07,0.0
2019-12-08,0.0
2019-12-09,1.0836776557687555
2019-12-10,2.7420335973247223
2019-12-11,1.1065180701923305
2019-12-12,1.9790216517877823
2019-12-13,-0.3586460316868045
2019-12-14,0.0
2019-12-15,0.0
2019-12-16,6.448273954410255
2019-12-17,-0.6579228102730705
2019-12-18,3.7362396455982383
2019-12-19,2.769941872802484
2019-12-20,0.3836223506470837
2019-12-21,0.0
2019-12-22,0.0
2019-12-23,3.360536294198302
2019-12-24,1.43838710428128
2019-12-25,0.0
2019-12-26,1.3380370052541446
2019-12-27,-0.129952341734707
2019-12-28,0.0
2019-12-29,0.0
2019-12-30,-3.643287242176041
2019-12-31,0.8753267375039453
2020-01-01,0.0
2020-01-02,2.85181750157113
2020-01-03,2.963325829792085
2020-01-04,0.0
2020-01-05,0.0
2020-01-06,1.925463704513497
2020-01-07,3.880052465815398
2020-01-08,4.920482578812169
2020-01-09,-2.1945011900097344
2020-01-10,-0.6627297633174156
2020-01-11,0.0
2020-01-12,0.0
2020-01-13,9.76889588509331
2020-01-14,2.488282212020088
2020-01-15,-3.610201351305786
2020-01-16,-0.96624776360148
2020-01-17,-0.5822894156913949
2020-01-18,0.0
2020-01-19,0.0
2020-01-20,0.0
2020-01-21,7.189030619278936
2020-01-22,4.086264444061727
2020-01-23,0.4635122144013071
2020-01-24,-1.2897603180825443
2020-01-25,0.0
2020-01-26,0.0
2020-01-27,-1.203927283557937
2020-01-28,1.5913383222044608
2020-01-29,2.4854513769903663
2020-01-30,10.296225866535558
2020-01-31,1.5230690473505115
2020-02-01,0.0
2020-02-02,0.0
2020-02-03,19.89485937639493
2020-02-04,13.725640223576471
2020-02-05,-17.17583947927872
2020-02-06,1.940931694254444
2020-02-07,-0.1188323805631386
2020-02-08,0.0
2020-02-09,0.0
2020-02-10,3.1026496329857656
2020-02-11,0.4019260937028868
2020-02-12,-0.9155657933695438
2020-02-13,4.78436525517798
2020-02-14,-0.493775566834842
2020-02-15,0.0
2020-02-16,0.0
2020-02-17,0.0
2020-02-18,7.29597130158357
2020-02-19,6.8755808953255615
2020-02-20,-1.963110509798616
2020-02-21,0.1767808779164825
2020-02-22,0.0
2020-02-23,0.0
2020-02-24,-7.459490327646511
2020-02-25,-4.06337396414489
2020-02-26,-2.6390470576789893
2020-02-27,-12.814583958462688
2020-02-28,-1.6215047800994251
2020-02-29,0.0
2020-03-01,0.0
2020-03-02,11.322034293215232
2020-03-03,0.2541609525980259
2020-03-04,0.5352017372066697
2020-03-05,-3.3302230445070524
2020-03-06,-2.906670486944896
2020-03-07,0.0
2020-03-08,0.0
2020-03-09,-13.572525720249962
2020-03-10,6.139802382366311
2020-03-11,-1.7200452670558586
2020-03-12,-11.617242301113508
2020-03-13,-2.48505535904755
2020-03-14,0.0
2020-03-15,0.0
2020-03-16,-18.57780645558401
2020-03-17,-3.341046380880208
2020-03-18,-16.03440409986845
2020-03-19,18.387684215678775
2020-03-20,-0.0257173615137773
2020-03-21,0.0
2020-03-22,0.0
2020-03-23,1.5811747064244486
2020-03-24,16.281749323562988
2020-03-25,6.782176450892674
2020-03-26,-2.0565621439638027
2020-03-27,-2.6128393930185068
2020-03-28,0.0
2020-03-29,0.0
2020-03-30,-2.377714859552571
2020-03-31,4.355446239344318
2020-04-01,-8.099239055277142
2020-04-02,-5.625466454987249
2020-04-03,5.619734693587186
2020-04-04,0.0
2020-04-05,0.0
2020-04-06,7.547757523349929
2020-04-07,5.658223700690801
2020-04-08,0.6214994497730331
2020-04-09,4.402015748241661
2020-04-10,0.0
2020-04-11,0.0
2020-04-12,0.0
2020-04-13,13.60383930298492
2020-04-14,9.05445731500638
2020-04-15,2.808887827056528
2020-04-16,2.107340162500071
2020-04-17,1.164772358620625
2020-04-18,0.0
2020-04-19,0.0
2020-04-20,-0.9988248360572882
2020-04-21,-7.990777996173771
2020-04-22,6.609682849410836
2020-04-23,-3.6169462779073736
2020-04-24,2.766324531628772
2020-04-25,0.0
2020-04-26,0.0
2020-04-27,10.149622245552823
2020-04-28,-3.709547732357688
2020-04-29,4.081287692467694
2020-04-30,-2.327267492336982
2020-05-01,-10.303371336624089
2020-05-02,0.0
2020-05-03,0.0
2020-05-04,8.536758793631606
2020-05-05,0.9222447764407392
2020-05-06,1.8705825945557253
2020-05-07,-0.3245695176505081
2020-05-08,5.048456274844226
2020-05-09,0.0
2020-05-10,0.0
2020-05-11,-0.99216488475673
2020-05-12,-0.2317270311292141
2020-05-13,-2.279437261341355
2020-05-14,1.5639192802040291
2020-05-15,-0.5178425650618879
2020-05-16,0.0
2020-05-17,0.0
2020-05-18,1.809378550457996
2020-05-19,-0.6907343337870575
2020-05-20,0.934395713390801
2020-05-21,1.476284478490908
2020-05-22,-1.295307770159604
2020-05-23,0.0
2020-05-24,0.0
2020-05-25,0.0
2020-05-26,0.2436044293319339
2020-05-27,0.1660844719264087
2020-05-28,-1.7580381620416865
2020-05-29,3.622440280883765
2020-05-30,0.0
2020-05-31,0.0
2020-06-01,7.556883131087
2020-06-02,-1.8416628784101772
2020-06-03,0.1588043601163047
2020-06-04,-2.1042854169221026
2020-06-05,2.4618805538279664
2020-06-06,0.0
2020-06-07,0.0
2020-06-08,7.25560681818036
2020-06-09,-0.9737634144336148
2020-06-10,8.970205725269786
2020-06-11,-5.09341048991272
2020-06-12,-3.860863311078977
2020-06-13,0.0
2020-06-14,0.0
2020-06-15,5.94687627923618
2020-06-16,-0.8850490655781473
2020-06-17,0.9835722116904756
2020-06-18,1.2270733625858066
2020-06-19,-0.3047851890219832
2020-06-20,0.0
2020-06-21,0.0
2020-06-22,-0.6574092516371532
2020-06-23,0.7502559992799585
2020-06-24,-4.085729818760941
2020-06-25,2.615401198303724
2020-06-26,-2.661315923104824
2020-06-27,0.0
2020-06-28,0.0
2020-06-29,5.169110801188981
2020-06-30,6.98073149894527
2020-07-01,3.687680726581788
2020-07-02,7.951734128033849
2020-07-03,0.0
2020-07-04,0.0
2020-07-05,0.0
2020-07-06,13.47939370342961
2020-07-07,1.3327688522591696
2020-07-08,-1.725350030984485
2020-07-09,2.079245649145589
2020-07-10,10.784776505418648
2020-07-11,0.0
2020-07-12,0.0
2020-07-13,-3.080958510547016
2020-07-14,1.3185863099901995
2020-07-15,1.9257581163604651
2020-07-16,-2.934650436689956
2020-07-17,0.013330494375241
2020-07-18,0.0
2020-07-19,0.0
2020-07-20,9.472028755869456
2020-07-21,-4.542907438750266
2020-07-22,1.5283476518254124
2020-07-23,-4.977615338574271
2020-07-24,-6.34933937061315
2020-07-25,0.0
2020-07-26,0.0
2020-07-27,8.652080631985237
2020-07-28,-4.099112257799797
2020-07-29,1.532007204904584
2020-07-30,-0.7751257440881343
2020-07-31,-3.813804798718812
2020-08-01,0.0
2020-08-02,0.0
2020-08-03,3.790989277703116
2020-08-04,0.1346780796243729
2020-08-05,-0.1331501252462508
2020-08-06,0.3070674289896047
2020-08-07,-2.47519446804122
2020-08-08,0.0
2020-08-09,0.0
2020-08-10,-2.3500914685975927
2020-08-11,-3.1144060652225525
2020-08-12,13.123639474177452
2020-08-13,4.260465047807616
2020-08-14,1.832819678811437
2020-08-15,0.0
2020-08-16,0.0
2020-08-17,11.203058154519477
2020-08-18,2.802837419569393
2020-08-19,-0.4536059116861501
2020-08-20,6.563643667445929
2020-08-21,2.405292672907056
2020-08-22,0.0
2020-08-23,0.0
2020-08-24,-1.7453806448256226
2020-08-25,0.4537751185374361
2020-08-26,6.416619165356252
2020-08-27,3.9746079206424154
2020-08-28,-1.132329943990784
2020-08-29,0.0
2020-08-30,0.0
2020-08-31,12.56890549105465
2020-09-01,-4.669690804684601
2020-09-02,-5.826756524083643
2020-09-03,-9.023849203316049
2020-09-04,2.7813247275265907
2020-09-05,0.0
2020-09-06,0.0
2020-09-07,0.0
2020-09-08,-21.0628243203908
2020-09-09,10.923349433825734
2020-09-10,1.3814582587770683
2020-09-11,0.3716263443279244
2020-09-12,0.0
2020-09-13,0.0
2020-09-14,12.58317707423402
2020-09-15,7.182685140266343
2020-09-16,-1.778729846250804
2020-09-17,-4.149312452942333
2020-09-18,4.421041843491591
2020-09-19,0.0
2020-09-20,0.0
2020-09-21,1.6374511668703071
2020-09-22,-5.598694682346284
2020-09-23,-10.341090738483928
2020-09-24,1.95341463945935
2020-09-25,5.041385121376596
2020-09-26,0.0
2020-09-27,0.0
2020-09-28,3.402559403978977
2020-09-29,-0.5056919415549199
2020-09-30,2.371912031427703
2020-10-01,4.463774876849502
2020-10-02,-7.379069181901709
2020-10-03,0.0
2020-10-04,0.0
2020-10-05,2.5512531789757986
2020-10-06,-2.748539351192436
2020-10-07,2.734429726618948
2020-10-08,0.1457783058976591
2020-10-09,1.897077543397918
2020-10-10,0.0
2020-10-11,0.0
2020-10-12,1.912439516394837
2020-10-13,0.9834932884270176
2020-10-14,3.279971811637284
2020-10-15,-2.692390743031925
2020-10-16,-2.051768046956881
2020-10-17,0.0
2020-10-18,0.0
2020-10-19,-2.010601434417058
2020-10-20,-2.0634587544658856
2020-10-21,0.1659032570936247
2020-10-22,0.7453064711647084
2020-10-23,-1.2118551755604834
2020-10-24,0.0
2020-10-25,0.0
2020-10-26,-0.0832099676094877
2020-10-27,1.0469159823756513
2020-10-28,-4.393897519056244
2020-10-29,1.1846701366300838
2020-10-30,-5.547305218949495
2020-10-31,0.0
2020-11-01,0.0
2020-11-02,3.213582666134873
2020-11-03,5.840061701119437
2020-11-04,-0.6888484603579825
2020-11-05,4.064330054386223
2020-11-06,-1.858065570474754
2020-11-07,0.0
2020-11-08,0.0
2020-11-09,-2.021165833954497
2020-11-10,-2.587474253102262
2020-11-11,1.64977197153513
2020-11-12,-1.2873745767280065
2020-11-13,-0.7917146283160204
2020-11-14,0.0
2020-11-15,0.0
2020-11-16,-0.1003718251120999
2020-11-17,8.213879250177957
2020-11-18,10.19677586611878
2020-11-19,2.5953518324515645
2020-11-20,-1.934825502075788
2020-11-21,0.0
2020-11-22,0.0
2020-11-23,6.584827501609536
2020-11-24,6.425217853318599
2020-11-25,3.3526586238356693
2020-11-26,0.0
2020-11-27,2.048779585270877
2020-11-28,0.0
2020-11-29,0.0
2020-11-30,-3.100243964538618
2020-12-01,3.0232565079099327
2020-12-02,-2.7258998689319025
2020-12-03,4.31770706457868
2020-12-04,0.953853028069096
2020-12-05,0.0
2020-12-06,0.0
2020-12-07,7.131413268972531
2020-12-08,1.265269756091203
2020-12-09,-6.985904262531573
2020-12-10,3.7370957678594103
2020-12-11,-2.723776737586814
2020-12-12,0.0
2020-12-13,0.0
2020-12-14,4.891885330572698
2020-12-15,-1.0284031966116491
2020-12-16,-1.6549539644792557
2020-12-17,5.319781856425476
2020-12-18,5.96127789695875
2020-12-19,0.0
2020-12-20,0.0
2020-12-21,-6.494968189377415
2020-12-22,-1.464926902636221
2020-12-23,0.8807772074100217
2020-12-24,2.444349518922251
2020-12-25,0.0
2020-12-26,0.0
2020-12-27,0.0
2020-12-28,0.2901307404113096
2020-12-29,0.3465523985226593
2020-12-30,4.322886588244468
2020-12-31,1.567398119122254
2021-01-01,0.0
2021-01-02,0.0
2021-01-03,0.0
2021-01-04,3.415197180829077
2021-01-05,0.7317368906131216
2021-01-06,2.8390302267496503
2021-01-07,7.944656360858104
2021-01-08,7.840299470467449
2021-01-09,0.0
2021-01-10,0.0
2021-01-11,-7.821411721500826
2021-01-12,4.7152947996006445
2021-01-13,0.5850950889994211
2021-01-14,-1.1013523157297866
2021-01-15,-2.229585445953408
2021-01-16,0.0
2021-01-17,0.0
2021-01-18,0.0
2021-01-19,2.225962918348801
2021-01-20,0.6985997867906768
2021-01-21,-0.6420156263489907
2021-01-22,0.195264251408278
2021-01-23,0.0
2021-01-24,0.0
2021-01-25,4.034780611460387
2021-01-26,0.259991882074928
2021-01-27,-2.143608477064074
2021-01-28,-3.3246240146660666
2021-01-29,-5.015373491403896
2021-01-30,0.0
2021-01-31,0.0
2021-02-01,5.832167286763457
2021-02-02,3.9270726531715816
2021-02-03,-2.073806533256328
2021-02-04,-0.5499119810906672
2021-02-05,0.2635349660717656
2021-02-06,0.0
2021-02-07,0.0
2021-02-08,1.31302972383458
2021-02-09,-1.6168321643152184
2021-02-10,-5.255094430399831
2021-02-11,0.8498789811735685
2021-02-12,0.5494900903412869
2021-02-13,0.0
2021-02-14,0.0
2021-02-15,0.0
2021-02-16,-2.4383660823671938
2021-02-17,0.2423867227268505
2021-02-18,-1.3493691045324274
2021-02-19,-0.7721833533733569
2021-02-20,0.0
2021-02-21,0.0
2021-02-22,-8.549845855559933
2021-02-23,-2.1917429429917368
2021-02-24,6.178807266392283
2021-02-25,-8.059082496045278
2021-02-26,-0.9850152211020368
2021-02-27,0.0
2021-02-28,0.0
2021-03-01,6.3552911481925545
2021-03-02,-4.452763648659907
2021-03-03,-4.8423758283395735
2021-03-04,-4.862218183112743
2021-03-05,-3.779931353128296
2021-03-06,0.0
2021-03-07,0.0
2021-03-08,-5.84496728285433
2021-03-09,19.64120760817838
2021-03-10,-0.8195069108326458
2021-03-11,4.721134236531421
2021-03-12,-0.8390501992574073
2021-03-13,0.0
2021-03-14,0.0
2021-03-15,2.048346120622257
2021-03-16,-4.387377195940423
2021-03-17,3.683074261011732
2021-03-18,-6.93207276395118
2021-03-19,0.261800506262122
2021-03-20,0.0
2021-03-21,0.0
2021-03-22,2.3103830299388672
2021-03-23,-1.170146456365928
2021-03-24,-4.816058727810213
2021-03-25,1.6056627401557888
2021-03-26,-3.385438241576766
2021-03-27,0.0
2021-03-28,0.0
2021-03-29,-1.1992667021112458
2021-03-30,3.98010788512122
2021-03-31,5.083220558444035
2021-04-01,-0.9252455923120072
2021-04-02,0.0
2021-04-03,0.0
2021-04-04,0.0
2021-04-05,4.427659122771899
2021-04-06,0.082477611279863
2021-04-07,-2.985742820893089
2021-04-08,1.912159613436426
2021-04-09,-0.991515573303492
2021-04-10,0.0
2021-04-11,0.0
2021-04-12,3.686741230129442
2021-04-13,8.595690364784803
2021-04-14,-3.947166704647509
2021-04-15,0.9040931223980752
2021-04-16,0.1258702915195808
2021-04-17,0.0
2021-04-18,0.0
2021-04-19,-3.3996584686308617
2021-04-20,0.6101017267521991
2021-04-21,3.4951793439894185
2021-04-22,-3.283069676699324
2021-04-23,1.3491908213451254
2021-04-24,0.0
2021-04-25,0.0
2021-04-26,1.2064715006025797
2021-04-27,-4.532647907368292
2021-04-28,-1.4672094304228334
2021-04-29,-2.505755171974844
2021-04-30,4.791723957558203
2021-05-01,0.0
2021-05-02,0.0
2021-05-03,-3.4590632711300584
2021-05-04,-1.6498740899281938
2021-05-05,-0.3948959080373626
2021-05-06,-1.1029338520784917
2021-05-07,1.3307460953421169
2021-05-08,0.0
2021-05-09,0.0
2021-05-10,-6.444373139784076
2021-05-11,-1.8822278764288547
2021-05-12,-4.42482129268541
2021-05-13,-3.085320398089641
2021-05-14,3.157303299711356
2021-05-15,0.0
2021-05-16,0.0
2021-05-17,-2.189098294684022
2021-05-18,0.1802945851153259
2021-05-19,-2.493638386588848
2021-05-20,4.138712802336375
2021-05-21,-1.0054917128925145
2021-05-22,0.0
2021-05-23,0.0
2021-05-24,4.40022264046771
2021-05-25,-0.2885668382965889
2021-05-26,2.3879957500782645
2021-05-27,1.8929840154243704
2021-05-28,-0.8924522802159496
2021-05-29,0.0
2021-05-30,0.0
2021-05-31,0.0
2021-06-01,-0.2111268599623961
2021-06-02,-3.0100952337768105
2021-06-03,-5.334476431283097
2021-06-04,4.575447057551552
2021-06-05,0.0
2021-06-06,0.0
2021-06-07,1.0149431698305733
2021-06-08,-0.2544921741878703
2021-06-09,-0.7968981371759054
2021-06-10,1.8938501740255689
2021-06-11,-0.0377018031215592
2021-06-12,0.0
2021-06-13,0.0
2021-06-14,1.2789221849023311
2021-06-15,-2.967508257962048
2021-06-16,0.9193155632698068
2021-06-17,1.9392614586788648
2021-06-18,1.0882243306208572
2021-06-19,0.0
2021-06-20,0.0
2021-06-21,-0.3978800587379094
2021-06-22,0.4638983624973836
2021-06-23,5.268476618207552
2021-06-24,3.541130298415452
2021-06-25,-1.1694312026312326
2021-06-26,0.0
2021-06-27,0.0
2021-06-28,2.5079265670402195
2021-06-29,-1.1557681931349095
2021-06-30,-0.1557079686155149
2021-07-01,-0.2618823077943255
2021-07-02,0.144563705130829
2021-07-03,0.0
2021-07-04,0.0
2021-07-05,0.0
2021-07-06,-2.8457809785947363
2021-07-07,-2.2635628571399224
2021-07-08,1.2658037290573354
2021-07-09,0.6341837079579582
2021-07-10,0.0
2021-07-11,0.0
2021-07-12,4.376281940329863
2021-07-13,-2.5025526817094024
2021-07-14,-2.267626253562338
2021-07-15,-0.4254796226577984
2021-07-16,-0.9806316575730613
2021-07-17,0.0
2021-07-18,0.0
2021-07-19,0.3104482057777691
2021-07-20,2.209778342837665
2021-07-21,-0.7888019850240235
2021-07-22,-0.9202007847976312
2021-07-23,-0.9056424875986236
2021-07-24,0.0
2021-07-25,0.0
2021-07-26,2.21330699272444
2021-07-27,-1.9524948196872671
2021-07-28,0.3412035440299554
2021-07-29,4.694118807423009
2021-07-30,1.4541928508582602
2021-07-31,0.0
2021-08-01,0.0
2021-08-02,3.269792866600429
2021-08-03,0.009862621233192
2021-08-04,0.1662548831768751
2021-08-05,0.5218642492307302
2021-08-06,-2.1731523084098203
2021-08-07,0.0
2021-08-08,0.0
2021-08-09,2.096977928274679
2021-08-10,-0.5281893495678203
2021-08-11,-0.3056357047287239
2021-08-12,2.0386528392057013
2021-08-13,-0.7033557040174165
2021-08-14,0.0
2021-08-15,0.0
2021-08-16,-4.322549735370618
2021-08-17,-2.981764971635037
2021-08-18,3.497015710402862
2021-08-19,-2.2525688289902868
2021-08-20,1.0082056516856452
2021-08-21,0.0
2021-08-22,0.0
2021-08-23,3.827951753459824
2021-08-24,0.3100647278995616
2021-08-25,0.3825045873930843
2021-08-26,-1.411697599720818
2021-08-27,1.534601190801821
2021-08-28,0.0
2021-08-29,0.0
2021-08-30,2.6674352644943333
2021-08-31,0.6580834075438302
2021-09-01,-0.2215523359840543
2021-09-02,-0.2315788147756681
2021-09-03,0.1611132584267371
2021-09-04,0.0
2021-09-05,0.0
2021-09-06,0.0
2021-09-07,2.637783858939624
2021-09-08,0.1261750212247392
2021-09-09,0.1313231087076927
2021-09-10,-2.462703836613433
2021-09-11,0.0
2021-09-12,0.0
2021-09-13,0.914066245943812
2021-09-14,0.2005349858663185
2021-09-15,1.5231899000174076
2021-09-16,0.1534761707668197
2021-09-17,0.33025333532406
2021-09-18,0.0
2021-09-19,0.0
2021-09-20,-3.860484330594227
2021-09-21,1.2613531089680885
2021-09-22,1.69871810945057
2021-09-23,0.2260814616488859
2021-09-24,2.7533059916662994
2021-09-25,0.0
2021-09-26,0.0
2021-09-27,2.191406322043732
2021-09-28,-1.7438356123178789
2021-09-29,0.4822778775393388
2021-09-30,-0.7461809477373404
2021-10-01,-0.0335288791083465
2021-10-02,0.0
2021-10-03,0.0
2021-10-04,0.8139621398127517
2021-10-05,-0.1202850103416031
2021-10-06,0.2767142490538443
2021-10-07,1.3874260399496352
2021-10-08,-1.0231834522373306
2021-10-09,0.0
2021-10-10,0.0
2021-10-11,0.8211528565575943
2021-10-12,1.740026730336086
2021-10-13,0.6652379022320076
2021-10-14,0.8926471099504285
2021-10-15,3.0195999501915205
2021-10-16,0.0
2021-10-17,0.0
2021-10-18,3.212224493643445
2021-10-19,-0.6711860640270406
2021-10-20,0.1770314041126264
2021-10-21,3.257101073349511
2021-10-22,1.7539107559511269
2021-10-23,0.0
2021-10-24,0.0
2021-10-25,12.661598362581984
2021-10-26,-0.6274050392506725
2021-10-27,1.9078438805710585
2021-10-28,3.775074872979922
2021-10-29,3.431629436179362
2021-10-30,0.0
2021-10-31,0.0
2021-11-01,8.49102277797451
2021-11-02,-3.027499529203259
2021-11-03,3.571673801973452
2021-11-04,1.322229787968365
2021-11-05,-0.6358169933862068
2021-11-06,0.0
2021-11-07,0.0
2021-11-08,-4.8400709533863
2021-11-09,-11.990303254359858
2021-11-10,4.342945192962477
2021-11-11,-0.4157528824601408
2021-11-12,-2.829310201599211
2021-11-13,0.0
2021-11-14,0.0
2021-11-15,-1.938224449936754
2021-11-16,4.079376842602822
2021-11-17,3.2501208284666294
2021-11-18,0.6767610267700563
2021-11-19,3.710391800920432
2021-11-20,0.0
2021-11-21,0.0
2021-11-22,1.7422122080461122
2021-11-23,-4.135293272729212
2021-11-24,0.6284772484400847
2021-11-25,0.0
2021-11-26,-3.0537595031082
2021-11-27,0.0
2021-11-28,0.0
2021-11-29,5.090022790022752
2021-11-30,0.6833823403773698
2021-12-01,-4.346763456194869
2021-12-02,-0.949773919092467
2021-12-03,-6.419876077133225
2021-12-04,0.0
2021-12-05,0.0
2021-12-06,-0.5872086315763081
2021-12-07,4.235837141187604
2021-12-08,1.6363195584229162
2021-12-09,-6.095644581905246
2021-12-10,1.3179927022311633
2021-12-11,0.0
2021-12-12,0.0
2021-12-13,-4.977243020772959
2021-12-14,-0.8174578197676308
2021-12-15,1.8236618133556703
2021-12-16,-5.027713279025869
2021-12-17,0.6095449446181567
2021-12-18,0.0
2021-12-19,0.0
2021-12-20,-3.498927121736173
2021-12-21,4.288056302579579
2021-12-22,7.494705523716627
2021-12-23,5.761886305530961
2021-12-24,0.0
2021-12-25,0.0
2021-12-26,0.0
2021-12-27,2.524839149906688
2021-12-28,-0.500027534279357
2021-12-29,-0.2094710276184019
2021-12-30,-1.4592268383646134
2021-12-31,-1.2668840823859997
2022-01-01,0.0
2022-01-02,0.0
2022-01-03,13.53166841897706
2022-01-04,-4.1832696836128
2022-01-05,-5.347121367683638
2022-01-06,-2.152337383085412
2022-01-07,-3.544656745171681
2022-01-08,0.0
2022-01-09,0.0
2022-01-10,3.034195341380186
2022-01-11,0.5935024657598653
2022-01-12,3.9289748931841775
2022-01-13,-6.749107331435766
2022-01-14,1.7497758575059086
2022-01-15,0.0
2022-01-16,0.0
2022-01-17,0.0
2022-01-18,-1.819724123253097
2022-01-19,-3.38278969185718
2022-01-20,0.0622703882878772
2022-01-21,-5.256606712507206
2022-01-22,0.0
2022-01-23,0.0
2022-01-24,-1.472612987219568
2022-01-25,-1.2473124842489969
2022-01-26,2.069905258271132
2022-01-27,-11.554175561970448
2022-01-28,2.080569276687028
2022-01-29,0.0
2022-01-30,0.0
2022-01-31,10.677611383930952
2022-02-01,-0.5839526637397507
2022-02-02,-2.7479191598914543
2022-02-03,-1.6032495024878912
2022-02-04,3.611110968421327
2022-02-05,0.0
2022-02-06,0.0
2022-02-07,-1.730718642133755
2022-02-08,1.61571905234128
2022-02-09,1.0845920427172029
2022-02-10,-2.945277101746824
2022-02-11,-4.925102969626416
2022-02-12,0.0
2022-02-13,0.0
2022-02-14,1.8325664372135009
2022-02-15,5.329076428276847
2022-02-16,0.1040753240939995
2022-02-17,-5.094269900666093
2022-02-18,-2.210303529672075
2022-02-19,0.0
2022-02-20,0.0
2022-02-21,0.0
2022-02-22,-4.136624223452856
2022-02-23,-6.997917599526948
2022-02-24,4.807345500262783
2022-02-25,1.1364031324829549
2022-02-26,0.0
2022-02-27,0.0
2022-02-28,7.477746853358713
2022-03-01,-0.6962143345558558
2022-03-02,1.7955297114516489
2022-03-03,-4.614210448825773
2022-03-04,-0.1191519626585146
2022-03-05,0.0
2022-03-06,0.0
2022-03-07,-4.021280504200253
2022-03-08,2.463394210323222
2022-03-09,4.193357517885765
2022-03-10,-2.4063755330148706
2022-03-11,-5.12345859010529
2022-03-12,0.0
2022-03-13,0.0
2022-03-14,-3.643680236868741
2022-03-15,4.634835554625338
2022-03-16,4.781204042527865
2022-03-17,3.7335010469022656
2022-03-18,3.876779427650434
2022-03-19,0.0
2022-03-20,0.0
2022-03-21,1.7417963888751054
2022-03-22,7.905243778179138
2022-03-23,0.5161136057840299
2022-03-24,1.4823128420135223
2022-03-25,-0.3234937980317265
2022-03-26,0.0
2022-03-27,0.0
2022-03-28,8.034507836118209
2022-03-29,0.7079858095940583
2022-03-30,-0.507475414515135
2022-03-31,-1.4981813142339484
2022-04-01,0.6486599368272561
2022-04-02,0.0
2022-04-03,0.0
2022-04-04,5.611341298759176
2022-04-05,-4.730897154420111
2022-04-06,-4.169489429436835
2022-04-07,1.0996816105212748
2022-04-08,-3.004944796541842
2022-04-09,0.0
2022-04-10,0.0
2022-04-11,-4.832808607380468
2022-04-12,1.1291813566499442
2022-04-13,3.5888356035912894
2022-04-14,-3.655231880843268
2022-04-15,0.0
2022-04-16,0.0
2022-04-17,0.0
2022-04-18,1.958373343116304
2022-04-19,2.3758093445249484
2022-04-20,-4.955503671370098
2022-04-21,3.231684066245521
2022-04-22,-0.3697576672395231
2022-04-23,0.0
2022-04-24,0.0
2022-04-25,-0.6994645387893739
2022-04-26,-12.184121881948872
2022-04-27,0.5807678470473254
2022-04-28,-0.4537702888526063
2022-04-29,-0.7692220213591394
2022-04-30,0.0
2022-05-01,0.0
2022-05-02,3.6956284714332983
2022-05-03,0.6988279761963367
2022-05-04,4.769864576468552
2022-05-05,-8.328615317548016
2022-05-06,-0.8737180698190294
2022-05-07,0.0
2022-05-08,0.0
2022-05-09,-9.07294880724968
2022-05-10,1.6427173986372612
2022-05-11,-8.254582843646041
2022-05-12,-0.8174386751047313
2022-05-13,5.712909369145702
2022-05-14,0.0
2022-05-15,0.0
2022-05-16,-5.875856161837268
2022-05-17,5.141017778952928
2022-05-18,-6.801379812405905
2022-05-19,-0.0549463447653497
2022-05-20,-6.416505716141863
2022-05-21,0.0
2022-05-22,0.0
2022-05-23,1.656871415985961
2022-05-24,-6.925464690507588
2022-05-25,4.877737911795799
2022-05-26,7.427138936829314
2022-05-27,7.3333062537426
2022-05-28,0.0
2022-05-29,0.0
2022-05-30,0.0
2022-05-31,-0.1803563389055407
2022-06-01,-2.359349020027346
2022-06-02,4.677398003874078
2022-06-03,-9.219359988526964
2022-06-04,0.0
2022-06-05,0.0
2022-06-06,1.60472016783606
2022-06-07,0.2546055889893983
2022-06-08,1.2474516432601446
2022-06-09,-0.8930555308462429
2022-06-10,-3.1190911234383334
2022-06-11,0.0
2022-06-12,0.0
2022-06-13,-7.102153990705961
2022-06-14,2.38871570556407
2022-06-15,5.482367080362738
2022-06-16,-8.540769912654255
2022-06-17,1.7174980283869656
2022-06-18,0.0
2022-06-19,0.0
2022-06-20,0.0
2022-06-21,9.354434802147836
2022-06-22,-0.4007805884153503
2022-06-23,-0.4306310889948483
2022-06-24,4.524889345059324
2022-06-25,0.0
2022-06-26,0.0
2022-06-27,-0.3201650512785758
2022-06-28,-5.00435578248114
2022-06-29,-1.79371823809088
2022-06-30,-1.7579227799377484
2022-07-01,1.242913166698001
2022-07-02,0.0
2022-07-03,0.0
2022-07-04,0.0
2022-07-05,2.55357048139746
2022-07-06,-0.5720802000385605
2022-07-07,5.52790448805931
2022-07-08,2.543516968760051
2022-07-09,0.0
2022-07-10,0.0
2022-07-11,-6.548005948146862
2022-07-12,-0.5433611636988744
2022-07-13,1.7033448479672808
2022-07-14,0.5371861218914864
2022-07-15,0.7357231540860099
2022-07-16,0.0
2022-07-17,0.0
2022-07-18,0.1999426810217919
2022-07-19,2.0716718219316865
2022-07-20,0.8023464466653252
2022-07-21,9.78047072285353
2022-07-22,0.1975226219898207
2022-07-23,0.0
2022-07-24,0.0
2022-07-25,-1.3994935471540293
2022-07-26,-3.5663731211253102
2022-07-27,6.165503699222064
2022-07-28,2.212352234272652
2022-07-29,5.784976985791013
2022-07-30,0.0
2022-07-31,0.0
2022-08-01,0.0426311524142297
2022-08-02,1.1134400598203698
2022-08-03,2.265568716125621
2022-08-04,0.4023022853486102
2022-08-05,-6.63030068235908
2022-08-06,0.0
2022-08-07,0.0
2022-08-08,0.7819434052879659
2022-08-09,-2.4412625864385085
2022-08-10,3.890581776676605
2022-08-11,-2.6249292544206493
2022-08-12,4.675014362841368
2022-08-13,0.0
2022-08-14,0.0
2022-08-15,3.096359891583922
2022-08-16,-0.8912075793144236
2022-08-17,-0.8372333511224461
2022-08-18,-0.3706219721136605
2022-08-19,-2.0481852686155544
2022-08-20,0.0
2022-08-21,0.0
2022-08-22,-2.2764022407583906
2022-08-23,2.25584954757323
2022-08-24,0.2170125887066332
2022-08-25,-0.3455684406709514
2022-08-26,-2.695312185941689
2022-08-27,0.0
2022-08-28,0.0
2022-08-29,-1.135058160727187
2022-08-30,-2.49982267189629
2022-08-31,-0.7526203685978228
2022-09-01,0.5623955563764049
2022-09-02,-2.507581222110289
2022-09-03,0.0
2022-09-04,0.0
2022-09-05,0.0
2022-09-06,1.5580556255471167
2022-09-07,3.381677109982606
2022-09-08,1.959815762903916
2022-09-09,3.602289482946186
2022-09-10,0.0
2022-09-11,0.0
2022-09-12,1.581694096302666
2022-09-13,-4.037188096320543
2022-09-14,3.587437200418364
2022-09-15,0.3767273730617582
2022-09-16,-0.1316852334104945
2022-09-17,0.0
2022-09-18,0.0
2022-09-19,1.8856110452001085
2022-09-20,-0.1100062541927515
2022-09-21,-2.568594859963436
2022-09-22,-4.059172855911775
2022-09-23,-4.594757245188685
2022-09-24,0.0
2022-09-25,0.0
2022-09-26,0.246984791531557
2022-09-27,2.510775852537339
2022-09-28,1.72121123742337
2022-09-29,-6.810050474193585
2022-09-30,-1.1036096899372572
2022-10-01,0.0
2022-10-02,0.0
2022-10-03,-8.614516909902203
2022-10-04,2.9042940273044104
2022-10-05,-3.459751763288144
2022-10-06,-1.112907563204113
2022-10-07,-6.324275500689214
2022-10-08,0.0
2022-10-09,0.0
2022-10-10,-0.0493121471913937
2022-10-11,-2.897383620084637
2022-10-12,0.3418039229395431
2022-10-13,2.062233296932958
2022-10-14,-7.545550981161043
2022-10-15,0.0
2022-10-16,0.0
2022-10-17,7.005219876844371
2022-10-18,0.3829479437052141
2022-10-19,0.8401793106927569
2022-10-20,-6.64744863679374
2022-10-21,3.454266549727758
2022-10-22,0.0
2022-10-23,0.0
2022-10-24,-1.4875967194030837
2022-10-25,5.287573097725584
2022-10-26,0.9981122376490958
2022-10-27,0.200319154854367
2022-10-28,1.523838460338034
2022-10-29,0.0
2022-10-30,0.0
2022-10-31,-0.4288512900427088
2022-11-01,0.1230614601160695
2022-11-02,-5.636033352596037
2022-11-03,0.1535035061926981
2022-11-04,-3.64125977743186
2022-11-05,0.0
2022-11-06,0.0
2022-11-07,-5.007952633400592
2022-11-08,-2.932818513088775
2022-11-09,-7.166757185130745
2022-11-10,7.393437216942544
2022-11-11,2.7527264924482875
2022-11-12,0.0
2022-11-13,0.0
2022-11-14,-2.561618738169713
2022-11-15,1.8172303095892015
2022-11-16,-3.857627852399581
2022-11-17,-2.0062058831236462
2022-11-18,-1.6269016527425406
2022-11-19,0.0
2022-11-20,0.0
2022-11-21,-6.837231343190053
2022-11-22,1.215231193339683
2022-11-23,7.821783885404354
2022-11-24,0.0
2022-11-25,-0.1855875237741666
2022-11-26,0.0
2022-11-27,0.0
2022-11-28,0.0328106520799842
2022-11-29,-1.1425739989130657
2022-11-30,7.670184691003823
2022-12-01,0.0
2022-12-02,0.0821795914829559
2022-12-03,0.0
2022-12-04,0.0
2022-12-05,-6.368676805520934
2022-12-06,-1.441485156488942
2022-12-07,-3.214333112368561
2022-12-08,-0.3447430865732959
2022-12-09,3.23454827685834
2022-12-10,0.0
2022-12-11,0.0
2022-12-12,-6.27198857086465
2022-12-13,-4.093677795344208
2022-12-14,-2.5784367661833008
2022-12-15,0.5548438139381551
2022-12-16,-4.718717909436521
2022-12-17,0.0
2022-12-18,0.0
2022-12-19,-0.239632976495896
2022-12-20,-8.053641461716088
2022-12-21,-0.1669054589590102
2022-12-22,-8.882756559936855
2022-12-23,-1.7550833466474902
2022-12-24,0.0
2022-12-25,0.0
2022-12-26,0.0
2022-12-27,-11.40885333144338
2022-12-28,3.308891531476843
2022-12-29,8.08269069678893
2022-12-30,1.1164017515666869
2022-12-31,0.0
2023-01-01,0.0
2023-01-02,0.0
2023-01-03,-12.242248574195736
2023-01-04,5.124885285593783
2023-01-05,-2.9039097760312105
2023-01-06,2.4651090365942707
2023-01-07,0.0
2023-01-08,0.0
2023-01-09,5.934901140427806
2023-01-10,-0.7681374256751861
2023-01-11,3.6769060182475055
2023-01-12,0.2759262575250831
2023-01-13,-0.9388119582672938
2023-01-14,0.0
2023-01-15,0.0
2023-01-16,0.0
2023-01-17,7.426473736900463
2023-01-18,-2.0609982513142944
2023-01-19,-1.2501946153228083
2023-01-20,4.914681206251848
2023-01-21,0.0
2023-01-22,0.0
2023-01-23,7.742468874848996
2023-01-24,0.0973908797554434
2023-01-25,0.3752820129427681
2023-01-26,10.967259156647335
2023-01-27,11.000180416824756
2023-01-28,0.0
2023-01-29,0.0
2023-01-30,-6.318150994943417
2023-01-31,3.936155894904236
2023-02-01,4.728092820511631
2023-02-02,3.781489703913388
2023-02-03,0.9082654784473564
2023-02-04,0.0
2023-02-05,0.0
2023-02-06,2.5160537355481294
2023-02-07,1.052579127940878
2023-02-08,2.276304955598274
2023-02-09,2.995684951667865
2023-02-10,-5.030873801899527
2023-02-11,0.0
2023-02-12,0.0
2023-02-13,-1.1427700782035255
2023-02-14,7.50616556523096
2023-02-15,2.384709913101113
2023-02-16,-5.694553722096762
2023-02-17,3.1033480898909005
2023-02-18,0.0
2023-02-19,0.0
2023-02-20,0.0
2023-02-21,-5.2517894338359845
2023-02-22,1.7682553475729224
2023-02-23,0.6024129792842281
2023-02-24,-2.568418000341321
2023-02-25,0.0
2023-02-26,0.0
2023-02-27,5.46017865369246
2023-02-28,-0.9247209573726932
2023-03-01,-1.4291975817664948
2023-03-02,-5.853928157947285
2023-03-03,3.609219282314125
2023-03-04,0.0
2023-03-05,0.0
2023-03-06,-2.0122331071529165
2023-03-07,-3.14740773002814
2023-03-08,-3.041929843714275
2023-03-09,-4.989011995084991
2023-03-10,0.3007195685676977
2023-03-11,0.0
2023-03-12,0.0
2023-03-13,0.5996271168666301
2023-03-14,5.032094792693242
2023-03-15,-1.5333393227232484
2023-03-16,2.0393505108375454
2023-03-17,-2.172378153438792
2023-03-18,0.0
2023-03-19,0.0
2023-03-20,1.7320796272765726
2023-03-21,7.8199191438224736
2023-03-22,-3.2543819591966616
2023-03-23,0.5597736638161654
2023-03-24,-0.9416281069083876
2023-03-25,0.0
2023-03-26,0.0
2023-03-27,0.7352522816861606
2023-03-28,-1.365932511618495
2023-03-29,2.4789906342217005
2023-03-30,0.7220929756684091
2023-03-31,6.237201971890638
2023-04-01,0.0
2023-04-02,0.0
2023-04-03,-6.11684277968263
2023-04-04,-1.1244043709844886
2023-04-05,-3.666007628760604
2023-04-06,-0.2479553165553039
2023-04-07,0.0
2023-04-08,0.0
2023-04-09,0.0
2023-04-10,-0.2972025607984818
2023-04-11,1.235704757019196
2023-04-12,-3.346003653646468
2023-04-13,2.9688716127604264
2023-04-14,-0.484127986031857
2023-04-15,0.0
2023-04-16,0.0
2023-04-17,1.1026990735853115
2023-04-18,-1.4595786064656058
2023-04-19,-2.0183393575926023
2023-04-20,-9.745828230593878
2023-04-21,1.2822849668400638
2023-04-22,0.0
2023-04-23,0.0
2023-04-24,-1.5325895028073244
2023-04-25,-1.1565701922588656
2023-04-26,-4.306963495243776
2023-04-27,4.188619474085376
2023-04-28,2.5719427270091355
2023-04-29,0.0
2023-04-30,0.0
2023-05-01,-1.509339519437758
2023-05-02,-0.939259874721976
2023-05-03,0.1871393277566246
2023-05-04,0.3673471985857102
2023-05-05,5.496278398315546
2023-05-06,0.0
2023-05-07,0.0
2023-05-08,1.0172855182730478
2023-05-09,-1.5367597024416146
2023-05-10,-0.3606270365725583
2023-05-11,2.1003967520705658
2023-05-12,-2.3826162598143963
2023-05-13,0.0
2023-05-14,0.0
2023-05-15,-0.9703474612936968
2023-05-16,0.1021930644472091
2023-05-17,4.407876621166107
2023-05-18,1.742780840135616
2023-05-19,1.8373000232992265
2023-05-20,0.0
2023-05-21,0.0
2023-05-22,4.846228354123516
2023-05-23,-1.641335799687582
2023-05-24,-1.5449266889003166
2023-05-25,0.8583965973816721
2023-05-26,4.716212332992487
2023-05-27,0.0
2023-05-28,0.0
2023-05-29,0.0
2023-05-30,4.136255924264187
2023-05-31,1.3770078361723836
2023-06-01,1.7604137329555236
2023-06-02,3.1081326211683136
2023-06-03,0.0
2023-06-04,0.0
2023-06-05,1.7011727666879528
2023-06-06,1.7002881015874216
2023-06-07,1.473051286244731
2023-06-08,4.582087077762287
2023-06-09,4.06199151040636
2023-06-10,0.0
2023-06-11,0.0
2023-06-12,2.221770896144193
2023-06-13,3.5544128242966044
2023-06-14,-0.7421371317580694
2023-06-15,-0.3465923979989127
2023-06-16,1.813214052015355
2023-06-17,0.0
2023-06-18,0.0
2023-06-19,0.0
2023-06-20,5.338912722001776
2023-06-21,-5.46184007477668
2023-06-22,1.9848894111198725
2023-06-23,-3.027088806722378
2023-06-24,0.0
2023-06-25,0.0
2023-06-26,-6.060016633625775
2023-06-27,3.800042956291749
2023-06-28,2.40996896954786
2023-06-29,0.4917303362650393
2023-06-30,1.6582481606492785
2023-07-01,0.0
2023-07-02,0.0
2023-07-03,6.895373445427366
2023-07-04,0.0
2023-07-05,0.9506123909958086
2023-07-06,-2.1028045208104085
2023-07-07,-0.7630056425625198
2023-07-08,0.0
2023-07-09,0.0
2023-07-10,-1.7563704598109409
2023-07-11,0.0667717084456676
2023-07-12,0.8154422401772665
2023-07-13,2.172875427149612
2023-07-14,1.2522529912772915
2023-07-15,0.0
2023-07-16,0.0
2023-07-17,3.1985215167468217
2023-07-18,1.01935099018704
2023-07-19,-0.7090702250741598
2023-07-20,-9.737009860008497
2023-07-21,-1.0954754468143868
2023-07-22,0.0
2023-07-23,0.0
2023-07-24,3.476659075024613
2023-07-25,-1.404890661412295
2023-07-26,-0.350570220167623
2023-07-27,-3.2683938680391544
2023-07-28,4.196157931177735
2023-07-29,0.0
2023-07-30,0.0
2023-07-31,0.371562162326855
2023-08-01,-2.3781870118334214
2023-08-02,-2.665954157355055
2023-08-03,2.050295817304759
2023-08-04,-2.1055092394165698
2023-08-05,0.0
2023-08-06,0.0
2023-08-07,-0.949343597382446
2023-08-08,-0.6959634206558429
2023-08-09,-3.007606967809695
2023-08-10,1.3006292021680244
2023-08-11,-1.096438608281991
2023-08-12,0.0
2023-08-13,0.0
2023-08-14,-1.1910156448968756
2023-08-15,-2.836164476461433
2023-08-16,-3.1593408302874493
2023-08-17,-2.828016272253575
2023-08-18,-1.7014851321818014
2023-08-19,0.0
2023-08-20,0.0
2023-08-21,7.3274828918382
2023-08-22,0.8258403978685713
2023-08-23,1.573823118710882
2023-08-24,-2.879341090367593
2023-08-25,3.716746349024192
2023-08-26,0.0
2023-08-27,0.0
2023-08-28,0.0964042876308912
2023-08-29,7.687791972402569
2023-08-30,-0.1088726912166326
2023-08-31,0.4593198535678855
2023-09-01,-5.064318329763207
2023-09-02,0.0
2023-09-03,0.0
2023-09-04,0.0
2023-09-05,4.685521401135628
2023-09-06,-1.7817428513501543
2023-09-07,-0.170686201534842
2023-09-08,-1.1889162304087542
2023-09-09,0.0
2023-09-10,0.0
2023-09-11,10.092549928477125
2023-09-12,-2.229686338670178
2023-09-13,1.4281354305895722
2023-09-14,1.7471511114000693
2023-09-15,-0.5977372284481253
2023-09-16,0.0
2023-09-17,0.0
2023-09-18,-3.3200974462619715
2023-09-19,0.4598918977371191
2023-09-20,-1.4671683535119606
2023-09-21,-2.6238620989897266
2023-09-22,-4.231518261464751
2023-09-23,0.0
2023-09-24,0.0
2023-09-25,0.861646752809131
2023-09-26,-1.1619945391094122
2023-09-27,-1.4828753029631048
2023-09-28,2.444908475181906
2023-09-29,1.558566548335394
2023-09-30,0.0
2023-10-01,0.0
2023-10-02,0.5515166158101215
2023-10-03,-2.015106200805405
2023-10-04,5.934371052307452
2023-10-05,-0.425032873937603
2023-10-06,0.1845841218459432
2023-10-07,0.0
2023-10-08,0.0
2023-10-09,-0.3300907210654902
2023-10-10,1.521154344050735
2023-10-11,-0.2389822071472425
2023-10-12,-1.5665976919941982
2023-10-13,-2.993780718577166
2023-10-14,0.0
2023-10-15,0.0
2023-10-16,1.115006015531006
2023-10-17,0.3662602163188033
2023-10-18,-4.775363208267336
2023-10-19,-9.300310180733772
2023-10-20,-3.689062330049176
2023-10-21,0.0
2023-10-22,0.0
2023-10-23,0.042453104183493
2023-10-24,2.0935507370200668
2023-10-25,-1.8935922882932776
2023-10-26,-3.1352997455599274
2023-10-27,0.7484489628865498
2023-10-28,0.0
2023-10-29,0.0
2023-10-30,-4.794984223383947
2023-10-31,1.7632730628176496
2023-11-01,2.3999240251476373
2023-11-02,6.248172039245215
2023-11-03,0.6635907937775576
2023-11-04,0.0
2023-11-05,0.0
2023-11-06,-0.3136944991567802
2023-11-07,1.3271256198382986
2023-11-08,-0.0315024159406651
2023-11-09,-5.461260118625755
2023-11-10,2.2240205086035747
2023-11-11,0.0
2023-11-12,0.0
2023-11-13,4.220830689495392
2023-11-14,6.123998273248876
2023-11-15,2.287179390936478
2023-11-16,-3.8090924639652135
2023-11-17,0.3039542467563993
2023-11-18,0.0
2023-11-19,0.0
2023-11-20,0.5548455120893081
2023-11-21,2.376906069461704
2023-11-22,-2.8980059381488954
2023-11-23,0.0
2023-11-24,0.529435207219775
2023-11-25,0.0
2023-11-26,0.0
2023-11-27,0.2675748103538877
2023-11-28,4.506946504203557
2023-11-29,-1.0457205813430348
2023-11-30,-1.6629792613843564
2023-12-01,-0.5206597761023168
2023-12-02,0.0
2023-12-03,0.0
2023-12-04,-1.360800559009756
2023-12-05,1.3328802806870987
2023-12-06,0.2722829646282676
2023-12-07,1.366087788429815
2023-12-08,0.4945585852541789
2023-12-09,0.0
2023-12-10,0.0
2023-12-11,-1.681426716823431
2023-12-12,-1.1387381846063915
2023-12-13,0.9619842336358042
2023-12-14,4.914543063053567
2023-12-15,0.9758999874367902
2023-12-16,0.0
2023-12-17,0.0
2023-12-18,-0.5601570686174839
2023-12-19,2.03903496997484
2023-12-20,-3.918825045959673
2023-12-21,2.9780693649462897
2023-12-22,-0.7701401626197146
2023-12-23,0.0
2023-12-24,0.0
2023-12-25,0.0
2023-12-26,1.6116227819877649
2023-12-27,1.8822405072142836
2023-12-28,-3.1594284304201747
2023-12-29,-1.856385608740008
2023-12-30,0.0
2023-12-31,0.0
2024-01-01,0.0
2024-01-02,-0.0241458304995778
2024-01-03,-4.013364984377277
2024-01-04,-0.2180768627033424
2024-01-05,-0.1849229589212409
2024-01-06,0.0
2024-01-07,0.0
2024-01-08,1.2463646412957274
2024-01-09,-2.283214932024613
2024-01-10,-0.4341182513256769
2024-01-11,-2.8725319101363445
2024-01-12,-3.6660513098772496
2024-01-13,0.0
2024-01-14,0.0
2024-01-15,0.0
2024-01-16,0.4659894354722027
2024-01-17,-1.9826295019532925
2024-01-18,-1.7026203279913998
2024-01-19,0.1463080760099044
2024-01-20,0.0
2024-01-21,0.0
2024-01-22,-1.5976244642273096
2024-01-23,0.1628334927784136
2024-01-24,-0.6263735117226887
2024-01-25,-12.125293136804816
2024-01-26,0.3394815203478396
2024-01-27,0.0
2024-01-28,0.0
2024-01-29,4.190991910385411
2024-01-30,0.3456783572134414
2024-01-31,-2.244377647032414
2024-02-01,0.8382761388752824
2024-02-02,-0.5030164911426827
2024-02-03,0.0
2024-02-04,0.0
2024-02-05,-3.645365318513305
2024-02-06,2.23130928940527
2024-02-07,1.33981396313525
2024-02-08,1.055547344179231
2024-02-09,2.115430374167171
2024-02-10,0.0
2024-02-11,0.0
2024-02-12,-2.810353998847848
2024-02-13,-2.1846598116614824
2024-02-14,2.548637285358524
2024-02-15,6.221180550417671
2024-02-16,-0.2494387665813224
2024-02-17,0.0
2024-02-18,0.0
2024-02-19,0.0
2024-02-20,-3.095775211743823
2024-02-21,0.5212684735028228
2024-02-22,1.3554445406056326
2024-02-23,-2.7556873210526023
2024-02-24,0.0
2024-02-25,0.0
2024-02-26,3.870392576202164
2024-02-27,0.1654974128163511
2024-02-28,1.156560160219966
2024-02-29,-0.0791865019980186
2024-03-01,0.3764585340074067
2024-03-02,0.0
2024-03-03,0.0
2024-03-04,-7.155546804023882
2024-03-05,-3.933237971984116
2024-03-06,-2.323786698783814
2024-03-07,1.195196947204891
2024-03-08,-1.8527834714126332
2024-03-09,0.0
2024-03-10,0.0
2024-03-11,1.3858834181150304
2024-03-12,-0.1293868373742013
2024-03-13,-4.539820808488959
2024-03-14,-4.118477639544138
2024-03-15,0.6584660456730784
2024-03-16,0.0
2024-03-17,0.0
2024-03-18,6.254200201423088
2024-03-19,-1.426925019558556
2024-03-20,2.5332688257929448
2024-03-21,-1.6167575308454918
2024-03-22,-1.151490226146512
2024-03-23,0.0
2024-03-24,0.0
2024-03-25,1.0536808713131895
2024-03-26,2.9195349264770964
2024-03-27,1.215739114296288
2024-03-28,-2.2465709302040398
2024-03-29,0.0
2024-03-30,0.0
2024-03-31,0.0
2024-04-01,-0.3242460249155976
2024-04-02,-4.902406276707449
2024-04-03,1.050231020055925
2024-04-04,1.6213301154368365
2024-04-05,-3.62924825651102
2024-04-06,0.0
2024-04-07,0.0
2024-04-08,4.899940648952894
2024-04-09,2.254601255405486
2024-04-10,-2.8946236061948905
2024-04-11,1.653476762638495
2024-04-12,-2.0332204625772565
2024-04-13,0.0
2024-04-14,0.0
2024-04-15,-5.594859487563397
2024-04-16,-2.7062145360474688
2024-04-17,-1.0565868854054306
2024-04-18,-3.550983840996058
2024-04-19,-1.92088959161848
2024-04-20,0.0
2024-04-21,0.0
2024-04-22,-3.400203941675628
2024-04-23,1.8514534090260824
2024-04-24,12.061109407252758
2024-04-25,4.965143743002587
2024-04-26,-1.1105884774887609
2024-04-27,0.0
2024-04-28,0.0
2024-04-29,15.306917103399533
2024-04-30,-5.550118063944742
2024-05-01,-1.7950640048260635
2024-05-02,0.0111056242356966
2024-05-03,0.6555235656792835
2024-05-04,0.0
2024-05-05,0.0
2024-05-06,1.970303006416807
2024-05-07,-3.761635178001199
2024-05-08,-1.7378079862311324
2024-05-09,-1.573946875450305
2024-05-10,-2.035238689978358
2024-05-11,0.0
2024-05-12,0.0
2024-05-13,2.030033919489904
2024-05-14,3.292805679333921
2024-05-15,-2.005067585133169
2024-05-16,0.4885285464054867
2024-05-17,1.4985188920464187
2024-05-18,0.0
2024-05-19,0.0
2024-05-20,-1.4144086952910362
2024-05-21,6.65905079079252
2024-05-22,-3.478030697149992
2024-05-23,-3.5367248323807887
2024-05-24,3.165649721483632
2024-05-25,0.0
2024-05-26,0.0
2024-05-27,0.0
2024-05-28,-1.389201861667555
2024-05-29,-0.3168303018918017
2024-05-30,1.4756744473008343
2024-05-31,-0.3971091681523098
2024-06-01,0.0
2024-06-02,0.0
2024-06-03,-1.00517100545634
2024-06-04,-0.8622094682395387
2024-06-05,0.1315990856076698
2024-06-06,1.6800013950892811
2024-06-07,-0.2585178754387573
2024-06-08,0.0
2024-06-09,0.0
2024-06-10,-2.0791089307163446
2024-06-11,-1.8010183238054034
2024-06-12,3.884911216309472
2024-06-13,2.9217711832219218
2024-06-14,-2.4442410719736185
2024-06-15,0.0
2024-06-16,0.0
2024-06-17,5.2974598199923895
2024-06-18,-1.3764414198944364
2024-06-19,0.0
2024-06-20,-1.7797215597047944
2024-06-21,0.7930754665036233
2024-06-22,0.0
2024-06-23,0.0
2024-06-24,-0.2349558432259368
2024-06-25,2.6125557150967094
2024-06-26,4.81451226037759
2024-06-27,0.5347064612041263
2024-06-28,0.2330091774560339
2024-06-29,0.0
2024-06-30,0.0
2024-07-01,6.054171938510833
2024-07-02,10.197271435359356
2024-07-03,6.542422054051045
2024-07-04,0.0
2024-07-05,2.082067005771493
2024-07-06,0.0
2024-07-07,0.0
2024-07-08,0.5645666924397386
2024-07-09,3.712336538398886
2024-07-10,0.3545241645880992
2024-07-11,-8.444127539962887
2024-07-12,2.9871787680814554
2024-07-13,0.0
2024-07-14,0.0
2024-07-15,1.776579679334911
2024-07-16,1.551614225148645
2024-07-17,-3.1415644041518758
2024-07-18,0.2937608561525362
2024-07-19,-4.02439471622098
2024-07-20,0.0
2024-07-21,0.0
2024-07-22,5.146320115237035
2024-07-23,-2.0396762498772314
2024-07-24,-12.334604589403686
2024-07-25,1.9723109396238887
2024-07-26,-0.204311894775111
2024-07-27,0.0
2024-07-28,0.0
2024-07-29,5.595997671056185
2024-07-30,-4.084450985365362
2024-07-31,4.244907202543402
2024-08-01,-6.554059651757438
2024-08-02,-4.237758192170549
2024-08-03,0.0
2024-08-04,0.0
2024-08-05,-4.232673647438423
2024-08-06,0.8849529684359148
2024-08-07,-4.425839767656326
2024-08-08,3.692116204562312
2024-08-09,0.5833854775063152
2024-08-10,0.0
2024-08-11,0.0
2024-08-12,-1.2549972534179554
2024-08-13,5.235706137163732
2024-08-14,-3.10349655555765
2024-08-15,6.336276788880446
2024-08-16,0.9246267550119258
2024-08-17,0.0
2024-08-18,0.0
2024-08-19,3.0538618603692225
2024-08-20,-0.7273684933138069
2024-08-21,0.9814554993405888
2024-08-22,-5.6478704568676985
2024-08-23,4.58558981020607
2024-08-24,0.0
2024-08-25,0.0
2024-08-26,-3.22712435275504
2024-08-27,-1.8760845523390857
2024-08-28,-1.653843794670573
2024-08-29,0.2575935743848623
2024-08-30,3.795812428442069
2024-08-31,0.0
2024-09-01,0.0
2024-09-02,0.0
2024-09-03,-1.6393416920415849
2024-09-04,4.183284569452206
2024-09-05,4.904058305110981
2024-09-06,-8.445932396079382
2024-09-07,0.0
2024-09-08,0.0
2024-09-09,2.6289605928169646
2024-09-10,4.577608406578748
2024-09-11,0.8666077418469476
2024-09-12,0.7364189890953776
2024-09-13,0.2088663385572342
2024-09-14,0.0
2024-09-15,0.0
2024-09-16,-1.5241628421408635
2024-09-17,0.4806404196833203
2024-09-18,-0.2940264990135111
2024-09-19,7.359155565707187
2024-09-20,-2.324531900421767
2024-09-21,0.0
2024-09-22,0.0
2024-09-23,4.931794333683115
2024-09-24,1.7080017089843746
2024-09-25,1.081521490936166
2024-09-26,-1.089404681602335
2024-09-27,2.4545630573566517
2024-09-28,0.0
2024-09-29,0.0
2024-09-30,0.4492104223754234
2024-10-01,-1.379817223470836
2024-10-02,-3.488095932262858
2024-10-03,-3.357160254966751
2024-10-04,3.914235030998836
2024-10-05,0.0
2024-10-06,0.0
2024-10-07,-3.698816351676526
2024-10-08,1.5238957526229946
2024-10-09,-1.4110416966225725
2024-10-10,-0.9458613360014524
2024-10-11,-8.782510719719294
2024-10-12,0.0
2024-10-13,0.0
2024-10-14,0.6244263504570968
2024-10-15,0.1870796017787723
2024-10-16,0.8015641700267029
2024-10-17,-0.1987992760882462
2024-10-18,-0.0860167694016311
2024-10-19,0.0
2024-10-20,0.0
2024-10-21,-0.8382378207102748
2024-10-22,-0.4021041161845984
2024-10-23,-1.9819274670942244
2024-10-24,21.91903507029041
2024-10-25,3.343823359841336
2024-10-26,0.0
2024-10-27,0.0
2024-10-28,-2.4815158866218545
2024-10-29,-1.139012091242797
2024-10-30,-0.7590942139718337
2024-10-31,-2.9897037679701866
2024-11-01,-0.3482130697311736
2024-11-02,0.0
2024-11-03,0.0
2024-11-04,-2.466061328223101
2024-11-05,3.541429020427689
2024-11-06,14.751032444224466
2024-11-07,2.904379065700735
2024-11-08,8.187665372925302
2024-11-09,0.0
2024-11-10,0.0
2024-11-11,8.959591143118995
2024-11-12,-6.145717075892854
2024-11-13,0.5327407385385952
2024-11-14,-5.771559508909463
2024-11-15,3.0657525449785616
2024-11-16,0.0
2024-11-17,0.0
2024-11-18,5.618604684798378
2024-11-19,2.1432396454288627
2024-11-20,-1.1473991967350106
2024-11-21,-0.6987644766217049
2024-11-22,3.804022598317736
2024-11-23,0.0
2024-11-24,0.0
2024-11-25,-3.962446482142756
2024-11-26,-0.1063189566898104
2024-11-27,-1.5788061864523528
2024-11-28,0.0
2024-11-29,3.685898787510977
2024-11-30,0.0
2024-12-01,0.0
2024-12-02,3.4563659025395044
2024-12-03,-1.5878302299992542
2024-12-04,1.8524782309774723
2024-12-05,3.2296811653515167
2024-12-06,5.3397958017247005
2024-12-07,0.0
2024-12-08,0.0
2024-12-09,0.1464486209421522
2024-12-10,2.873337295448497
2024-12-11,5.930322291934931
2024-12-12,-1.5702575706076027
2024-12-13,4.336284290396253
2024-12-14,0.0
2024-12-15,0.0
2024-12-16,6.141250567967771
2024-12-17,3.636991217973829
2024-12-18,-8.27949436951747
2024-12-19,-0.8997322180141931
2024-12-20,-3.4642491239586515
2024-12-21,0.0
2024-12-22,0.0
2024-12-23,2.265712392589436
2024-12-24,7.357174228224572
2024-12-25,0.0
2024-12-26,-1.7629994630971146
2024-12-27,-4.947922616674816
2024-12-28,0.0
2024-12-29,0.0
2024-12-30,-3.301209257078741
2024-12-31,-3.2510019417751117
2025-01-01,0.0
2025-01-02,-6.081615932376483
2025-01-03,8.215567328200034
2025-01-04,0.0
2025-01-05,0.0
2025-01-06,0.1486174222624869
2025-01-07,-4.060334007311162
2025-01-08,0.1470780787576009
2025-01-09,0.0
2025-01-10,-0.0506436941800969
2025-01-11,0.0
2025-01-12,0.0
2025-01-13,2.1710512074366584
2025-01-14,-1.7232432245921523
2025-01-15,8.038151439752795
2025-01-16,-3.362756026209668
2025-01-17,3.0641323404759118
2025-01-18,0.0
2025-01-19,0.0
2025-01-20,0.0
2025-01-21,-0.5697520927974709
2025-01-22,-2.112863871036752
2025-01-23,-0.6576523247056931
2025-01-24,-1.406474184458839
2025-01-25,0.0
2025-01-26,0.0
2025-01-27,-2.3193450212053546
2025-01-28,0.2366870089015371
2025-01-29,-2.258280870425211
2025-01-30,2.873295425445699
2025-01-31,1.0792463618949588
2025-02-01,0.0
2025-02-02,0.0
2025-02-03,-5.1705420445253285
2025-02-04,2.223206563315605
2025-02-05,-3.5797094243459227
2025-02-06,-1.0180622383618163
2025-02-07,-3.392822173149601
2025-02-08,0.0
2025-02-09,0.0
2025-02-10,-3.011444134147045
2025-02-11,-6.338211812502892
2025-02-12,2.43835913717656
2025-02-13,5.773971683431944
2025-02-14,-0.0280963372561893
2025-02-15,0.0
2025-02-16,0.0
2025-02-17,0.0
2025-02-18,-0.4861766535893763
2025-02-19,1.8214714280444968
2025-02-20,-1.708454543992588
2025-02-21,-4.683974714842765
2025-02-22,0.0
2025-02-23,0.0
2025-02-24,-2.152157867491556
2025-02-25,-8.38955952220366
2025-02-26,-3.963012048799908
2025-02-27,-3.043320480549028
2025-02-28,3.912040539724382
2025-03-01,0.0
2025-03-02,0.0
2025-03-03,-2.843203214376444
2025-03-04,-4.429996705409467
2025-03-05,2.5952056083059283
2025-03-06,-5.60730689868919
2025-03-07,-0.2960708837181247
2025-03-08,0.0
2025-03-09,0.0
2025-03-10,-15.426206822195107
2025-03-11,3.7947369642955975
2025-03-12,7.593891216839133
2025-03-13,-2.986820819658209
2025-03-14,3.864053238644472
2025-03-15,0.0
2025-03-16,0.0
2025-03-17,-4.7883836408052165
2025-03-18,-5.335909096824709
2025-03-19,4.682438935722
2025-03-20,0.169589542715709
2025-03-21,5.269623506518362
2025-03-22,0.0
2025-03-23,0.0
2025-03-24,11.933580126800525
2025-03-25,3.5022807884516727
2025-03-26,-5.580626179068949
2025-03-27,0.3932982922226102
2025-03-28,-3.507493471452938
2025-03-29,0.0
2025-03-30,0.0
2025-03-31,-1.6657121359109794
2025-04-01,3.5885119854736525
2025-04-02,5.326685079977622
2025-04-03,-5.474611137253548
2025-04-04,-10.41978682681468
2025-04-05,0.0
2025-04-06,0.0
2025-04-07,-2.5644236634809525
2025-04-08,-4.899478333715845
2025-04-09,22.689989839624516
2025-04-10,-7.274069589492615
2025-04-11,-0.0356562361596535
2025-04-12,0.0
2025-04-13,0.0
2025-04-14,0.0158569003642305
2025-04-15,0.6974418324816822
2025-04-16,-4.94274035985427
2025-04-17,-0.0745220170962901
2025-04-18,0.0
2025-04-19,0.0
2025-04-20,0.0
2025-04-21,-5.746362595919797
2025-04-22,4.602198338770602
2025-04-23,5.366224400956132
2025-04-24,3.49764859229853
2025-04-25,9.803091011549904
2025-04-26,0.0
2025-04-27,0.0
2025-04-28,0.3263704635694253
2025-04-29,2.1512501019458785
2025-04-30,-3.3797880897321053
2025-05-01,-0.5812356915055328
2025-05-02,2.3848576584252656
2025-05-03,0.0
2025-05-04,0.0
2025-05-05,-2.4198258752220814
2025-05-06,-1.7519458684867262
2025-05-07,0.3159597232260225
2025-05-08,3.1134624811778533
2025-05-09,4.718770485146129
2025-05-10,0.0
2025-05-11,0.0
2025-05-12,6.745790403815088
2025-05-13,4.928074062685361
2025-05-14,4.073991993646375
2025-05-15,-1.3978329078298546
2025-05-16,2.08856061756566
2025-05-17,0.0
2025-05-18,0.0
2025-05-19,-2.254418652711488
2025-05-20,0.5057180873010214
2025-05-21,-2.6758222357769146
2025-05-22,1.9185982671137136
2025-05-23,-0.4984788190348976
2025-05-24,0.0
2025-05-25,0.0
2025-05-26,0.0
2025-05-27,6.939947711644767
2025-05-28,-1.650643586254685
2025-05-29,0.4286911755287503
2025-05-30,-3.3395646193957407
2025-05-31,0.0
2025-06-01,0.0
2025-06-02,-1.088145559849063
2025-06-03,0.4610541775392995
2025-06-04,-3.5495400733921767
2025-06-05,-14.259893789082124
2025-06-06,3.6670186138995975
2025-06-07,0.0
2025-06-08,0.0
2025-06-09,4.553761352840424
2025-06-10,5.674382827003055
2025-06-11,0.104264571654733
2025-06-12,-2.242443246166159
2025-06-13,1.9429076154419576
2025-06-14,0.0
2025-06-15,0.0
2025-06-16,1.1742668079331775
2025-06-17,-3.882963749794621
2025-06-18,1.80179597897272
2025-06-19,0.0
2025-06-20,0.0341611157617327
2025-06-21,0.0
2025-06-22,0.0
2025-06-23,8.231930938729072
2025-06-24,-2.354592069385564
2025-06-25,-3.7947582404945
2025-06-26,-0.5403721812350049
2025-06-27,-0.6599526995335614
2025-06-28,0.0
2025-06-29,0.0
2025-06-30,-1.8446995428822777
2025-07-01,-5.335897504131726
2025-07-02,4.968242780731846
2025-07-03,-0.0950381114428688
2025-07-04,0.0
2025-07-05,0.0
2025-07-06,0.0
2025-07-07,-6.789282780315342
2025-07-08,1.3165935514200422
